rowId,name,sourcesChecked,overallVerdict,worstFact,facts,gateFailures
65537,A Good Adventurer Is Hard to Find,lodestone;wiki,notModeled,prereqs,20,0
65539,Way of the Botanist,lodestone;wiki,notModeled,prereqs,20,0
65540,Sap for Smiles,lodestone;wiki,notModeled,prereqs,20,0
65541,Weapons of a Feather,lodestone;wiki,notModeled,prereqs,20,0
65542,Haste Makes Waste,lodestone;wiki,notModeled,prereqs,20,0
65543,Dressed to Harvest,lodestone;wiki,notModeled,prereqs,20,0
65544,Aromatic Aspirations,lodestone;wiki,notModeled,prereqs,20,0
65545,What Nature Giveth,lodestone;wiki,notModeled,prereqs,20,0
65546,A Feast to Say the Least,lodestone;wiki,notModeled,prereqs,20,0
65547,Crisis of Faith,lodestone;wiki,notModeled,prereqs,20,0
65548,Botanist in a Bind,lodestone;wiki,notModeled,prereqs,20,0
65549,Seeds of Hope,lodestone;wiki,notModeled,prereqs,20,0
65550,Leves of Wineport,lodestone;wiki,notModeled,prereqs,20,0
65551,Leves of Camp Bluefog,lodestone;wiki,notModeled,prereqs,20,0
65552,Leves of the Observatorium,lodestone;wiki,notModeled,prereqs,20,0
65553,Leves of Whitebrim,lodestone;wiki,notModeled,prereqs,20,0
65554,Leves of Saint Coinach's Find,lodestone;wiki,notModeled,prereqs,20,0
65556,Incense and Sensibility,lodestone;wiki,notModeled,prereqs,20,0
65557,Way of the Archer,lodestone;wiki,ambiguous,prereqs,20,0
65558,Way of the Conjurer,lodestone;wiki,ambiguous,prereqs,20,0
65559,Way of the Lancer,lodestone;wiki,ambiguous,prereqs,20,0
65560,Coarse Correspondence,lodestone;wiki,notModeled,prereqs,20,0
65561,Quarrels with Squirrels,lodestone;wiki,notModeled,prereqs,20,0
65562,"Once Bitten, Twice Shy",lodestone;wiki,notModeled,prereqs,20,0
65563,Preserving the Past,lodestone;wiki,notModeled,prereqs,20,0
65564,To the Bannock,lodestone;wiki,notModeled,prereqs,20,0
65567,Essential Oil,lodestone;wiki,notModeled,prereqs,20,0
65568,A Hard Nut to Crack,lodestone;wiki,notModeled,prereqs,20,0
65569,"Sweet Words, Shadowy Dealings",lodestone;wiki,notModeled,prereqs,20,0
65570,Derision of Labor,lodestone;wiki,notModeled,prereqs,20,0
65571,Courage of Stone,lodestone;wiki,ambiguous,listed,13,0
65572,Sudul Eht Nioj,lodestone;wiki,notModeled,prereqs,20,0
65573,Population Control,lodestone;wiki,notModeled,prereqs,20,0
65574,Parsemontrenomics,lodestone;wiki,notModeled,prereqs,20,0
65575,Coming to Gridania,lodestone;wiki,sourceWrong,rewards,20,0
65576,For Friendship,lodestone;wiki,notModeled,prereqs,20,0
65577,Covered in Roses,lodestone;wiki,notModeled,prereqs,20,0
65578,Sylphic Gratitude,lodestone;wiki,notModeled,prereqs,20,0
65579,Fragments of Truth,garland;lodestone;wiki,notModeled,dutyUnlock,22,0
65580,Alisaie's Path,lodestone;wiki,notModeled,prereqs,21,0
65581,Toll Booty,lodestone;wiki,notModeled,prereqs,20,0
65582,A Matter of Perspective,lodestone;wiki,notModeled,prereqs,20,0
65583,Spear of the Fearless,lodestone;wiki,notModeled,prereqs,20,0
65584,Trial by Earth,lodestone;wiki,notModeled,prereqs,20,0
65585,"I Am Millicent, Hear Me Roar",lodestone;wiki,notModeled,prereqs,20,0
65586,Li'l Rascals,lodestone;wiki,notModeled,prereqs,20,0
65587,Skin in the Game,lodestone;wiki,notModeled,prereqs,20,0
65588,Traitor in the Midst,lodestone;wiki,notModeled,prereqs,20,0
65589,Back and Fourth,lodestone;wiki,notModeled,prereqs,20,0
65590,Coming to Terms,lodestone;wiki,notModeled,prereqs,20,0
65591,A Dangerous Proposition,lodestone;wiki,notModeled,prereqs,20,0
65592,Lance of Destiny,lodestone;wiki,notModeled,prereqs,20,0
65593,The Intercession of Saints,lodestone;wiki,notModeled,prereqs,20,0
65594,Simply the Hest,lodestone;wiki,notModeled,prereqs,21,0
65595,Simply the Hest,lodestone;wiki,notModeled,prereqs,21,0
65596,Simply the Hest,lodestone;wiki,notModeled,prereqs,21,0
65597,Toadskins of the Father,lodestone;wiki,notModeled,prereqs,20,0
65598,Strength in Unity,lodestone;wiki,notModeled,prereqs,20,0
65599,Lead by Example,lodestone;wiki,notModeled,prereqs,20,0
65600,Brand Loyalty,lodestone;wiki,notModeled,prereqs,20,0
65601,Dissension in the Ranks,lodestone;wiki,notModeled,prereqs,20,0
65602,Accept No Imitations,lodestone;wiki,notModeled,prereqs,20,0
65603,School of Hard Nocks,lodestone;wiki,notModeled,prereqs,20,0
65604,Violators Will Be Shot,lodestone;wiki,notModeled,prereqs,20,0
65605,"Dark Words, Dark Deeds",lodestone;wiki,notModeled,prereqs,20,0
65606,To Catch a Poacher,lodestone;wiki,notModeled,prereqs,20,0
65607,Homecoming,lodestone;wiki,notModeled,prereqs,20,0
65610,First Blood,lodestone;wiki,notModeled,prereqs,20,0
65611,The Path of the Righteous,garland;lodestone;wiki,notModeled,prereqs,22,0
65612,The One That Got Away,lodestone;wiki,notModeled,prereqs,20,0
65613,For the Greater Good,lodestone;wiki,notModeled,prereqs,20,0
65614,Tendrils of Intrigue,lodestone;wiki,notModeled,prereqs,20,0
65615,Chasing Ivy,lodestone;wiki,ambiguous,listed,2,0
65616,Doman Connection,lodestone;wiki,notModeled,listed,9,0
65617,In Flagrante Delicto,lodestone;wiki,ambiguous,listed,2,0
65618,A Simple Plan,lodestone;wiki,notModeled,prereqs,20,0
65620,The Instruments of Our Deliverance,garland;lodestone;wiki,notModeled,prereqs,22,0
65621,Close to Home,lodestone;wiki,notModeled,prereqs,20,0
65622,The Road Less Traveled,lodestone;wiki,notModeled,prereqs,20,0
65623,Eyes Unclouded,lodestone;wiki,notModeled,prereqs,20,0
65624,The Reason Roaille,lodestone;wiki,notModeled,prereqs,20,0
65625,Let Us Cling Together,lodestone;wiki,notModeled,prereqs,20,0
65626,Drop Dead Shiva,garland;lodestone;wiki,notModeled,prereqs,22,0
65627,Trial by Wind,lodestone;wiki,ambiguous,listed,13,0
65628,Trial by Water,lodestone;wiki,notModeled,prereqs,20,0
65629,Sylphie's Trials,lodestone;wiki,notModeled,prereqs,20,0
65630,It's Definitely Pirates,garland;lodestone;wiki,notModeled,prereqs,22,0
65631,Hematophagic Harassment,lodestone;wiki,notModeled,prereqs,20,0
65632,The Wrath of Qarn,garland;lodestone;wiki,notModeled,prereqs,23,0
65633,Harriers of the Hedgetree,lodestone;wiki,notModeled,prereqs,20,0
65634,"Drink Your Beans, Dear",lodestone;wiki,notModeled,prereqs,20,0
65635,The Kindness of Strangers,lodestone;wiki,notModeled,prereqs,20,0
65636,Short Arms of the Law,lodestone;wiki,notModeled,prereqs,20,0
65637,So You Want to Be a Rogue,lodestone;wiki,notModeled,listed,9,0
65638,My First Daggers,lodestone;wiki,notModeled,prereqs,20,0
65639,Death to the Bean Thieves,lodestone;wiki,notModeled,prereqs,20,0
65640,Stabbers in Yer Fambles,lodestone;wiki,notModeled,prereqs,20,0
65641,Way of the Leatherworker,lodestone;wiki,notModeled,prereqs,20,0
65642,A Test of Technique,lodestone;wiki,notModeled,prereqs,20,0
65643,Coming to Limsa Lominsa,lodestone;wiki,sourceWrong,rewards,20,0
65644,Close to Home,lodestone;wiki,notModeled,prereqs,20,0
65645,Close to Home,lodestone;wiki,ambiguous,listed,13,0
65646,A Dainty Dilemma,lodestone;wiki,notModeled,prereqs,20,0
65647,Making a Name,lodestone;wiki,notModeled,prereqs,20,0
65648,Suspiciously Sober,lodestone;wiki,notModeled,prereqs,20,0
65649,Proper Procedure,lodestone;wiki,notModeled,prereqs,20,0
65650,The Right Price,lodestone;wiki,notModeled,prereqs,20,0
65651,Duty Calls,lodestone;wiki,notModeled,prereqs,20,0
65652,A Sheepish Request,lodestone;wiki,notModeled,prereqs,20,0
65653,A Thousand Words,lodestone;wiki,notModeled,prereqs,20,0
65654,Licensed to Reave,lodestone;wiki,notModeled,prereqs,20,0
65655,Lost and Found,lodestone;wiki,notModeled,prereqs,20,0
65656,I Stay the Streetlight,lodestone;wiki,notModeled,prereqs,20,0
65657,Back in the Water,lodestone;wiki,notModeled,prereqs,20,0
65658,Glory Days,lodestone;wiki,notModeled,prereqs,20,0
65659,Close to Home,lodestone;wiki,ambiguous,listed,13,0
65660,Close to Home,lodestone;wiki,ambiguous,listed,13,0
65661,A Soldier's Breakfast,lodestone;wiki,ambiguous,listed,2,0
65662,Stray into the Shadows,lodestone;wiki,notModeled,prereqs,20,0
65663,Parasite Cleave,lodestone;wiki,notModeled,prereqs,20,0
65664,Eggs over Queasy,lodestone;wiki,ambiguous,listed,2,0
65665,Spirithold Broken,lodestone;wiki,notModeled,prereqs,20,0
65666,Soil Despoilers,lodestone;wiki,notModeled,prereqs,20,0
65667,Way of the Archer,lodestone;wiki,ambiguous,listed,13,0
65668,Way of the Lancer,lodestone;wiki,ambiguous,listed,13,0
65669,Way of the Conjurer,lodestone;wiki,ambiguous,listed,13,0
65670,Training with Leih,lodestone;wiki,notModeled,expansion,20,0
65671,Geva's Gambit,lodestone;wiki,notModeled,prereqs,20,0
65672,Working Hells for Leather,lodestone;wiki,notModeled,prereqs,20,0
65673,Aldgoat Everything,lodestone;wiki,notModeled,prereqs,20,0
65674,Way of the Carpenter,lodestone;wiki,notModeled,prereqs,20,0
65675,To Be the Wood,lodestone;wiki,notModeled,prereqs,20,0
65676,Supplies for the Sick,lodestone;wiki,notModeled,prereqs,20,0
65677,A Carpenter in Need,lodestone;wiki,notModeled,prereqs,20,0
65678,The Lance's Lesson,lodestone;wiki,notModeled,prereqs,20,0
65679,Courage of Stone,lodestone;wiki,ambiguous,rewards,20,0
65680,Stifled Screams,lodestone;wiki,notModeled,prereqs,20,0
65681,Slave to the Code,lodestone;wiki,notModeled,prereqs,20,0
65682,Grinners in the Mist,lodestone;wiki,notModeled,prereqs,20,0
65683,Trial by Wind,lodestone;wiki,notModeled,prereqs,20,0
65684,Sweet Sorrows,lodestone;wiki,notModeled,prereqs,20,0
65685,Due Diligence,lodestone;wiki,notModeled,prereqs,20,0
65686,Motivational Speaking,lodestone;wiki,notModeled,prereqs,20,0
65687,Gil for Gold,lodestone;wiki,notModeled,prereqs,20,0
65688,Gone to Pieces,lodestone;wiki,notModeled,prereqs,20,0
65689,Unholy Matrimony,lodestone;wiki,notModeled,prereqs,20,0
65690,Market for Death,lodestone;wiki,notModeled,prereqs,20,0
65691,Cloying Victory,lodestone;wiki,notModeled,prereqs,20,0
65692,Ruffled Feathers,lodestone;wiki,notModeled,listed,9,0
65693,Extending Fences,lodestone;wiki,notModeled,prereqs,20,0
65694,Sting in a Bottle,lodestone;wiki,notModeled,prereqs,20,0
65695,Lights Out,lodestone;wiki,notModeled,listed,9,0
65696,Slimy Hollows,lodestone;wiki,notModeled,prereqs,20,0
65697,Leia's Legacy,lodestone;wiki,notModeled,prereqs,20,0
65698,A Sight to Behold,lodestone;wiki,notModeled,prereqs,20,0
65699,Tougher than Leather,lodestone;wiki,notModeled,prereqs,20,0
65700,Magiteknical Difficulties,lodestone;wiki,notModeled,prereqs,20,0
65701,The Great Gladiator,lodestone;wiki,notModeled,prereqs,20,0
65702,Eight-armed and Dangerous,lodestone;wiki,notModeled,prereqs,20,0
65703,With Open Arms,lodestone;wiki,notModeled,prereqs,20,0
65704,A Crisis of Confidence,lodestone;wiki,notModeled,prereqs,20,0
65705,Between Captain and Conjurer,lodestone;wiki,notModeled,prereqs,20,0
65706,Jumping at Shadows,lodestone;wiki,notModeled,prereqs,20,0
65707,The Valued Vilekin,lodestone;wiki,notModeled,prereqs,20,0
65708,More than a Flesh Wound,lodestone;wiki,notModeled,prereqs,20,0
65709,The Nose Knows,lodestone;wiki,notModeled,prereqs,20,0
65710,No Quarter Given,lodestone;wiki,notModeled,prereqs,20,0
65711,Surveying the Damage,lodestone;wiki,notModeled,prereqs,20,0
65712,On to Bentbranch,lodestone;wiki,notModeled,prereqs,20,0
65713,So You Want to Be a Gladiator,lodestone;wiki,notModeled,listed,9,0
65714,So You Want to Be a Pugilist,lodestone;wiki,notModeled,listed,9,0
65715,So You Want to Be a Marauder,lodestone;wiki,notModeled,listed,9,0
65716,So You Want to Be a Lancer,lodestone;wiki,notModeled,listed,9,0
65717,So You Want to Be an Archer,lodestone;wiki,notModeled,listed,9,0
65718,So You Want to Be a Conjurer,lodestone;wiki,notModeled,listed,9,0
65719,So You Want to Be a Thaumaturge,lodestone;wiki,notModeled,listed,9,0
65720,So You Want to Be a Carpenter,lodestone;wiki,notModeled,listed,9,0
65721,So You Want to Be a Blacksmith,lodestone;wiki,notModeled,listed,9,0
65722,So You Want to Be an Armorer,lodestone;wiki,notModeled,listed,9,0
65723,So You Want to Be a Goldsmith,lodestone;wiki,notModeled,listed,9,0
65724,So You Want to Be a Leatherworker,lodestone;wiki,notModeled,listed,9,0
65725,So You Want to Be a Weaver,lodestone;wiki,notModeled,listed,9,0
65726,So You Want to Be an Alchemist,lodestone;wiki,notModeled,listed,9,0
65727,So You Want to Be a Culinarian,lodestone;wiki,notModeled,listed,9,0
65728,So You Want to Be a Miner,lodestone;wiki,notModeled,listed,9,0
65729,So You Want to Be a Botanist,lodestone;wiki,notModeled,listed,9,0
65730,Unicorn Power,lodestone;wiki,notModeled,prereqs,20,0
65731,A Glim Harvest,lodestone;wiki,notModeled,prereqs,20,0
65732,An Eft for Effort,lodestone;wiki,notModeled,listed,9,0
65733,Splitting Shells,lodestone;wiki,notModeled,prereqs,20,0
65734,Butcher of Greentear,lodestone;wiki,notModeled,listed,9,0
65735,A Clear Sign,lodestone;wiki,notModeled,prereqs,20,0
65737,Passing Muster,lodestone;wiki,notModeled,prereqs,20,0
65738,What Price Victory,lodestone;wiki,notModeled,prereqs,20,0
65739,The Trouble with Truffles,lodestone;wiki,notModeled,prereqs,20,0
65740,The Coliseum Conundrum,garland;lodestone;wiki,notModeled,prereqs,22,0
65741,My First Saw,lodestone;wiki,notModeled,prereqs,20,0
65742,"Mmmmmm, Soulglazed Relics",lodestone;wiki,notModeled,prereqs,20,0
65744,My First Hatchet,lodestone;wiki,notModeled,prereqs,20,0
65745,My First Head Knife,lodestone;wiki,notModeled,prereqs,20,0
65746,Idle Initiatives,lodestone;wiki,notModeled,prereqs,20,0
65747,My First Cane,lodestone;wiki,notModeled,prereqs,20,0
65748,"Peasants by Day, Ninjas by Night",lodestone;wiki,notModeled,prereqs,20,0
65749,My First Mudra,lodestone;wiki,notModeled,prereqs,20,0
65750,Killer Combinations,lodestone;wiki,notModeled,prereqs,20,0
65751,Once Upon a Time in Doma,lodestone;wiki,notModeled,prereqs,20,0
65752,Pirates versus Ninjas,lodestone;wiki,notModeled,prereqs,20,0
65753,Ninja Bathin',lodestone;wiki,notModeled,prereqs,20,0
65754,My First Spear,lodestone;wiki,notModeled,prereqs,20,0
65755,My First Bow,lodestone;wiki,notModeled,prereqs,20,0
65756,Leves of Bentbranch,lodestone;wiki,notModeled,prereqs,20,0
65757,Leves of Hawthorne,lodestone;wiki,notModeled,prereqs,20,0
65758,Nor Rain nor Heat nor Gloom of Night,lodestone;wiki,notModeled,prereqs,20,0
65759,A Dab'll Do Ya,lodestone;wiki,notModeled,prereqs,20,0
65760,I Believe You Can Fly,lodestone;wiki,notModeled,prereqs,20,0
65761,So Close yet So Far,lodestone;wiki,notModeled,prereqs,20,0
65762,Reasonable /Doubt,lodestone;wiki,notModeled,prereqs,20,0
65763,Greasing the Cogs,lodestone;wiki,notModeled,prereqs,20,0
65764,Getting Your Bearings,lodestone;wiki,notModeled,prereqs,20,0
65765,Tackle the Problem,lodestone;wiki,notModeled,prereqs,20,0
65766,Search and Seizure,lodestone;wiki,notModeled,prereqs,20,0
65767,Ticked Off,lodestone;wiki,notModeled,prereqs,20,0
65768,Tough Guys,lodestone;wiki,sourceWrong,rewards,20,0
65769,The Crow Knows,lodestone;wiki,notModeled,prereqs,20,0
65770,Master and Student,lodestone;wiki,notModeled,prereqs,20,0
65771,Strangers in a Strange Land,lodestone;wiki,notModeled,prereqs,20,0
65772,Affright and Delight,lodestone;wiki,notModeled,prereqs,20,0
65773,A Plague of Pumpkins,lodestone;wiki,notModeled,prereqs,20,0
65774,Yes We Cant,lodestone;wiki,notModeled,prereqs,20,0
65776,Blues on Emerald Avenue,lodestone;wiki,notModeled,prereqs,20,0
65777,Lone Survivor,lodestone;wiki,notModeled,prereqs,20,0
65778,"Guildmaster, Prelate, and Plot",lodestone;wiki,notModeled,prereqs,20,0
65779,A Qiqirn Always Pays His Debts,lodestone;wiki,notModeled,prereqs,20,0
65780,The Hazy Professor,lodestone;wiki,notModeled,prereqs,20,0
65781,It's Probably Pirates,garland;lodestone;wiki,notModeled,prereqs,22,0
65782,Feast of Famine,lodestone;wiki,notModeled,prereqs,20,0
65783,The Gift of Joy (The Lavender Beds),lodestone;wiki,notModeled,prereqs,20,0
65784,The Gift of Joy (Mist),lodestone;wiki,notModeled,prereqs,20,0
65785,The Gift of Joy (The Goblet),lodestone;wiki,notModeled,prereqs,20,0
65786,A Starlight Miracle,lodestone;wiki,notModeled,prereqs,20,0
65787,Starlight Savings,lodestone;wiki,notModeled,prereqs,20,0
65788,Lions for Lambs,lodestone;wiki,notModeled,prereqs,20,0
65789,Way of the Gladiator,lodestone;wiki,ambiguous,prereqs,20,0
65790,My First Skillet,lodestone;wiki,notModeled,prereqs,20,0
65791,A Treat of Trout,lodestone;wiki,notModeled,prereqs,20,0
65792,Kicking the Hornet's Nest,lodestone;wiki,notModeled,prereqs,20,0
65793,Dodo It Yourself,lodestone;wiki,notModeled,prereqs,20,0
65794,On a Skewer Tip,lodestone;wiki,notModeled,prereqs,20,0
65795,Releasing a Burden,lodestone;wiki,notModeled,prereqs,20,0
65796,Winning Friends with Aldgoat,lodestone;wiki,notModeled,prereqs,20,0
65797,Ul'dah's Most Wanted,lodestone;wiki,ambiguous,listed,13,0
65798,That Old Familiar Feeling,lodestone;wiki,notModeled,prereqs,20,0
65799,The Face of Thal,lodestone;wiki,notModeled,prereqs,20,0
65800,On Holy Ground,lodestone;wiki,notModeled,prereqs,20,0
65801,The Rematch,lodestone;wiki,notModeled,prereqs,20,0
65802,The Chefsbane Cometh,lodestone;wiki,notModeled,prereqs,20,0
65803,Of Cooks and Books,lodestone;wiki,notModeled,prereqs,20,0
65804,Diplomacy of the Skillet,lodestone;wiki,notModeled,prereqs,20,0
65805,A Taste of Home,lodestone;wiki,notModeled,prereqs,20,0
65806,Revenge of the Chefsbane,lodestone;wiki,notModeled,prereqs,20,0
65807,Way of the Culinarian,lodestone;wiki,notModeled,prereqs,20,0
65808,"Life, Materia and Everything",lodestone;wiki,notModeled,prereqs,20,0
65809,Way of the Armorer,lodestone;wiki,notModeled,prereqs,20,0
65810,My First Doming Hammer,lodestone;wiki,notModeled,prereqs,20,0
65811,From Thigh to Neck,lodestone;wiki,notModeled,prereqs,20,0
65812,The Base Fundamentals,lodestone;wiki,notModeled,prereqs,20,0
65813,One's Own Worst Critic,lodestone;wiki,notModeled,prereqs,20,0
65814,An Armorer's Pride,lodestone;wiki,notModeled,prereqs,20,0
65815,Showing Your Steel,lodestone;wiki,notModeled,prereqs,20,0
65816,May the Best Armorer Win,lodestone;wiki,notModeled,prereqs,20,0
65817,Pans of Steel,lodestone;wiki,notModeled,prereqs,20,0
65818,Best of Three,lodestone;wiki,notModeled,prereqs,20,0
65819,For the Good of the Guild,lodestone;wiki,notModeled,prereqs,20,0
65820,Rivalry and Respect,lodestone;wiki,notModeled,prereqs,20,0
65821,Way of the Gladiator,lodestone;wiki,ambiguous,listed,13,0
65822,My First Gladius,lodestone;wiki,notModeled,prereqs,20,0
65823,All's Wool That Ends Wool,lodestone;wiki,notModeled,prereqs,20,0
65824,Ul'dah's Most Wanted,lodestone;wiki,notModeled,prereqs,20,0
65825,Sleepless in the Stable,lodestone;wiki,notModeled,prereqs,20,0
65826,Sleepless in the Swaddle,lodestone;wiki,notModeled,prereqs,20,0
65827,Way of the Blacksmith,lodestone;wiki,notModeled,prereqs,20,0
65828,My First Cross-pein Hammer,lodestone;wiki,notModeled,prereqs,20,0
65829,Hammer Time,lodestone;wiki,notModeled,prereqs,20,0
65830,Riveting Ramblings,lodestone;wiki,notModeled,prereqs,20,0
65831,The Business of Blacksmithing,lodestone;wiki,notModeled,prereqs,20,0
65832,By the Sweat of Your Brow,lodestone;wiki,notModeled,prereqs,20,0
65833,True as Steel,lodestone;wiki,notModeled,prereqs,20,0
65834,As Iron Sharpens Iron,lodestone;wiki,notModeled,prereqs,20,0
65835,Set Faezahr to Stun,lodestone;wiki,notModeled,prereqs,20,0
65836,Forging Ahead,lodestone;wiki,notModeled,prereqs,20,0
65837,Beauty and the Bardiche,lodestone;wiki,notModeled,prereqs,20,0
65838,Waiting in the Winglet,lodestone;wiki,notModeled,prereqs,20,0
65839,Step Nine,lodestone;wiki,notModeled,prereqs,20,0
65840,The Tasting of the Shrews,lodestone;wiki,notModeled,prereqs,20,0
65841,Until a Quieter Time,lodestone;wiki,notModeled,listed,9,0
65842,Prudence at This Junction,lodestone;wiki,ambiguous,listed,2,0
65843,Out of House and Home,lodestone;wiki,notModeled,prereqs,20,0
65844,In the Court of the Rat King,lodestone;wiki,notModeled,prereqs,20,0
65845,Sleepless in the Saloon,lodestone;wiki,notModeled,prereqs,20,0
65846,Way of the Marauder,lodestone;wiki,notModeled,prereqs,20,0
65847,Way of the Marauder,lodestone;wiki,ambiguous,listed,13,0
65848,My First Axe,lodestone;wiki,notModeled,prereqs,20,0
65849,Axe in the Stone,lodestone;wiki,notModeled,prereqs,20,0
65850,Wake of Destruction,lodestone;wiki,ambiguous,listed,13,0
65851,Wake of Destruction,lodestone;wiki,notModeled,prereqs,20,0
65852,Brutal Strength,lodestone;wiki,notModeled,prereqs,20,0
65853,The Mountain That Strides,lodestone;wiki,notModeled,prereqs,20,0
65854,Bleeder of the Pack,lodestone;wiki,notModeled,prereqs,20,0
65855,Bringing Down the Mountain,lodestone;wiki,notModeled,prereqs,20,0
65856,Way Down in the Hole,lodestone;wiki,sourceWrong,rewards,20,0
65857,The Slaying of the Shrews,lodestone;wiki,notModeled,prereqs,20,0
65858,Listen to Your Fish,lodestone;wiki,notModeled,prereqs,20,0
65859,"Edelweiss, Edelweiss",lodestone;wiki,notModeled,prereqs,20,0
65860,Disorderly Conduct,lodestone;wiki,notModeled,listed,9,0
65861,A Little Help (The Lavender Beds),lodestone;wiki,notModeled,prereqs,20,0
65862,Sometimes the Old Ways Are Best,lodestone;wiki,notModeled,prereqs,20,0
65863,Spriggan Cleaning,lodestone;wiki,notModeled,listed,9,0
65864,Supply and Demands,lodestone;wiki,notModeled,prereqs,20,0
65865,The Perfect Swarm,lodestone;wiki,notModeled,prereqs,20,0
65866,Last Letter to Lost Hope,lodestone;wiki,notModeled,prereqs,20,0
65867,"Heir Today, Gone Tomorrow",lodestone;wiki,ambiguous,listed,2,0
65868,Passing the Blade,lodestone;wiki,notModeled,prereqs,20,0
65869,Following Footfalls,lodestone;wiki,notModeled,prereqs,20,0
65870,Storms on the Horizon,lodestone;wiki,notModeled,prereqs,20,0
65871,Compulsory Catering,lodestone;wiki,notModeled,listed,9,0
65872,"Oh Captain, My Captain",lodestone;wiki,notModeled,prereqs,20,0
65873,By the Toe,lodestone;wiki,notModeled,prereqs,20,0
65874,A Little Help (Mist),lodestone;wiki,notModeled,prereqs,20,0
65875,For Their Eyes Only,lodestone;wiki,notModeled,prereqs,20,0
65876,A Little Help (The Goblet),lodestone;wiki,notModeled,prereqs,20,0
65877,The Scent of a Mongrel,lodestone;wiki,notModeled,prereqs,20,0
65878,Lominsan Rubbish,lodestone;wiki,notModeled,prereqs,20,0
65879,Lord of the Inferno,garland;lodestone;wiki,notModeled,prereqs,22,0
65880,Way of the Thaumaturge,lodestone;wiki,notModeled,prereqs,20,0
65881,Way of the Thaumaturge,lodestone;wiki,ambiguous,listed,13,0
65882,My First Scepter,lodestone;wiki,notModeled,prereqs,20,0
65883,The Threat of Intimacy,lodestone;wiki,notModeled,prereqs,20,0
65884,The Threat of Paucity,lodestone;wiki,ambiguous,listed,13,0
65885,The Threat of Paucity,lodestone;wiki,notModeled,prereqs,20,0
65886,The Threat of Superiority,lodestone;wiki,notModeled,prereqs,20,0
65887,The Threat of Perplexity,lodestone;wiki,notModeled,prereqs,20,0
65888,The Hidden Chapter,lodestone;wiki,notModeled,prereqs,20,0
65889,Facing Your Demons,lodestone;wiki,notModeled,prereqs,20,0
65890,Going the Extra Smile,lodestone;wiki,notModeled,prereqs,20,0
65892,"Wherefore Art Thou, Zodiac",lodestone;wiki,notModeled,prereqs,20,0
65893,A Ponze of Flesh,lodestone;wiki,notModeled,prereqs,20,0
65894,Labor of Love,lodestone;wiki,notModeled,prereqs,20,0
65895,Method in His Malice,lodestone;wiki,sourceWrong,prereqs,20,0
65896,A Treasured Mother,lodestone;wiki,notModeled,prereqs,20,0
65897,His Dark Materia,lodestone;wiki,sourceWrong,prereqs,20,0
65898,The Little Postmoogle That Could,lodestone;wiki,notModeled,prereqs,20,0
65899,Good Intentions,lodestone;wiki,notModeled,prereqs,21,0
65900,Bait and Switch,lodestone;wiki,notModeled,prereqs,20,0
65901,Best-laid Schemes,lodestone;wiki,notListed,listed,13,0
65902,The Rising Chorus,garland;lodestone;wiki,notModeled,prereqs,22,0
65903,Aether on Demand,lodestone;wiki,ambiguous,listed,2,0
65904,On the Counteroffensive,lodestone;wiki,notModeled,prereqs,20,0
65905,An Uninvited Ascian,garland;lodestone;wiki,notModeled,prereqs,22,0
65906,Mask of Grief,lodestone;wiki,notModeled,prereqs,20,0
65907,Defenders for Ishgard,lodestone;wiki,notModeled,prereqs,20,0
65908,The Wyrm's Roar,lodestone;wiki,notModeled,prereqs,20,0
65909,Committed to the Cause,lodestone;wiki,notModeled,prereqs,20,0
65910,Feeding Time,lodestone;wiki,notModeled,listed,9,0
65911,Not a Material Girl,lodestone;wiki,notModeled,prereqs,20,0
65912,You Shall Not Trespass,lodestone;wiki,notModeled,prereqs,20,0
65913,Don't Look Down,lodestone;wiki,notModeled,prereqs,20,0
65914,"Look, but Won't Touch",lodestone;wiki,notModeled,prereqs,20,0
65915,In the Grim Darkness of the Forest,lodestone;wiki,notModeled,prereqs,20,0
65916,Threat Level Elevated,lodestone;wiki,notModeled,prereqs,20,0
65917,Migrant Marauders,lodestone;wiki,notModeled,prereqs,20,0
65918,Skeletons in My Deepcroft,lodestone;wiki,notModeled,listed,9,0
65919,If Ye Break Faith,lodestone;wiki,notModeled,prereqs,20,0
65920,A Hearer Is Often Late,lodestone;wiki,notModeled,prereqs,20,0
65921,Favor for the Fisherwoman,lodestone;wiki,notModeled,prereqs,20,0
65922,Walking the Planks,lodestone;wiki,notModeled,prereqs,20,0
65923,Salvaging the Scene,lodestone;wiki,notModeled,prereqs,20,0
65924,Bloodied and Bowed,lodestone;wiki,notModeled,prereqs,20,0
65925,Fantastic Voyage,lodestone;wiki,notModeled,prereqs,20,0
65926,Catch Your Breath,lodestone;wiki,notModeled,prereqs,20,0
65927,Volunteer Dragonslayers,lodestone;wiki,notModeled,prereqs,20,0
65928,"Decisions, Decisions",lodestone;wiki,notModeled,prereqs,20,0
65929,Vox Populi,lodestone;wiki,notModeled,prereqs,20,0
65930,A Luxury Long Lost,lodestone;wiki,notModeled,prereqs,20,0
65931,The Wealth of Nations,lodestone;wiki,notModeled,prereqs,20,0
65932,No Lady Is an Island,lodestone;wiki,notModeled,prereqs,20,0
65933,Sky-high,lodestone;wiki,notModeled,prereqs,20,0
65934,Courier for a Day,lodestone;wiki,notModeled,listed,9,0
65935,Out to Dry,lodestone;wiki,notModeled,prereqs,20,0
65936,Keeping It Fresh,lodestone;wiki,notModeled,prereqs,20,0
65937,Baiting Buzzards,lodestone;wiki,notModeled,prereqs,20,0
65938,Thanks a Million,lodestone;wiki,notModeled,prereqs,20,0
65939,Relighting the Torch,lodestone;wiki,notModeled,prereqs,20,0
65940,Farmer of Fortune,lodestone;wiki,notModeled,listed,9,0
65941,Need to Breed,lodestone;wiki,notModeled,prereqs,20,0
65942,On to the Drydocks,lodestone;wiki,notModeled,prereqs,20,0
65943,A Bridge Too Full,lodestone;wiki,notModeled,prereqs,20,0
65944,What Counts,lodestone;wiki,notModeled,prereqs,20,0
65945,Failure to Lunch,lodestone;wiki,notModeled,prereqs,20,0
65946,Nailed It,lodestone;wiki,notModeled,prereqs,20,0
65947,Constant Carvings,lodestone;wiki,notModeled,prereqs,20,0
65948,Without a Doubt,lodestone;wiki,notModeled,prereqs,20,0
65949,Do Angry Pirates Dream,lodestone;wiki,notModeled,prereqs,20,0
65950,Victory in Peril,lodestone;wiki,notModeled,prereqs,20,0
65951,Righting the Shipwright,lodestone;wiki,notModeled,prereqs,20,0
65952,Forbidden Island,lodestone;wiki,notModeled,prereqs,20,0
65953,Say It with Flowers,lodestone;wiki,sourceWrong,prereqs,20,0
65954,An Allied Perspective,lodestone;wiki,notModeled,prereqs,20,0
65955,The Steps of Faith,lodestone;wiki,ambiguous,listed,2,0
65956,Administrative Decision,lodestone;wiki,notModeled,prereqs,20,0
65957,An Unexpected Ambition,lodestone;wiki,notModeled,prereqs,20,0
65958,"Ancient Ways, Timeless Wants",lodestone;wiki,notModeled,prereqs,20,0
65959,Where We Are Needed,lodestone;wiki,notModeled,prereqs,20,0
65960,The Least among Us,lodestone;wiki,notModeled,prereqs,20,0
65961,A Time to Every Purpose,lodestone;wiki,notModeled,prereqs,20,0
65962,"Come, but Not Gone",lodestone;wiki,notModeled,prereqs,20,0
65963,The Parting Glass,lodestone;wiki,notModeled,prereqs,20,0
65964,Before the Dawn,lodestone;wiki,notModeled,prereqs,20,0
65965,In Memory of Moenbryda,lodestone;wiki,notModeled,prereqs,20,0
65966,For Keep's Sake,garland;lodestone;wiki,notModeled,prereqs,23,0
65967,Not Easy Being Green,garland;lodestone;wiki,notModeled,prereqs,23,0
65968,A Legend for a Legend,lodestone;wiki,notModeled,prereqs,20,0
65969,Fear and Odin in the Shroud,garland;lodestone;wiki,notModeled,prereqs,22,0
65970,It Could Happen to You,lodestone;wiki,notModeled,prereqs,20,0
65971,World of Wonders,lodestone;wiki,notModeled,prereqs,20,0
65972,So You Want to Be a Jockey,lodestone;wiki,notModeled,prereqs,20,0
65973,Triple Triad Trial,lodestone;wiki,notModeled,listed,9,0
65974,Questions and Lancers,lodestone;wiki,notModeled,prereqs,20,0
65975,Proof of Might,lodestone;wiki,notModeled,prereqs,20,0
65976,"Like Mother, Like Daughter",lodestone;wiki,notModeled,prereqs,20,0
65977,In Nature's Embrace,lodestone;wiki,notModeled,prereqs,20,0
65979,Leves of Quarrymill,lodestone;wiki,notModeled,prereqs,20,0
65980,Leves of Camp Tranquil,lodestone;wiki,notModeled,prereqs,20,0
65981,Chasing Shadows,lodestone;wiki,notModeled,prereqs,20,0
65982,Dread Is in the Air,lodestone;wiki,notModeled,prereqs,20,0
65983,To Guard a Guardian,lodestone;wiki,notModeled,prereqs,20,0
65984,Festive Endeavors,lodestone;wiki,notModeled,prereqs,20,0
65985,Renewing the Covenant,lodestone;wiki,notModeled,prereqs,20,0
65987,So You Want to Be an Arcanist,lodestone;wiki,notModeled,listed,9,0
65988,Way of the Arcanist,lodestone;wiki,ambiguous,listed,13,0
65989,Way of the Arcanist,lodestone;wiki,ambiguous,prereqs,20,0
65990,My First Grimoire,lodestone;wiki,notModeled,prereqs,20,0
65991,What's in the Box,lodestone;wiki,notModeled,prereqs,20,0
65992,Tactical Planning,lodestone;wiki,ambiguous,listed,13,0
65993,Tactical Planning,lodestone;wiki,notModeled,prereqs,20,0
65994,Over the Rails,lodestone;wiki,notModeled,prereqs,20,0
65995,Pincer Maneuver,lodestone;wiki,notModeled,prereqs,20,0
65996,Grimoire Fandango,lodestone;wiki,notModeled,prereqs,20,0
65997,Sinking Doesmaga,lodestone;wiki,notModeled,prereqs,20,0
65998,On to Summerford,lodestone;wiki,notModeled,prereqs,20,0
65999,Dressed to Call,lodestone;wiki,notModeled,prereqs,20,0
66000,Further Afield,lodestone;wiki,notModeled,listed,9,0
66001,Washed Up,lodestone;wiki,notModeled,prereqs,20,0
66002,Double Dealing,lodestone;wiki,notModeled,prereqs,20,0
66003,Loam Maintenance,lodestone;wiki,notModeled,prereqs,20,0
66004,Plowshares to Swords,lodestone;wiki,notModeled,prereqs,20,0
66005,Just Deserts,lodestone;wiki,sourceWrong,rewards,20,0
66006,"Yarzon, Yarzoff",lodestone;wiki,notModeled,prereqs,20,0
66007,Rocks in a Hard Place,lodestone;wiki,notModeled,prereqs,20,0
66008,The Time Is Ripe,lodestone;wiki,notModeled,prereqs,20,0
66009,Orange Crush,lodestone;wiki,notModeled,prereqs,20,0
66010,A Pound of Cure,lodestone;wiki,notModeled,prereqs,20,0
66011,Cry Me a Liver,lodestone;wiki,notModeled,prereqs,20,0
66012,Wool's Errand,lodestone;wiki,notModeled,prereqs,20,0
66013,Flour Power,lodestone;wiki,notModeled,prereqs,20,0
66014,Kobolds and Indigents,lodestone;wiki,notModeled,prereqs,20,0
66015,Bait and Swat,lodestone;wiki,notModeled,prereqs,20,0
66016,Much Ado About Dodos,lodestone;wiki,notModeled,prereqs,20,0
66017,Moegramm Had a Little Lamb,lodestone;wiki,notModeled,prereqs,20,0
66018,Whack-a-Mole,lodestone;wiki,notModeled,prereqs,20,0
66019,Beetle Juice,lodestone;wiki,notModeled,prereqs,20,0
66020,What Goes Around,lodestone;wiki,notModeled,prereqs,20,0
66021,Fire and Brimstone,lodestone;wiki,notModeled,prereqs,20,0
66022,Kobolds Ahoy,lodestone;wiki,notModeled,prereqs,20,0
66023,"Meet, Greet, and Deceit",lodestone;wiki,notModeled,prereqs,9,0
66024,Scratch It Rich,lodestone;wiki,notModeled,listed,9,0
66025,Hitting the Cactpot,lodestone;wiki,notModeled,listed,9,0
66026,Shades of Sil'dih,lodestone;wiki,notModeled,prereqs,20,0
66027,Sibling Strife,lodestone;wiki,notModeled,prereqs,20,0
66028,Beneath the Mask,lodestone;wiki,notModeled,prereqs,20,0
66029,Truths Untold,lodestone;wiki,notModeled,prereqs,20,0
66030,The World of Darkness,garland;lodestone;wiki,notModeled,prereqs,22,0
66031,The Light of Hope,lodestone;wiki,notModeled,prereqs,20,0
66032,Better Left Unfound,lodestone;wiki,notModeled,prereqs,20,0
66033,But I Hardly Noah,lodestone;wiki,notModeled,section,9,0
66034,The Gift of the Archmagus,lodestone;wiki,notModeled,rewards,9,0
66035,A Thorne-y Relationship,lodestone;wiki,notModeled,prereqs,20,0
66036,Digging for Dolls,lodestone;wiki,notModeled,prereqs,20,0
66037,A Father's Folly,lodestone;wiki,notModeled,prereqs,20,0
66038,Her Last Vow,garland;lodestone;wiki,notModeled,prereqs,22,0
66039,Give It to Me Raw,lodestone;wiki,notModeled,prereqs,20,0
66040,No Tool Gets Left Behind,lodestone;wiki,notModeled,prereqs,20,0
66041,Angling Ankle-biters,lodestone;wiki,notModeled,prereqs,20,0
66042,This Fishwife's Life,lodestone;wiki,notModeled,prereqs,20,0
66043,The Gridanian Envoy,lodestone;wiki,notModeled,prereqs,20,0
66045,The Scions of the Seventh Dawn,lodestone;wiki,notModeled,prereqs,20,0
66046,A Wild Rose by Any Other Name,lodestone;wiki,notModeled,prereqs,20,0
66047,A Hero in the Making,lodestone;wiki,notModeled,prereqs,20,0
66048,Where Did Our Loves Go,lodestone;wiki,notModeled,prereqs,20,0
66049,Sylph-management,lodestone;wiki,notModeled,prereqs,20,0
66050,Into the Beast's Maw,garland;lodestone;wiki,notModeled,prereqs,22,0
66051,Love in the Woods,lodestone;wiki,notModeled,prereqs,20,0
66052,Wrath of the Titan,lodestone;wiki,notModeled,prereqs,20,0
66053,All Good Things,lodestone;wiki,notModeled,prereqs,20,0
66054,Eyes on Me,lodestone;wiki,notModeled,prereqs,20,0
66055,Lady of the Vortex,garland;lodestone;wiki,notModeled,prereqs,22,0
66056,Reclamation,lodestone;wiki,notModeled,prereqs,20,0
66057,Escape from Castrum Centri,lodestone;wiki,notModeled,prereqs,20,0
66058,The Black Wolf's Ultimatum,lodestone;wiki,notModeled,prereqs,20,0
66059,Hearts in the Sand,lodestone;wiki,notModeled,prereqs,20,0
66060,The Ultimate Weapon,garland;lodestone;wiki,ambiguous,listed,3,0
66063,Ardor in the Harbor,lodestone;wiki,notModeled,prereqs,20,0
66064,The Ul'dahn Envoy,lodestone;wiki,notModeled,prereqs,20,0
66066,Alternative Medicine,lodestone;wiki,notModeled,prereqs,20,0
66067,Need Not Apply in Person,lodestone;wiki,notModeled,prereqs,20,0
66068,Way of the Pugilist,lodestone;wiki,notModeled,prereqs,20,0
66069,Way of the Pugilist,lodestone;wiki,ambiguous,listed,13,0
66070,Way of the Weaver,lodestone;wiki,notModeled,prereqs,20,0
66071,My First Needle,lodestone;wiki,notModeled,prereqs,20,0
66072,Growing Apart,lodestone;wiki,notModeled,prereqs,20,0
66073,Memento Mori,lodestone;wiki,notModeled,prereqs,20,0
66074,Gone till the Sixth Astral Moon,lodestone;wiki,notModeled,prereqs,20,0
66075,Saving Captain Gairhard,lodestone;wiki,notModeled,prereqs,20,0
66079,Lurkers in the Grotto,lodestone;wiki,notModeled,prereqs,20,0
66080,Feint and Strike,lodestone;wiki,notModeled,prereqs,20,0
66081,A Mizzenmast Repast,lodestone;wiki,notModeled,prereqs,20,0
66082,The Lominsan Envoy,lodestone;wiki,notModeled,prereqs,20,0
66083,Now That We've Found Love,lodestone;wiki,notModeled,prereqs,20,0
66086,Underneath the Sultantree,lodestone;wiki,notModeled,prereqs,20,0
66087,"Duty, Honor, Country",lodestone;wiki,notModeled,prereqs,20,0
66088,A Royal Reception,lodestone;wiki,notModeled,prereqs,20,0
66089,My First Hora,lodestone;wiki,notModeled,prereqs,20,0
66090,Harder than Rock,lodestone;wiki,notModeled,prereqs,20,0
66091,Burning Up the Quarter Malm,lodestone;wiki,notModeled,prereqs,20,0
66092,Great Eggspectations,lodestone;wiki,notModeled,prereqs,20,0
66093,Poaching the Poachers,lodestone;wiki,notModeled,prereqs,20,0
66094,The Spirit Is Willing,lodestone;wiki,notModeled,prereqs,20,0
66095,Eggs Pluribus Unum,lodestone;wiki,notModeled,prereqs,20,0
66096,Rise and Shine,lodestone;wiki,notModeled,prereqs,20,0
66097,The Vital Title,lodestone;wiki,ambiguous,listed,13,0
66098,Keeping the Spirit Alive,lodestone;wiki,notModeled,prereqs,20,0
66101,So You Think You Can Ride This Chocobo,lodestone;wiki,notModeled,prereqs,20,0
66102,Star-crossed Rivals,lodestone;wiki,notModeled,prereqs,20,0
66103,Return of the Holyfist,lodestone;wiki,notModeled,prereqs,20,0
66104,Close to Home,lodestone;wiki,notModeled,prereqs,20,0
66105,Close to Home,lodestone;wiki,ambiguous,listed,13,0
66106,Close to Home,lodestone;wiki,ambiguous,listed,13,0
66107,Beet Red Beetles Beat Red,lodestone;wiki,notModeled,prereqs,20,0
66108,In the Name of Science,lodestone;wiki,notModeled,prereqs,20,0
66109,Fringe Benefits,lodestone;wiki,notModeled,prereqs,20,0
66110,Dressed to Deceive,lodestone;wiki,notModeled,prereqs,20,0
66111,Way of the Alchemist,lodestone;wiki,notModeled,prereqs,20,0
66112,Like Sire Like Fledgling,lodestone;wiki,notModeled,prereqs,20,0
66113,My First Alembic,lodestone;wiki,notModeled,prereqs,20,0
66114,The Second Principle,lodestone;wiki,notModeled,prereqs,20,0
66116,All of Your Beeswax,lodestone;wiki,notModeled,prereqs,20,0
66117,For Fair Love,lodestone;wiki,notModeled,prereqs,20,0
66118,The Arcanist's Tome,lodestone;wiki,notModeled,prereqs,20,0
66119,Practical Alchemy,lodestone;wiki,notModeled,prereqs,20,0
66120,Baleful Brews,lodestone;wiki,notModeled,prereqs,20,0
66121,Better Axe Around,lodestone;wiki,notModeled,prereqs,20,0
66122,Duty and the Beast,lodestone;wiki,notModeled,prereqs,20,0
66123,Once More unto the Breeches,lodestone;wiki,notModeled,prereqs,20,0
66124,The Bear Necessity,lodestone;wiki,notModeled,prereqs,20,0
66125,Alternative Applications,lodestone;wiki,notModeled,prereqs,20,0
66126,Practical Needs,lodestone;wiki,notModeled,prereqs,20,0
66127,Materia Concerns,lodestone;wiki,notModeled,prereqs,20,0
66128,That Velveteen Dress,lodestone;wiki,notModeled,prereqs,20,0
66129,Miner on a Mission,lodestone;wiki,notModeled,prereqs,20,0
66130,Coming to Ul'dah,lodestone;wiki,sourceWrong,rewards,20,0
66131,We Must Rebuild,lodestone;wiki,notModeled,prereqs,20,0
66132,Pirates of Shallow Water,lodestone;wiki,notModeled,prereqs,20,0
66133,Way of the Miner,lodestone;wiki,notModeled,prereqs,20,0
66134,Slap an' Chop,lodestone;wiki,notModeled,prereqs,20,0
66135,My First Pickaxe,lodestone;wiki,notModeled,prereqs,20,0
66136,Know Thy Land,lodestone;wiki,notModeled,prereqs,20,0
66137,And My Axe,lodestone;wiki,notModeled,prereqs,20,0
66138,The Cutting Edge,lodestone;wiki,notModeled,prereqs,20,0
66139,Getting in Deep,lodestone;wiki,notModeled,prereqs,20,0
66140,"Old Wisdom, New Ways",lodestone;wiki,notModeled,prereqs,20,0
66141,Water from Stone,lodestone;wiki,sourceWrong,rewards,20,0
66142,Obsidian Race,lodestone;wiki,notModeled,prereqs,20,0
66144,Way of the Goldsmith,lodestone;wiki,notModeled,prereqs,20,0
66146,My First Chaser Hammer,lodestone;wiki,notModeled,prereqs,20,0
66147,Gorgets Rising,lodestone;wiki,notModeled,prereqs,20,0
66149,Throw Some Rings on It,lodestone;wiki,notModeled,prereqs,20,0
66150,Objectively Speaking,lodestone;wiki,notModeled,prereqs,20,0
66151,A Melding of the Minds,lodestone;wiki,notModeled,prereqs,20,0
66152,Or Ever the Silver Cord Be Loosed,lodestone;wiki,notModeled,prereqs,20,0
66153,Serendipity Now,lodestone;wiki,notModeled,prereqs,20,0
66154,Unsolved Mystery,lodestone;wiki,notModeled,prereqs,20,0
66155,What Poor People Think,lodestone;wiki,notModeled,prereqs,20,0
66156,A Proper Burial,lodestone;wiki,notModeled,prereqs,20,0
66157,For the Children,lodestone;wiki,notModeled,prereqs,20,0
66158,Amalj'aa Wrong Places,lodestone;wiki,notModeled,prereqs,20,0
66159,Takin' What They're Givin',lodestone;wiki,notModeled,prereqs,20,0
66160,A Dying Wish,lodestone;wiki,notModeled,prereqs,20,0
66161,All Dogs Go to Hell,lodestone;wiki,notModeled,prereqs,20,0
66162,Buzzing at Church,lodestone;wiki,notModeled,prereqs,20,0
66163,Lichyard Lilies,lodestone;wiki,notModeled,prereqs,20,0
66164,Secrets and Lies,lodestone;wiki,notModeled,prereqs,20,0
66165,Honoring the Dead,lodestone;wiki,notModeled,prereqs,20,0
66166,The Circle of Life,lodestone;wiki,notModeled,prereqs,20,0
66167,Steaking Claims,lodestone;wiki,notModeled,prereqs,20,0
66168,Now Hiring,lodestone;wiki,notModeled,prereqs,20,0
66169,Impish Implications,lodestone;wiki,notModeled,prereqs,20,0
66170,There's Mythril in Them Thar Hills,lodestone;wiki,notModeled,prereqs,20,0
66171,Purging the Earth,lodestone;wiki,notModeled,prereqs,20,0
66173,Green Thumb,lodestone;wiki,notModeled,prereqs,20,0
66174,Forging the Spirit,lodestone;wiki,notModeled,prereqs,20,0
66175,Waking the Spirit,lodestone;wiki,notModeled,prereqs,20,0
66176,Melding Materia Muchly,lodestone;wiki,notModeled,prereqs,20,0
66177,A Matter of Tradition,lodestone;wiki,notModeled,prereqs,20,0
66178,Dead Bodies Everywhere,lodestone;wiki,notModeled,prereqs,20,0
66179,Amethysts Are Forever,lodestone;wiki,notModeled,prereqs,20,0
66180,To Die For,lodestone;wiki,notModeled,prereqs,20,0
66181,Gulley of Woes,lodestone;wiki,notModeled,prereqs,20,0
66182,Canyon of Regret,lodestone;wiki,notModeled,prereqs,20,0
66183,Cease and Assist,lodestone;wiki,notModeled,prereqs,20,0
66184,Might Made Right,lodestone;wiki,notModeled,prereqs,20,0
66185,Ultimate Alchemy,lodestone;wiki,notModeled,prereqs,20,0
66186,Momentary Miracle,lodestone;wiki,notModeled,prereqs,20,0
66187,Designed by Committee,lodestone;wiki,notModeled,prereqs,20,0
66188,A Subtle Inquiry,lodestone;wiki,notModeled,prereqs,20,0
66189,The Intervention,lodestone;wiki,notModeled,prereqs,20,0
66190,A Miner Reborn,lodestone;wiki,notModeled,prereqs,20,0
66191,Mammets on Fire,lodestone;wiki,notModeled,prereqs,20,0
66192,The Horns of the Green,lodestone;wiki,notModeled,prereqs,20,0
66193,The Fox in the Hen House,lodestone;wiki,notModeled,prereqs,20,0
66194,Jaded,lodestone;wiki,notModeled,prereqs,20,0
66196,Into a Copper Hell,garland;lodestone;wiki,notModeled,prereqs,22,0
66197,The Rats in the Wharf,lodestone;wiki,notModeled,prereqs,20,0
66198,Soothing the Savage Siren,lodestone;wiki,notModeled,prereqs,20,0
66199,Fool Me Once,lodestone;wiki,notModeled,prereqs,20,0
66207,Nothing to See Here,lodestone;wiki,notModeled,prereqs,20,0
66209,Call of the Sea,lodestone;wiki,notModeled,prereqs,20,0
66210,Call of the Sea,lodestone;wiki,notModeled,prereqs,20,0
66211,It's Probably Pirates,garland;lodestone;wiki,ambiguous,listed,3,0
66212,Call of the Forest,lodestone;wiki,notModeled,prereqs,20,0
66213,Fire in the Gloom,garland;lodestone;wiki,notModeled,prereqs,22,0
66214,Call of the Desert,lodestone;wiki,notModeled,prereqs,20,0
66216,The Company You Keep (Twin Adder),lodestone;wiki,notModeled,prereqs,20,0
66217,The Company You Keep (Maelstrom),lodestone;wiki,notModeled,prereqs,20,0
66218,The Company You Keep (Immortal Flames),lodestone;wiki,notModeled,prereqs,20,0
66219,Wood's Will Be Done,lodestone;wiki,sourceWrong,rewards,20,0
66220,Till Sea Swallows All,lodestone;wiki,sourceWrong,rewards,20,0
66221,For Coin and Country,lodestone;wiki,sourceWrong,rewards,20,0
66223,Leves of Horizon,lodestone;wiki,notModeled,prereqs,20,0
66224,Leves of Camp Drybone,lodestone;wiki,notModeled,prereqs,20,0
66225,Men of the Blue Tattoos,lodestone;wiki,notModeled,prereqs,20,0
66226,High Society,lodestone;wiki,notModeled,prereqs,20,0
66228,Leves of Little Ala Mhigo,lodestone;wiki,notModeled,prereqs,20,0
66229,Leves of Swiftperch,lodestone;wiki,notModeled,prereqs,20,0
66230,Leves of Aleport,lodestone;wiki,notModeled,prereqs,20,0
66231,Leves of Moraby,lodestone;wiki,notModeled,prereqs,20,0
66232,Leves of Costa del Sol,lodestone;wiki,notModeled,prereqs,20,0
66233,Hallo Halatali,garland;lodestone;wiki,notModeled,prereqs,22,0
66234,Burning Up the Quarter Malm,lodestone;wiki,ambiguous,listed,13,0
66235,Color Your World,lodestone;wiki,notModeled,prereqs,20,0
66236,My Little Chocobo (Twin Adder),lodestone;wiki,notModeled,prereqs,20,0
66237,My Little Chocobo (Maelstrom),lodestone;wiki,notModeled,prereqs,20,0
66238,My Little Chocobo (Immortal Flames),lodestone;wiki,notModeled,prereqs,20,0
66241,The Weaponsmith of Legend,lodestone;wiki,notModeled,prereqs,20,0
66244,We Come in Peace,lodestone;wiki,ambiguous,listed,2,0
66245,Sylphic Studies,lodestone;wiki,notModeled,prereqs,20,0
66246,First Impressions,lodestone;wiki,notModeled,prereqs,20,0
66247,The Replacement Culler,lodestone;wiki,notModeled,prereqs,20,0
66248,Meat of the Matter,lodestone;wiki,notModeled,prereqs,20,0
66249,Stand-in Sentry,lodestone;wiki,sourceWrong,rewards,20,0
66250,Swinophobia,lodestone;wiki,notModeled,prereqs,20,0
66251,First Contact,lodestone;wiki,notModeled,prereqs,20,0
66252,Roof Riders,lodestone;wiki,notModeled,prereqs,20,0
66253,Dance Dance Diplomacy,lodestone;wiki,ambiguous,listed,2,0
66254,Forest Friend,lodestone;wiki,ambiguous,listed,2,0
66255,Presence of the Enemy,lodestone;wiki,notModeled,prereqs,20,0
66256,Sylph Says,lodestone;wiki,notModeled,prereqs,20,0
66257,Buzz Kill,lodestone;wiki,notModeled,prereqs,20,0
66258,A Porcine Plight,lodestone;wiki,notModeled,prereqs,20,0
66259,Threads Unraveled,lodestone;wiki,notModeled,prereqs,20,0
66260,Brotherly Love,lodestone;wiki,notModeled,prereqs,20,0
66261,Spirited Away,lodestone;wiki,notModeled,prereqs,20,0
66262,Druthers House Rules,lodestone;wiki,ambiguous,listed,2,0
66263,Cloven-hoofed Horrors,lodestone;wiki,notModeled,prereqs,20,0
66264,The Trees Have Eyes,lodestone;wiki,notModeled,prereqs,20,0
66265,"No Guts, No Glory",lodestone;wiki,notModeled,prereqs,20,0
66266,Occupational Hazards,lodestone;wiki,notModeled,prereqs,20,0
66267,Potsherds for Posterity,lodestone;wiki,notModeled,prereqs,20,0
66268,Stash Saboteur,lodestone;wiki,notModeled,prereqs,20,0
66269,Never Forget,lodestone;wiki,ambiguous,listed,2,0
66270,Microbrewing,lodestone;wiki,ambiguous,listed,2,0
66271,The Hottest of Box Lunches,lodestone;wiki,notModeled,prereqs,20,0
66272,Buried Truth,lodestone;wiki,notModeled,prereqs,20,0
66273,Like Fine Wine,lodestone;wiki,notModeled,prereqs,20,0
66274,Sylphish Concerns,lodestone;wiki,notModeled,prereqs,20,0
66275,Enemy Mine,lodestone;wiki,notModeled,prereqs,20,0
66276,Nouveau Riche,lodestone;wiki,ambiguous,listed,2,0
66278,Shadows of the Empire,lodestone;wiki,notModeled,prereqs,20,0
66279,A Simple Gift,lodestone;wiki,notModeled,prereqs,20,0
66280,Believe in Your Sylph,lodestone;wiki,notModeled,prereqs,20,0
66281,The Blood Price,lodestone;wiki,notModeled,prereqs,20,0
66282,Back from the Wood,lodestone;wiki,notModeled,prereqs,20,0
66283,Shadow of Darkness,lodestone;wiki,notModeled,prereqs,20,0
66284,Highbridge Times,lodestone;wiki,notModeled,prereqs,20,0
66285,Strawman Defense,lodestone;wiki,notModeled,prereqs,20,0
66286,"Buzz Off, Birds",lodestone;wiki,notModeled,prereqs,20,0
66287,Hair Club for Hyur,lodestone;wiki,notModeled,prereqs,20,0
66288,Ratting It Out,lodestone;wiki,notModeled,listed,9,0
66289,Scholarly Funds,lodestone;wiki,notModeled,prereqs,20,0
66290,The Perils of Pilgrimage,lodestone;wiki,notModeled,prereqs,20,0
66291,Friendlier Skies,lodestone;wiki,notModeled,prereqs,20,0
66292,Where There Is Smoke,lodestone;wiki,notModeled,prereqs,20,0
66293,On to Little Ala Mhigo,lodestone;wiki,notModeled,prereqs,20,0
66294,Bad Blood,lodestone;wiki,notModeled,prereqs,20,0
66295,Prickly Patients,lodestone;wiki,notModeled,prereqs,20,0
66296,Blast from the Past,lodestone;wiki,notModeled,prereqs,20,0
66297,Tea for Three,lodestone;wiki,notModeled,prereqs,20,0
66298,Foot in the Door,lodestone;wiki,notModeled,prereqs,20,0
66299,Meeting with the Resistance,lodestone;wiki,notModeled,prereqs,20,0
66300,Braving New Depths,garland;lodestone;wiki,notModeled,prereqs,22,0
66301,Killing Him Softly,lodestone;wiki,notModeled,prereqs,20,0
66302,Savage Snares,lodestone;wiki,notModeled,prereqs,20,0
66303,Forest Law,lodestone;wiki,notModeled,prereqs,20,0
66304,An Apple a Day,lodestone;wiki,notModeled,prereqs,20,0
66305,A Bumper Crop,lodestone;wiki,notModeled,prereqs,20,0
66306,Wretched Hive of Villainy,lodestone;wiki,notModeled,prereqs,20,0
66307,In Grandfather's Name,lodestone;wiki,notModeled,prereqs,20,0
66308,The Marvelous Mun-Tuy Bean,lodestone;wiki,notModeled,prereqs,20,0
66309,Masher for a Day,lodestone;wiki,notModeled,prereqs,20,0
66310,Helping Horn,lodestone;wiki,notModeled,prereqs,20,0
66311,He Ain't Heavy,lodestone;wiki,notModeled,prereqs,20,0
66312,Come Highly Recommended,lodestone;wiki,notModeled,prereqs,20,0
66313,The Bear and the Young'uns' Cares,lodestone;wiki,notModeled,prereqs,20,0
66314,Wilred Wants You,lodestone;wiki,notModeled,prereqs,20,0
66315,Corpse Confrontation,lodestone;wiki,notModeled,prereqs,20,0
66316,What's Your Poison,lodestone;wiki,notModeled,prereqs,20,0
66317,Death from Above,lodestone;wiki,notModeled,prereqs,20,0
66318,Big Trouble in Little Ala Mhigo,lodestone;wiki,notModeled,prereqs,20,0
66319,Back to Square One,lodestone;wiki,notModeled,prereqs,20,0
66320,Terror at Fallgourd,lodestone;wiki,ambiguous,listed,2,0
66321,Ziz Is So Ridiculous,lodestone;wiki,ambiguous,listed,2,0
66322,Seeing Eye to Winged Eye,lodestone;wiki,notModeled,prereqs,20,0
66323,Rock of Rancor,lodestone;wiki,notModeled,prereqs,20,0
66324,Potable Perils,lodestone;wiki,notModeled,prereqs,20,0
66325,No News Is Good News,lodestone;wiki,notModeled,prereqs,20,0
66326,Save the Trees,lodestone;wiki,notModeled,prereqs,20,0
66327,Pumiceous Pursuits,lodestone;wiki,notModeled,prereqs,20,0
66328,Cleaning House,lodestone;wiki,notModeled,prereqs,20,0
66329,Trouble on the Road,lodestone;wiki,notModeled,prereqs,20,0
66330,A Welcome Overstayed,lodestone;wiki,notModeled,prereqs,20,0
66331,No Place Like Home,lodestone;wiki,notModeled,prereqs,20,0
66332,Meals for Miners,lodestone;wiki,notModeled,prereqs,20,0
66333,Digging in the Dark,lodestone;wiki,notModeled,prereqs,20,0
66334,A Leg Up,lodestone;wiki,notModeled,prereqs,20,0
66335,Power of Deduction,lodestone;wiki,notModeled,prereqs,20,0
66336,Secret of the White Lily,lodestone;wiki,notModeled,prereqs,20,0
66337,Skeletons in Her Closet,garland;lodestone;wiki,notModeled,prereqs,22,0
66338,Broadening Horizons,lodestone;wiki,notModeled,prereqs,20,0
66339,Beneath the Planks,lodestone;wiki,notModeled,prereqs,20,0
66340,Fungal Frolic,lodestone;wiki,notModeled,prereqs,20,0
66341,Shocking Discoveries,lodestone;wiki,notModeled,prereqs,20,0
66342,In Too Deep,lodestone;wiki,notModeled,prereqs,20,0
66343,Doing the Dirty Work,lodestone;wiki,notModeled,prereqs,20,0
66345,Tales from the Tidus Slayer,lodestone;wiki,notModeled,prereqs,20,0
66346,Hungry Hungry Goobbues,lodestone;wiki,notModeled,prereqs,20,0
66347,The Lominsan Way,lodestone;wiki,notModeled,prereqs,20,0
66348,Nix That,lodestone;wiki,notModeled,prereqs,20,0
66349,Costa Beach Party,lodestone;wiki,notModeled,prereqs,20,0
66350,A Modest Proposal,lodestone;wiki,notModeled,prereqs,20,0
66351,The Penitent Man,lodestone;wiki,notModeled,listed,9,0
66352,Changing of the Guard,lodestone;wiki,notModeled,listed,9,0
66353,We'll Always Have Ul'dah,lodestone;wiki,notModeled,prereqs,20,0
66354,A Burning Request,lodestone;wiki,notModeled,prereqs,20,0
66355,Trial by Turtle,lodestone;wiki,ambiguous,listed,2,0
66356,The Drake Exception,lodestone;wiki,notModeled,listed,9,0
66357,The Perfect Prey,lodestone;wiki,notModeled,prereqs,20,0
66358,When the Worm Turns,lodestone;wiki,notModeled,prereqs,20,0
66359,Fetch the Freshman,lodestone;wiki,notModeled,prereqs,20,0
66360,Survey Says,lodestone;wiki,notModeled,prereqs,20,0
66361,Tools of Office,lodestone;wiki,notModeled,prereqs,20,0
66362,Minority Rapport,lodestone;wiki,notModeled,prereqs,20,0
66363,Heat of the Moment,lodestone;wiki,notModeled,prereqs,20,0
66364,The Eyes Have It,lodestone;wiki,notModeled,prereqs,20,0
66365,Mind Games,lodestone;wiki,notModeled,prereqs,20,0
66366,U Don't Know Me,lodestone;wiki,notModeled,prereqs,20,0
66367,There and Back Again,lodestone;wiki,notModeled,prereqs,20,0
66368,The Things We Do for Cheese,garland;lodestone;wiki,notModeled,prereqs,22,0
66369,Who Moved My Headcheese,lodestone;wiki,notModeled,prereqs,20,0
66370,Get a Grip,lodestone;wiki,notModeled,prereqs,20,0
66371,Unrefined Methods,lodestone;wiki,notModeled,prereqs,20,0
66372,Buffaloed All the Way,lodestone;wiki,notModeled,prereqs,20,0
66373,Pests in the Pillars,lodestone;wiki,notModeled,prereqs,20,0
66374,To You from Failing Hands We Throw,lodestone;wiki,notModeled,prereqs,20,0
66375,What Do You Mean You Forgot the Wine,lodestone;wiki,ambiguous,listed,2,0
66376,An Offer You Can Refuse,lodestone;wiki,notModeled,prereqs,20,0
66377,Raptor 'round Your Little Finger,lodestone;wiki,notModeled,prereqs,20,0
66378,Put a Cork in It,lodestone;wiki,notModeled,prereqs,20,0
66379,It Won't Work,lodestone;wiki,notModeled,prereqs,20,0
66380,Mona Lisa Smile,lodestone;wiki,notModeled,prereqs,20,0
66381,Give a Man a Drink,lodestone;wiki,notModeled,prereqs,20,0
66382,That Weight,lodestone;wiki,notModeled,prereqs,20,0
66383,Not My War,lodestone;wiki,notModeled,listed,9,0
66384,Battle Scars,lodestone;wiki,notModeled,prereqs,20,0
66385,"Anise, Chocolate, and a Hint of Toad",lodestone;wiki,notModeled,prereqs,20,0
66386,It Was a Very Good Year,lodestone;wiki,notModeled,prereqs,20,0
66387,"The Wind, It Passes",lodestone;wiki,notModeled,prereqs,20,0
66388,Bird's-eye View,lodestone;wiki,notModeled,prereqs,20,0
66389,The Stench of Danger,lodestone;wiki,notModeled,prereqs,20,0
66390,A Final Ignominy,lodestone;wiki,notModeled,listed,9,0
66391,In the Company of Heroes,lodestone;wiki,notModeled,prereqs,20,0
66392,As You Wish,lodestone;wiki,notModeled,prereqs,20,0
66393,Lord of Crags,garland;lodestone;wiki,notModeled,prereqs,22,0
66394,One Swallow Does Not a Victory Make,lodestone;wiki,notModeled,prereqs,20,0
66395,Never Trout That I Love,lodestone;wiki,notModeled,prereqs,20,0
66396,Dead or Sumfin' Like It,lodestone;wiki,notModeled,prereqs,20,0
66397,Return to Your Dust,lodestone;wiki,notModeled,prereqs,20,0
66398,"Deduce, Reuse, Recycle",lodestone;wiki,notModeled,prereqs,20,0
66399,Don't Let the Cat out of the Bag,lodestone;wiki,notModeled,prereqs,20,0
66400,Looking for Trouble,lodestone;wiki,notModeled,prereqs,20,0
66401,Helm Me You Love Me,lodestone;wiki,notModeled,prereqs,20,0
66402,The Monster of Bronze Lake,lodestone;wiki,notModeled,prereqs,20,0
66403,"Red, Red Wine",lodestone;wiki,notModeled,prereqs,20,0
66404,The Adventure of the Fainting Goldsmith,lodestone;wiki,notModeled,prereqs,20,0
66406,Trauma Queen,garland;lodestone;wiki,notModeled,prereqs,22,0
66407,With a Little Elbow Grease,lodestone;wiki,notModeled,listed,9,0
66408,You Can't Take It with You,lodestone;wiki,ambiguous,listed,2,0
66409,Plagued by Indecision,lodestone;wiki,notModeled,prereqs,20,0
66410,The Voyage of the Goobbue,lodestone;wiki,notModeled,prereqs,20,0
66411,Scent of Cinnamon,lodestone;wiki,notModeled,prereqs,20,0
66412,Bringing out the Dead,lodestone;wiki,notModeled,prereqs,20,0
66413,The Warden Works in Mysterious Ways,lodestone;wiki,notModeled,listed,9,0
66414,Bury Me Not on the Lone Prairie,lodestone;wiki,notModeled,prereqs,20,0
66415,Mr. Slipshod and Ms. Uptight,lodestone;wiki,notModeled,prereqs,20,0
66416,Out of Whole Cloth,lodestone;wiki,notModeled,prereqs,20,0
66417,A Tall Drink of Aqua del Sol,lodestone;wiki,notModeled,listed,9,0
66419,He Who Waited Behind,lodestone;wiki,notModeled,prereqs,20,0
66420,Cold Reception,lodestone;wiki,notModeled,prereqs,20,0
66421,Hunger Is the Best Sauce,lodestone;wiki,notModeled,prereqs,20,0
66422,The Unending War,lodestone;wiki,notModeled,prereqs,20,0
66423,Men of Honor,lodestone;wiki,notModeled,prereqs,20,0
66424,Speak Softly to Me,lodestone;wiki,notModeled,prereqs,20,0
66425,Three for Three,lodestone;wiki,notModeled,prereqs,20,0
66426,The Rose and the Unicorn,lodestone;wiki,notModeled,prereqs,20,0
66427,White Mischief,lodestone;wiki,notModeled,prereqs,20,0
66428,Adding Fuel to the Fire,lodestone;wiki,notModeled,prereqs,20,0
66429,Sheep to the Slaughter,lodestone;wiki,notModeled,prereqs,20,0
66430,I'd Rather Be Cannon Fodder,lodestone;wiki,notModeled,prereqs,20,0
66431,Death Becomes You,lodestone;wiki,notModeled,prereqs,20,0
66432,Feats of Strength,lodestone;wiki,notModeled,listed,9,0
66433,The Talk of Coerthas,lodestone;wiki,notModeled,prereqs,20,0
66434,Papa Do Preach,lodestone;wiki,notModeled,prereqs,20,0
66435,Dead Is Dead,lodestone;wiki,notModeled,prereqs,20,0
66436,Don't Light My Fire,lodestone;wiki,notModeled,prereqs,20,0
66437,Sebastian vs. the Ogre,lodestone;wiki,notModeled,prereqs,20,0
66438,Dark and Stormy Night,lodestone;wiki,notModeled,prereqs,20,0
66439,Too Many Enemies,lodestone;wiki,notModeled,prereqs,20,0
66440,The Forest for the Trees,lodestone;wiki,notModeled,prereqs,20,0
66441,Stand and Quiver,lodestone;wiki,notModeled,prereqs,20,0
66442,Tit for Tat,lodestone;wiki,notModeled,prereqs,20,0
66443,Inquire at the Spire,lodestone;wiki,notModeled,prereqs,20,0
66444,Don't Shut Me Out,lodestone;wiki,notModeled,prereqs,20,0
66445,"From Gridania, with Love",lodestone;wiki,notModeled,prereqs,20,0
66446,Road to Redemption,lodestone;wiki,notModeled,prereqs,20,0
66447,Following the Evidence,lodestone;wiki,notModeled,prereqs,20,0
66448,In the Eyes of Gods and Men,lodestone;wiki,notModeled,prereqs,20,0
66449,A Cup of Joy,lodestone;wiki,notModeled,prereqs,20,0
66450,Second Lives,lodestone;wiki,notModeled,prereqs,20,0
66451,A Fool and His Life Are Soon Parted,lodestone;wiki,notModeled,prereqs,20,0
66452,Burn Before Reading,lodestone;wiki,notModeled,prereqs,20,0
66453,The Final Flight of the Enterprise,lodestone;wiki,ambiguous,listed,2,0
66454,Where's My Juice,lodestone;wiki,notModeled,prereqs,20,0
66455,Hold for Customer Support,lodestone;wiki,notModeled,prereqs,20,0
66456,Thieves and Robbers,lodestone;wiki,notModeled,prereqs,20,0
66457,Dishonor Before Death,garland;lodestone;wiki,notModeled,prereqs,22,0
66458,The Ceruleum Must Flow,lodestone;wiki,notModeled,prereqs,20,0
66459,A Tale of Three Cities,lodestone;wiki,notModeled,prereqs,20,0
66460,Ye of Little Faith,lodestone;wiki,notModeled,prereqs,20,0
66461,Opportunity Knocks,lodestone;wiki,notModeled,listed,9,0
66462,All by Ourselves,lodestone;wiki,notModeled,listed,9,0
66463,Factual Folklore,lodestone;wiki,notModeled,prereqs,20,0
66464,Cleaning Out the Dead,lodestone;wiki,notModeled,prereqs,20,0
66465,A Few Good Men,lodestone;wiki,notModeled,prereqs,20,0
66466,The Pecking Order,lodestone;wiki,notModeled,prereqs,20,0
66467,Rubble Rouser,lodestone;wiki,notModeled,prereqs,20,0
66468,Salving the Wounds,lodestone;wiki,notModeled,prereqs,20,0
66469,"Run, Fido, Run",lodestone;wiki,notModeled,prereqs,20,0
66470,An Augury of Innocence,lodestone;wiki,notModeled,prereqs,20,0
66471,Love's Hard Labor,lodestone;wiki,notModeled,prereqs,20,0
66472,The King Rat Must Die,lodestone;wiki,notModeled,prereqs,20,0
66473,The Best Inventions,lodestone;wiki,ambiguous,listed,2,0
66474,Influencing Inquisitors,lodestone;wiki,notModeled,prereqs,20,0
66475,By the Lights of Ishgard,lodestone;wiki,notModeled,prereqs,20,0
66476,Blood for Blood,lodestone;wiki,notModeled,prereqs,20,0
66477,The Heretic among Us,lodestone;wiki,notModeled,prereqs,20,0
66478,It Tolls for Us,lodestone;wiki,notModeled,prereqs,20,0
66479,"Physician, Find Yourself",lodestone;wiki,notModeled,prereqs,20,0
66480,Blood Sacrifice,lodestone;wiki,notModeled,prereqs,20,0
66481,The Bone Collector,lodestone;wiki,notModeled,prereqs,20,0
66482,Ice Ice Daily,lodestone;wiki,notModeled,prereqs,20,0
66483,A Heart Divided,lodestone;wiki,notModeled,prereqs,20,0
66484,When a Man Loves a Woman,lodestone;wiki,notModeled,prereqs,20,0
66485,Whey Too into You,lodestone;wiki,notModeled,prereqs,20,0
66486,Days of Brandewine and Behemoths,lodestone;wiki,notModeled,prereqs,20,0
66487,Living on the Edge,lodestone;wiki,notModeled,prereqs,20,0
66488,In Pursuit of the Past,garland;lodestone;wiki,notModeled,prereqs,22,0
66489,Into the Eye of the Storm,lodestone;wiki,notModeled,prereqs,20,0
66490,All Due Precautions,lodestone;wiki,notModeled,listed,9,0
66491,Sealed with Science,lodestone;wiki,notModeled,prereqs,20,0
66492,With the Utmost Care,lodestone;wiki,notModeled,prereqs,20,0
66493,Tresses in Distress,lodestone;wiki,notModeled,prereqs,20,0
66494,D Is for Dead,lodestone;wiki,notModeled,prereqs,20,0
66495,A Promising Prospect,lodestone;wiki,notModeled,prereqs,20,0
66496,It's Probably Not Pirates,lodestone;wiki,notModeled,prereqs,20,0
66497,Representing the Representative,lodestone;wiki,notModeled,prereqs,20,0
66498,The Reluctant Researcher,lodestone;wiki,notModeled,prereqs,20,0
66499,Sweet Somethings,lodestone;wiki,notModeled,prereqs,20,0
66500,Grave Happenings,lodestone;wiki,notModeled,prereqs,20,0
66501,Pickled and Brined,lodestone;wiki,notModeled,prereqs,20,0
66502,Too Many Cooks,lodestone;wiki,notModeled,prereqs,20,0
66503,History Repeating,lodestone;wiki,notModeled,prereqs,20,0
66504,The Curious Case of Giggity,lodestone;wiki,ambiguous,listed,2,0
66505,Adventurer for Hire,lodestone;wiki,notModeled,prereqs,20,0
66506,Some Seedy Business,lodestone;wiki,notModeled,prereqs,20,0
66507,Of Sylphs and Spriggans,lodestone;wiki,notModeled,listed,9,0
66508,This One's for the Lovers,lodestone;wiki,notModeled,prereqs,20,0
66509,Windy Wedding,lodestone;wiki,notModeled,prereqs,20,0
66510,Crazy Enough to Work,lodestone;wiki,notModeled,listed,9,0
66511,Better Late than Never,lodestone;wiki,notModeled,prereqs,20,0
66514,Casing the Castrum,lodestone;wiki,notModeled,prereqs,20,0
66515,Fort of Fear,garland;lodestone;wiki,notModeled,prereqs,22,0
66516,Eyes on the Empire,lodestone;wiki,notModeled,prereqs,20,0
66517,Footprints in the Snow,lodestone;wiki,notModeled,prereqs,20,0
66518,Monumental Hopes,lodestone;wiki,notModeled,prereqs,20,0
66519,Notorious Biggs,lodestone;wiki,notModeled,prereqs,20,0
66520,Come-Into-My-Castrum,lodestone;wiki,notModeled,prereqs,20,0
66521,Doubt Truth to Be a Liar,lodestone;wiki,notModeled,prereqs,20,0
66522,Getting Even with Garlemald,lodestone;wiki,notModeled,prereqs,20,0
66523,Problem with Plasma,lodestone;wiki,notModeled,prereqs,20,0
66524,Crazy about Crystals,lodestone;wiki,notModeled,prereqs,20,0
66525,Dirt and Ashes,lodestone;wiki,notModeled,prereqs,20,0
66526,The Sons Also Rise,lodestone;wiki,notModeled,prereqs,20,0
66527,Playing the Postman,lodestone;wiki,notModeled,prereqs,20,0
66528,Hit the Hippogryphs,lodestone;wiki,notModeled,prereqs,20,0
66529,Straight Outta Abalathia,lodestone;wiki,notModeled,prereqs,20,0
66530,Moon Sliver and Me,lodestone;wiki,notModeled,prereqs,20,0
66531,Holier than Thou,lodestone;wiki,notModeled,prereqs,20,0
66532,Dropping Out,lodestone;wiki,notModeled,prereqs,20,0
66533,Passing the Smell Test,lodestone;wiki,notModeled,prereqs,20,0
66534,The Organ of Choice,lodestone;wiki,notModeled,prereqs,20,0
66535,The Trickster of the Toll,lodestone;wiki,notModeled,prereqs,20,0
66536,Heart of Cermet,lodestone;wiki,notModeled,prereqs,20,0
66537,Drowning Out the Voices,lodestone;wiki,notModeled,prereqs,20,0
66538,Acting the Part,lodestone;wiki,notModeled,prereqs,20,0
66539,Dressed for Conquest,lodestone;wiki,ambiguous,listed,2,0
66540,Fool Me Twice,lodestone;wiki,notModeled,prereqs,20,0
66541,Every Little Thing She Does Is Magitek,lodestone;wiki,notModeled,prereqs,20,0
66543,Primal Fear,lodestone;wiki,notModeled,prereqs,20,0
66544,Who Was That Man in Black,lodestone;wiki,notModeled,prereqs,20,0
66545,The Dark Divinity,lodestone;wiki,notModeled,prereqs,20,0
66546,Slim Pickings,lodestone;wiki,notModeled,prereqs,20,0
66547,Serveth Thy Master,lodestone;wiki,notModeled,prereqs,20,0
66548,All You Wanted to Know about Odin,lodestone;wiki,notModeled,prereqs,20,0
66550,Going for Gold,garland;lodestone;wiki,notModeled,prereqs,22,0
66551,A Kobold Initiative,lodestone;wiki,notModeled,prereqs,20,0
66552,Can't Do It without U,lodestone;wiki,ambiguous,listed,2,0
66553,A Pirate's Life for Me,lodestone;wiki,notModeled,prereqs,20,0
66554,Honor the Fallen,lodestone;wiki,notModeled,prereqs,20,0
66555,Operation Crucible Down,lodestone;wiki,notModeled,prereqs,20,0
66556,Claiming the Booty,lodestone;wiki,notModeled,prereqs,20,0
66557,What's It to U,lodestone;wiki,notModeled,prereqs,20,0
66558,Zombies Are People Too,lodestone;wiki,notModeled,prereqs,20,0
66559,U! Ow! That Stings,lodestone;wiki,notModeled,prereqs,20,0
66560,True U,lodestone;wiki,notModeled,prereqs,20,0
66561,Into the Valley of the Skull,lodestone;wiki,notModeled,prereqs,20,0
66562,Pier Review,lodestone;wiki,notModeled,prereqs,20,0
66563,Long Walk off a Short Pier,lodestone;wiki,notModeled,prereqs,20,0
66564,To Catch a Cutthroat,lodestone;wiki,notModeled,prereqs,20,0
66565,Serpent's Tongue-lashing,lodestone;wiki,notModeled,prereqs,20,0
66566,Culling the Horde,lodestone;wiki,notModeled,prereqs,20,0
66567,Sibling Rivalry,lodestone;wiki,notModeled,prereqs,20,0
66568,Wag the Sea Dogs,lodestone;wiki,notModeled,prereqs,20,0
66569,Sea Wasp Run,lodestone;wiki,notModeled,prereqs,20,0
66570,No Sea Wasp for You,lodestone;wiki,notModeled,prereqs,20,0
66571,The Way the Crystals Crumble,lodestone;wiki,notModeled,prereqs,20,0
66572,Operation Archon,garland;lodestone;wiki,ambiguous,listed,3,0
66573,A Hero in Need,lodestone;wiki,notModeled,prereqs,20,0
66574,High Standards,lodestone;wiki,notModeled,prereqs,20,0
66575,The Ladle in the Darkness,lodestone;wiki,notModeled,listed,9,0
66576,Crate Expectations,lodestone;wiki,notModeled,prereqs,20,0
66577,Jumping on a Grenade,lodestone;wiki,notModeled,prereqs,20,0
66578,All upon the Watchtowers,lodestone;wiki,notModeled,listed,9,0
66579,Hearts on Fire,lodestone;wiki,ambiguous,listed,2,0
66580,The Life of the Party,lodestone;wiki,notModeled,prereqs,20,0
66581,An Eye for Elixirs,lodestone;wiki,notModeled,prereqs,20,0
66582,Setting the Stage,lodestone;wiki,notModeled,listed,9,0
66583,A Recurring Problem,lodestone;wiki,notModeled,prereqs,20,0
66584,"Ifrit Bleeds, We Can Kill It",garland;lodestone;wiki,sourceWrong,rewards,22,0
66585,Pride and Duty (Will Take You from the Mountain),lodestone;wiki,sourceWrong,rewards,20,0
66586,Embracing the Beast,lodestone;wiki,notModeled,prereqs,20,0
66587,Curious Gorge Goes to Wineport,lodestone;wiki,notModeled,prereqs,20,0
66588,Looking the Part,lodestone;wiki,sourceWrong,rewards,20,0
66589,Proof Is the Pudding,lodestone;wiki,notModeled,prereqs,20,0
66590,How to Quit You,lodestone;wiki,notModeled,prereqs,20,0
66591,Paladin's Pledge,lodestone;wiki,sourceWrong,rewards,20,0
66592,Honor Lost,lodestone;wiki,notModeled,prereqs,20,0
66593,Power Struggles,lodestone;wiki,notModeled,prereqs,20,0
66594,Poisoned Hearts,lodestone;wiki,sourceWrong,rewards,20,0
66595,Parley in the Sagolii,lodestone;wiki,notModeled,prereqs,20,0
66596,Keeping the Oath,lodestone;wiki,notModeled,prereqs,20,0
66597,Brother from Another Mother,lodestone;wiki,sourceWrong,rewards,20,0
66598,Insulted Intelligence,lodestone;wiki,notModeled,prereqs,20,0
66599,A Slave to the Aether,lodestone;wiki,notModeled,prereqs,20,0
66600,The Pursuit of Power,lodestone;wiki,notModeled,prereqs,20,0
66601,Good Vibrations,lodestone;wiki,sourceWrong,rewards,20,0
66602,Five Easy Pieces,lodestone;wiki,notModeled,prereqs,20,0
66603,Eye of the Dragon,lodestone;wiki,sourceWrong,rewards,20,0
66604,Lance of Fury,lodestone;wiki,notModeled,prereqs,20,0
66605,Unfading Skies,lodestone;wiki,notModeled,prereqs,20,0
66606,Double Dragoon,lodestone;wiki,sourceWrong,rewards,20,0
66607,Fatal Seduction,lodestone;wiki,notModeled,prereqs,20,0
66608,Into the Dragon's Maw,lodestone;wiki,notModeled,prereqs,20,0
66609,Taking the Black,lodestone;wiki,sourceWrong,rewards,20,0
66610,You'll Never Go Back,lodestone;wiki,notModeled,prereqs,20,0
66611,International Relations,lodestone;wiki,notModeled,prereqs,20,0
66612,The Voidgate Breathes Gloomy,lodestone;wiki,notModeled,prereqs,20,0
66613,The Blood Must Flow,lodestone;wiki,sourceWrong,rewards,20,0
66614,Always Bet on Black,lodestone;wiki,notModeled,prereqs,20,0
66615,Seer Folly,lodestone;wiki,sourceWrong,rewards,20,0
66616,Only You Can Prevent Forest Ire,lodestone;wiki,notModeled,prereqs,20,0
66617,"O Brother, Where Art Thou",lodestone;wiki,notModeled,prereqs,20,0
66618,Following in His Footsteps,lodestone;wiki,sourceWrong,rewards,20,0
66619,Yearn for the Urn,lodestone;wiki,notModeled,prereqs,20,0
66620,Heart of the Forest,lodestone;wiki,notModeled,prereqs,20,0
66621,A Song of Bards and Bowmen,lodestone;wiki,sourceWrong,rewards,20,0
66622,The Archer's Anthem,lodestone;wiki,notModeled,prereqs,20,0
66623,Bard's-eye View,lodestone;wiki,notModeled,prereqs,20,0
66624,Doing It the Bard Way,lodestone;wiki,notModeled,prereqs,20,0
66625,Pieces of the Past,lodestone;wiki,sourceWrong,rewards,20,0
66626,Requiem for the Fallen,lodestone;wiki,notModeled,prereqs,20,0
66627,Austerities of Flame,lodestone;wiki,sourceWrong,duties,21,0
66628,Austerities of Earth,lodestone;wiki,sourceWrong,duties,21,0
66629,Shadowing the Summoner,lodestone;wiki,notModeled,prereqs,20,0
66630,Allagan Attire,lodestone;wiki,sourceWrong,rewards,20,0
66631,Austerities of Wind,lodestone;wiki,sourceWrong,duties,21,0
66632,Primal Burdens,lodestone;wiki,notModeled,prereqs,20,0
66633,Forgotten but Not Gone,lodestone;wiki,notModeled,prereqs,20,0
66634,The Last Remnants,lodestone;wiki,notModeled,prereqs,20,0
66635,The Consequences of Anger,lodestone;wiki,notModeled,prereqs,20,0
66636,In the Image of the Ancients,lodestone;wiki,sourceWrong,rewards,20,0
66637,For Your Fellow Man,lodestone;wiki,notModeled,prereqs,20,0
66638,The Beast Within,lodestone;wiki,notModeled,prereqs,20,0
66639,Topaz Teachings,lodestone;wiki,notModeled,prereqs,20,0
66640,A Pup No Longer (Maelstrom),lodestone;wiki,sourceWrong,rewards,21,0
66641,A Pup No Longer (Twin Adder),lodestone;wiki,sourceWrong,rewards,21,0
66642,A Pup No Longer (Immortal Flames),lodestone;wiki,sourceWrong,rewards,21,0
66643,Way of the Fisher,lodestone;wiki,notModeled,prereqs,20,0
66644,My First Fishing Rod,lodestone;wiki,notModeled,prereqs,20,0
66645,Bigger Fish to Fry,lodestone;wiki,notModeled,prereqs,20,0
66646,The Princess and the Fish,lodestone;wiki,notModeled,prereqs,20,0
66647,Every Fish Has a Silver Lining,lodestone;wiki,notModeled,prereqs,20,0
66648,A Fish in Hot Water,lodestone;wiki,notModeled,prereqs,20,0
66649,A Game of Cat and Fish,lodestone;wiki,notModeled,prereqs,20,0
66650,Like Fish Passing in the Night,lodestone;wiki,notModeled,prereqs,20,0
66651,A Fish out of Water,lodestone;wiki,notModeled,prereqs,20,0
66652,Fishing in the Rain,lodestone;wiki,notModeled,prereqs,20,0
66653,I Believe Fish Can Fly,lodestone;wiki,notModeled,prereqs,20,0
66654,"So Long, and Thanks for All the Fish",lodestone;wiki,notModeled,prereqs,20,0
66655,A Relic Reborn (Bravura),garland;lodestone;wiki,notModeled,dutyUnlock,22,0
66656,A Relic Reborn (Curtana),garland;lodestone;wiki,notModeled,dutyUnlock,22,0
66657,A Relic Reborn (Sphairai),garland;lodestone;wiki,notModeled,dutyUnlock,22,0
66658,A Relic Reborn (Gae Bolg),garland;lodestone;wiki,notModeled,dutyUnlock,22,0
66659,A Relic Reborn (Stardust Rod),garland;lodestone;wiki,notModeled,dutyUnlock,22,0
66660,A Relic Reborn (Thyrus),garland;lodestone;wiki,notModeled,dutyUnlock,22,0
66661,A Relic Reborn (Artemis Bow),garland;lodestone;wiki,notModeled,dutyUnlock,22,0
66662,A Relic Reborn (The Veil of Wiyu),garland;lodestone;wiki,notModeled,dutyUnlock,22,0
66663,A Relic Reborn (Omnilex),garland;lodestone;wiki,notModeled,dutyUnlock,22,0
66664,Shadows Uncast (Maelstrom),garland;lodestone;wiki,sourceWrong,rewards,22,0
66665,Shadows Uncast (Twin Adder),garland;lodestone;wiki,sourceWrong,rewards,22,0
66666,Shadows Uncast (Immortal Flames),garland;lodestone;wiki,sourceWrong,rewards,22,0
66667,Gilding the Bilious (Maelstrom),garland;lodestone;wiki,sourceWrong,rewards,22,0
66668,Gilding the Bilious (Twin Adder),garland;lodestone;wiki,sourceWrong,rewards,22,0
66669,Gilding the Bilious (Immortal Flames),garland;lodestone;wiki,sourceWrong,rewards,22,0
66670,So You Want to Be a Fisher,lodestone;wiki,notModeled,listed,9,0
66671,Ghosts of Amdapor,garland;lodestone;wiki,notModeled,prereqs,23,0
66672,Rock the Castrum,lodestone;wiki,ambiguous,listed,2,0
66676,One Man's Trash,lodestone;wiki,notModeled,prereqs,20,0
66677,Morbid Motivation,lodestone;wiki,notModeled,prereqs,20,0
66678,Keep Your Day Job,lodestone;wiki,notModeled,prereqs,20,0
66679,Mountains out of Molehills,lodestone;wiki,notModeled,prereqs,20,0
66680,Walk of Shame,lodestone;wiki,notModeled,prereqs,20,0
66681,On a Wing and a Prayer,lodestone;wiki,notModeled,prereqs,20,0
66682,Mummy Dearest,lodestone;wiki,notModeled,prereqs,20,0
66683,Nest We Forget,lodestone;wiki,notModeled,prereqs,20,0
66684,Toxic Avenger,lodestone;wiki,notModeled,prereqs,20,0
66685,My Brother's Not a Keeper,lodestone;wiki,notModeled,prereqs,20,0
66686,Flowers for Aerghaemr,lodestone;wiki,notModeled,prereqs,20,0
66687,Scythe Extra Large,lodestone;wiki,notModeled,prereqs,20,0
66688,I Hereby Relieve You,lodestone;wiki,notModeled,prereqs,20,0
66689,For the Winsome,lodestone;wiki,notModeled,prereqs,20,0
66690,Seeking the Scoop,lodestone;wiki,notModeled,prereqs,20,0
66691,The Knight's Passage,lodestone;wiki,notModeled,prereqs,20,0
66692,Wonder and Lightning,lodestone;wiki,notModeled,prereqs,20,0
66693,In for Garuda Awakening,garland;lodestone;wiki,sourceWrong,rewards,23,0
66694,In a Titan Spot,garland;lodestone;wiki,sourceWrong,rewards,23,0
66695,Primal Awakening,garland;lodestone;wiki,notModeled,dutyUnlock,23,0
66696,Alisaie's Pledge,lodestone;wiki,notModeled,prereqs,21,0
66698,My Feisty Little Chocobo,lodestone;wiki,notModeled,prereqs,20,0
66699,Not-so-evil Dead,lodestone;wiki,notModeled,prereqs,20,0
66700,Show Me the Candy,lodestone;wiki,sourceWrong,rewards,20,0
66701,I Burn for You,lodestone;wiki,notModeled,prereqs,20,0
66702,Monstrous Mummery,lodestone;wiki,notModeled,prereqs,20,0
66703,Not-so-evil Dead,lodestone;wiki,notModeled,prereqs,20,0
66704,Show Me the Candy,lodestone;wiki,sourceWrong,rewards,20,0
66705,I Burn for You,lodestone;wiki,notModeled,prereqs,20,0
66706,Monstrous Mummery,lodestone;wiki,notModeled,prereqs,20,0
66707,Not-so-evil Dead,lodestone;wiki,notModeled,prereqs,20,0
66708,Show Me the Candy,lodestone;wiki,sourceWrong,rewards,20,0
66709,I Burn for You,lodestone;wiki,notModeled,prereqs,20,0
66710,Monstrous Mummery,lodestone;wiki,notModeled,prereqs,20,0
66711,The Price of Principles,lodestone;wiki,notModeled,prereqs,20,0
66712,Moving On,lodestone;wiki,ambiguous,listed,2,0
66713,Flowers for One,lodestone;wiki,notModeled,listed,9,0
66714,All Things in Time,lodestone;wiki,ambiguous,listed,2,0
66715,The Resolute,lodestone;wiki,notModeled,listed,9,0
66716,Laying the Foundation,lodestone;wiki,ambiguous,listed,2,0
66717,Better Late than Sever,lodestone;wiki,notModeled,listed,9,0
66718,Rock-solid Protection,lodestone;wiki,notModeled,dutyUnlock,10,0
66719,Crate Go Kaboom,lodestone;wiki,notModeled,listed,9,0
66720,Hest of the Best,lodestone;wiki,notModeled,listed,9,0
66721,Pass the Smell Hest,lodestone;wiki,notModeled,listed,9,0
66722,You're Gonna Carry That,lodestone;wiki,notModeled,listed,9,0
66723,The Things We Do for Tea,lodestone;wiki,notModeled,listed,9,0
66724,It's Possibly a Primal,lodestone;wiki,ambiguous,listed,2,0
66725,"Hail to the King, Kupo",lodestone;wiki,notModeled,prereqs,20,0
66726,You Have Selected Regicide,garland;lodestone;wiki,notModeled,prereqs,22,0
66727,On the Properties of Primals,lodestone;wiki,notModeled,prereqs,20,0
66728,The Gifted,lodestone;wiki,notModeled,prereqs,20,0
66729,Build on the Stone,lodestone;wiki,ambiguous,listed,2,0
66730,Primal Nature,lodestone;wiki,notModeled,prereqs,21,0
66731,Gale-force Warning,garland;lodestone;wiki,sourceWrong,rewards,22,0
66732,Quake Me Up Before You O'Ghomoro,garland;lodestone;wiki,sourceWrong,rewards,22,0
66733,Ifrit Ain't Broke,garland;lodestone;wiki,sourceWrong,rewards,22,0
66734,To Tussle with Gods,lodestone;wiki,notModeled,prereqs,20,0
66735,Legacy of Allag,lodestone;wiki,ambiguous,listed,2,0
66736,Sanding It Down,lodestone;wiki,notModeled,prereqs,20,0
66737,A Performance for the Ages,lodestone;wiki,notModeled,prereqs,20,0
66738,Labyrinth of the Ancients,garland;lodestone;wiki,notModeled,prereqs,22,0
66739,For Prosperity,lodestone;wiki,notModeled,prereqs,20,0
66740,The Rise and Fall of Gentlemen,lodestone;wiki,notModeled,prereqs,20,0
66741,Back in the Saddle,lodestone;wiki,notModeled,prereqs,20,0
66742,After Her Own Heart,lodestone;wiki,notModeled,prereqs,20,0
66743,The Immaculate Deception,lodestone;wiki,notModeled,prereqs,20,0
66744,Sirius Business,lodestone;wiki,notModeled,prereqs,21,0
66745,Why So Sirius,lodestone;wiki,notModeled,prereqs,21,0
66746,Beauty Is Only Scalp Deep,lodestone;wiki,notModeled,prereqs,20,0
66747,Treasures and Tribulations,lodestone;wiki,notModeled,prereqs,20,0
66748,Where the Heart Is (The Lavender Beds),lodestone;wiki,notModeled,prereqs,20,0
66749,Where the Heart Is (The Goblet),lodestone;wiki,notModeled,prereqs,20,0
66750,Where the Heart Is (Mist),lodestone;wiki,notModeled,prereqs,20,0
66751,Maniac Manor,lodestone;wiki,notModeled,prereqs,21,0
66752,"Out of Sight, Out of Mine",lodestone;wiki,notModeled,prereqs,21,0
66753,Peace for Thanalan,lodestone;wiki,notModeled,prereqs,20,0
66754,Brotherhood of Ash,lodestone;wiki,notModeled,prereqs,20,0
66755,Ranger Rescue,lodestone;wiki,notModeled,prereqs,20,0
66756,An Eye on the Inside,lodestone;wiki,notModeled,prereqs,20,0
66757,Martial Perfection,lodestone;wiki,notModeled,prereqs,20,0
66758,A Shell to Scry On,lodestone;wiki,sourceWrong,rewards,20,0
66759,Borderline Slaughter,lodestone;wiki,sourceWrong,rewards,20,0
66760,A Sappy Ending,lodestone;wiki,sourceWrong,rewards,20,0
66761,Luring Lacovie,lodestone;wiki,sourceWrong,rewards,20,0
66762,Fighting Firesand with Fire,lodestone;wiki,sourceWrong,rewards,20,0
66763,Smothering Instinct,lodestone;wiki,sourceWrong,rewards,20,0
66764,Losing One's Tempered,lodestone;wiki,sourceWrong,rewards,20,0
66765,Ravage the Ravagers,lodestone;wiki,sourceWrong,rewards,20,0
66766,Arms of the U,lodestone;wiki,sourceWrong,rewards,20,0
66767,Blitzing the Beacons,lodestone;wiki,sourceWrong,rewards,20,0
66768,Rite Where It Hurts,lodestone;wiki,sourceWrong,rewards,20,0
66769,Thinning the Ranks,lodestone;wiki,sourceWrong,rewards,20,0
66770,Forged in Flame,lodestone;wiki,sourceWrong,rewards,20,0
66771,Beacon Keepers,lodestone;wiki,sourceWrong,rewards,20,0
66772,Singed Fur Their Own Good,lodestone;wiki,sourceWrong,rewards,20,0
66773,The Gland That Feeds You,lodestone;wiki,sourceWrong,rewards,20,0
66774,Douse Them While They're Down,lodestone;wiki,sourceWrong,rewards,20,0
66775,Before They Are Tempered,lodestone;wiki,sourceWrong,rewards,20,0
66776,Hard to Port,lodestone;wiki,sourceWrong,rewards,20,0
66777,This Infernal Heat,lodestone;wiki,sourceWrong,rewards,20,0
66778,Elite Beating,lodestone;wiki,sourceWrong,rewards,20,0
66779,Unholier than Thou,lodestone;wiki,sourceWrong,rewards,20,0
66780,Raiding the Cache,lodestone;wiki,sourceWrong,rewards,20,0
66781,Pulling Fangs,lodestone;wiki,sourceWrong,rewards,20,0
66782,Demolition Drake,lodestone;wiki,sourceWrong,rewards,20,0
66783,Fire-spitting Image,lodestone;wiki,sourceWrong,rewards,20,0
66784,Nothing Sacred,lodestone;wiki,sourceWrong,rewards,20,0
66785,Fodder for the Flamefangs,lodestone;wiki,sourceWrong,rewards,20,0
66786,Hatchling Humiliation,lodestone;wiki,sourceWrong,rewards,20,0
66787,The Beacon That Burns You,lodestone;wiki,sourceWrong,rewards,20,0
66788,Seeking Solace,lodestone;wiki,notModeled,prereqs,20,0
66789,Voyce of Concern,lodestone;wiki,notModeled,prereqs,20,0
66790,Pilfered Podlings,lodestone;wiki,notModeled,prereqs,20,0
66791,Idle Hands,lodestone;wiki,notModeled,prereqs,20,0
66792,Feathers and Folly,lodestone;wiki,notModeled,prereqs,20,0
66793,Deck the Hut,lodestone;wiki,sourceWrong,rewards,20,0
66794,Malodorous Mischief,lodestone;wiki,sourceWrong,rewards,20,0
66795,Gourd Grief,lodestone;wiki,sourceWrong,rewards,20,0
66796,Feed Me,lodestone;wiki,sourceWrong,rewards,20,0
66797,Giddy for Goobbues,lodestone;wiki,sourceWrong,rewards,20,0
66798,Now You See Me,lodestone;wiki,sourceWrong,rewards,20,0
66799,Imperial Intruders,lodestone;wiki,sourceWrong,rewards,20,0
66800,The Magitek Menace,lodestone;wiki,sourceWrong,rewards,20,0
66801,Not Who They Seem,lodestone;wiki,sourceWrong,rewards,20,0
66802,Raising a Stink,lodestone;wiki,sourceWrong,rewards,20,0
66803,With One Stone,lodestone;wiki,sourceWrong,rewards,20,0
66804,I Dream of Slimy,lodestone;wiki,sourceWrong,rewards,20,0
66805,Mushroom Madness,lodestone;wiki,sourceWrong,rewards,20,0
66806,Milkroot in Moderation,lodestone;wiki,sourceWrong,rewards,20,0
66807,Something to Sneeze At,lodestone;wiki,sourceWrong,rewards,20,0
66808,Shocking Developments,lodestone;wiki,sourceWrong,rewards,20,0
66809,Waterbringer,lodestone;wiki,sourceWrong,rewards,20,0
66810,"In the Sylphlands, Treasure Hunts You",lodestone;wiki,sourceWrong,rewards,20,0
66811,Perilous Pumpkins,lodestone;wiki,sourceWrong,rewards,20,0
66812,Fungal Foulness,lodestone;wiki,sourceWrong,rewards,20,0
66813,Ripe for the Picking,lodestone;wiki,sourceWrong,rewards,20,0
66814,A Sticky Situation,lodestone;wiki,sourceWrong,rewards,20,0
66815,Sympathy for the Sentinel,lodestone;wiki,sourceWrong,rewards,20,0
66816,No Root for You,lodestone;wiki,sourceWrong,rewards,20,0
66817,Mist Opportunities,lodestone;wiki,sourceWrong,rewards,20,0
66818,Clearing the Air,lodestone;wiki,sourceWrong,rewards,20,0
66819,Podling Peril,lodestone;wiki,sourceWrong,rewards,20,0
66820,Boar Wars,lodestone;wiki,sourceWrong,rewards,20,0
66821,Moxia's Magnum Opus,lodestone;wiki,sourceWrong,rewards,20,0
66822,Bane of the Barbs,lodestone;wiki,sourceWrong,rewards,20,0
66823,Burgeoning Dread,lodestone;wiki,notModeled,prereqs,20,0
66824,Breaking Brick Mountains,lodestone;wiki,notModeled,prereqs,20,0
66825,Like Cats and Dogs,lodestone;wiki,notModeled,prereqs,20,0
66826,Man's Best Fiend,lodestone;wiki,notModeled,prereqs,20,0
66827,Curiosity Killed the Coeurl,lodestone;wiki,notModeled,prereqs,20,0
66828,A Horse for Heavensturn,lodestone;wiki,notModeled,prereqs,20,0
66829,"Turn Around, Beautiful",lodestone;wiki,notModeled,prereqs,20,0
66830,Heavens Know You're Fast,lodestone;wiki,notModeled,prereqs,20,0
66831,Heavenly Power,lodestone;wiki,notModeled,prereqs,20,0
66832,Thank Heavensturn for You,lodestone;wiki,notModeled,prereqs,20,0
66833,The Puissance of Love,lodestone;wiki,notModeled,prereqs,20,0
66834,"Sweet, Sweet Love",lodestone;wiki,notModeled,prereqs,20,0
66835,Right Here Waiting,lodestone;wiki,notModeled,prereqs,20,0
66836,Love Is a Battleground,lodestone;wiki,notModeled,prereqs,20,0
66837,Never Say Farewell,lodestone;wiki,notModeled,prereqs,20,0
66838,All the Little Ladies (Gridania),lodestone;wiki,notModeled,prereqs,20,0
66839,All the Little Ladies (Limsa Lominsa),lodestone;wiki,notModeled,prereqs,20,0
66840,All the Little Ladies (Ul'dah),lodestone;wiki,notModeled,prereqs,20,0
66841,A Peach by Any Other Name,lodestone;wiki,notModeled,prereqs,20,0
66842,Say It with Peaches,lodestone;wiki,notModeled,prereqs,20,0
66843,A Real Peach,lodestone;wiki,notModeled,prereqs,20,0
66844,The Ultimate Ballad,garland;lodestone;wiki,notModeled,prereqs,22,0
66845,Primal Focus,lodestone;wiki,notModeled,prereqs,20,0
66846,Toss Fit Workout,lodestone;wiki,notModeled,prereqs,20,0
66847,Rolling with the Snowies,lodestone;wiki,notModeled,prereqs,20,0
66849,Another Turn in the Coil,garland;lodestone;wiki,notModeled,dutyUnlock,22,0
66850,Alisaie's Resolve,lodestone;wiki,notModeled,prereqs,21,0
66851,The Science of Deduction,lodestone;wiki,notModeled,prereqs,20,0
66852,The Hammer,lodestone;wiki,notModeled,prereqs,20,0
66853,Manderville Men,lodestone;wiki,notModeled,prereqs,20,0
66854,The Three Collectors,garland;lodestone;wiki,notModeled,prereqs,22,0
66856,Highway Robbery,lodestone;wiki,notModeled,prereqs,20,0
66857,How Low Can You Go,lodestone;wiki,notModeled,prereqs,20,0
66858,No-good Zo Ga's Ambition,lodestone;wiki,notModeled,prereqs,20,0
66859,The Kobold and the Beautiful,lodestone;wiki,notModeled,prereqs,20,0
66860,Revenge of the Furred,lodestone;wiki,notModeled,prereqs,20,0
66861,Rubbish for Refuse,lodestone;wiki,sourceWrong,rewards,20,0
66862,No Such Thing as a Free Lunch,lodestone;wiki,sourceWrong,rewards,20,0
66863,Finger Licking Good,lodestone;wiki,sourceWrong,rewards,20,0
66864,Battle of the Bottom-feeders,lodestone;wiki,sourceWrong,rewards,20,0
66865,Mothers of All Bombs,lodestone;wiki,sourceWrong,rewards,20,0
66866,Know Your Place,lodestone;wiki,sourceWrong,rewards,20,0
66867,Misery Loves Company,lodestone;wiki,sourceWrong,rewards,20,0
66868,Ill-gotten Gains,lodestone;wiki,sourceWrong,rewards,20,0
66869,Hells Have No Fury,lodestone;wiki,sourceWrong,rewards,20,0
66870,Bo Zu's Blown Cover,lodestone;wiki,sourceWrong,rewards,20,0
66871,Ambushing the Assessors,lodestone;wiki,sourceWrong,rewards,20,0
66872,The Lode Warrior,lodestone;wiki,sourceWrong,rewards,20,0
66873,Armed and Dangerous,lodestone;wiki,sourceWrong,rewards,20,0
66874,Too Hot to Handle,lodestone;wiki,sourceWrong,rewards,20,0
66875,Operation Riffraff,lodestone;wiki,sourceWrong,rewards,20,0
66876,The Sly Salvages,lodestone;wiki,sourceWrong,rewards,20,0
66877,Belles of the Ball,lodestone;wiki,sourceWrong,rewards,20,0
66878,Contents Unknown,lodestone;wiki,sourceWrong,rewards,20,0
66879,Brain Buster,lodestone;wiki,sourceWrong,rewards,20,0
66880,A Dangerous Delivery,lodestone;wiki,sourceWrong,rewards,20,0
66881,Still Waters,lodestone;wiki,ambiguous,listed,2,0
66882,A Final Temptation,lodestone;wiki,notModeled,prereqs,20,0
66883,The Mother of Exiles,lodestone;wiki,notModeled,prereqs,20,0
66884,Promises to Keep,lodestone;wiki,ambiguous,listed,2,0
66885,A Small-scale Operation,lodestone;wiki,notModeled,listed,9,0
66886,Yugiri's Game,lodestone;wiki,ambiguous,listed,2,0
66887,If Wishes Were Horsebirds,lodestone;wiki,notModeled,listed,9,0
66888,Why We Adventure,lodestone;wiki,notModeled,prereqs,20,0
66889,All Due Respect,lodestone;wiki,ambiguous,listed,2,0
66890,"Full Belly, Happy Heart",lodestone;wiki,notModeled,listed,9,0
66891,Writhing in the Dark,lodestone;wiki,notModeled,listed,9,0
66892,The Sea Rises,lodestone;wiki,notModeled,prereqs,20,0
66893,Fireworks and Fish Don't Mix,lodestone;wiki,notModeled,listed,9,0
66894,Scouts in Distress,lodestone;wiki,notModeled,prereqs,20,0
66895,The Gift of Eternity,lodestone;wiki,notModeled,prereqs,20,0
66896,Into the Heart of the Whorl,lodestone;wiki,notModeled,prereqs,20,0
66897,Lord of the Whorl,garland;lodestone;wiki,notModeled,prereqs,22,0
66898,When Yugiri Met the Fraternity,lodestone;wiki,notModeled,prereqs,20,0
66899,Through the Maelstrom,lodestone;wiki,notModeled,prereqs,20,0
66900,A Coblyn Catastrophe,lodestone;wiki,sourceWrong,rewards,20,0
66901,Friends in Low Places,lodestone;wiki,sourceWrong,rewards,20,0
66902,Glutton for Punishment,lodestone;wiki,sourceWrong,rewards,20,0
66903,Genius at Work,lodestone;wiki,sourceWrong,rewards,20,0
66904,Fulminating Furnaces,lodestone;wiki,sourceWrong,rewards,20,0
66905,A Meal Fit for a Fugleman,lodestone;wiki,sourceWrong,rewards,20,0
66906,Spread the Wealth,lodestone;wiki,sourceWrong,rewards,20,0
66907,Ba Go's Behest,lodestone;wiki,sourceWrong,rewards,20,0
66908,Wrath of the Roundsman,lodestone;wiki,sourceWrong,rewards,20,0
66909,Angry Angry Acolyte,lodestone;wiki,sourceWrong,rewards,20,0
66910,They Came from the Deep,lodestone;wiki,notModeled,prereqs,20,0
66911,Clutch and Kin,lodestone;wiki,notModeled,prereqs,20,0
66912,The Scarlet Bloodletter,lodestone;wiki,notModeled,prereqs,20,0
66913,Watching the Spawn,lodestone;wiki,notModeled,prereqs,20,0
66914,"Like Clutchfather, Like Son",lodestone;wiki,notModeled,prereqs,20,0
66915,A Killer Strategy,lodestone;wiki,sourceWrong,rewards,20,0
66916,Standard Procedure,lodestone;wiki,sourceWrong,rewards,20,0
66917,Enemy at the Tidegates,lodestone;wiki,sourceWrong,rewards,20,0
66918,A Taste for Paste,lodestone;wiki,sourceWrong,rewards,20,0
66919,Spawning Ground Salvation,lodestone;wiki,sourceWrong,rewards,20,0
66920,A Quick Snip,lodestone;wiki,sourceWrong,rewards,20,0
66921,Violence of the Clams,lodestone;wiki,sourceWrong,rewards,20,0
66922,Wind from Their Sails,lodestone;wiki,sourceWrong,rewards,20,0
66923,A Crate-ful Response,lodestone;wiki,sourceWrong,rewards,20,0
66924,Skullduggery,lodestone;wiki,sourceWrong,rewards,20,0
66925,One Night in Amdapor,lodestone;wiki,notModeled,prereqs,21,0
66926,"Move Along, Nothing to Heal Here",lodestone;wiki,sourceWrong,rewards,20,0
66927,Ain't Got Time to Breed,lodestone;wiki,sourceWrong,rewards,20,0
66928,Get a Lode of This,lodestone;wiki,sourceWrong,rewards,20,0
66929,Ballista Bust-up,lodestone;wiki,sourceWrong,rewards,20,0
66930,Better Ash than Blood,lodestone;wiki,sourceWrong,rewards,20,0
66931,Put a Shhhock in It,lodestone;wiki,sourceWrong,rewards,20,0
66932,Clutchfather Knows Best,lodestone;wiki,sourceWrong,rewards,20,0
66933,A Nap Before Drowning,lodestone;wiki,sourceWrong,rewards,20,0
66934,In the Shadow of the Moon,lodestone;wiki,sourceWrong,rewards,20,0
66935,Learn by Destroying,lodestone;wiki,sourceWrong,rewards,20,0
66936,Tines of the Trident,lodestone;wiki,sourceWrong,rewards,20,0
66937,Shellfish Schemes,lodestone;wiki,sourceWrong,rewards,20,0
66938,An Enthralling Engagement,lodestone;wiki,sourceWrong,rewards,20,0
66939,Up in Shhhmoke,lodestone;wiki,sourceWrong,rewards,20,0
66940,Reaving in a Hurry,lodestone;wiki,sourceWrong,rewards,20,0
66941,The Tail's the Best Part,lodestone;wiki,sourceWrong,rewards,20,0
66942,Unfair Trading,lodestone;wiki,sourceWrong,rewards,20,0
66943,Sea Scraps,lodestone;wiki,sourceWrong,rewards,20,0
66944,Plunder Fire,lodestone;wiki,sourceWrong,rewards,20,0
66945,Removing the Stain,lodestone;wiki,sourceWrong,rewards,20,0
66946,This Time's for Fun,lodestone;wiki,notModeled,prereqs,22,0
66947,Curds and Slay,lodestone;wiki,notModeled,prereqs,21,0
66948,The King Lives,lodestone;wiki,notModeled,prereqs,21,0
66949,Whorl of a Time,lodestone;wiki,notModeled,prereqs,21,0
66950,Egg-hunting We Will Go (Gridania),lodestone;wiki,notModeled,prereqs,20,0
66951,Egg-hunting We Will Go (Limsa Lominsa),lodestone;wiki,notModeled,prereqs,20,0
66952,Egg-hunting We Will Go (Ul'dah),lodestone;wiki,notModeled,prereqs,20,0
66953,Eggsigent Circumstances,lodestone;wiki,notModeled,prereqs,20,0
66954,Nothing to Yolk About,lodestone;wiki,notModeled,prereqs,20,0
66955,The Yolks on Us,lodestone;wiki,notModeled,prereqs,20,0
66956,Hard-boiled,lodestone;wiki,notModeled,prereqs,20,0
66957,A Self-improving Man,lodestone;wiki,notModeled,prereqs,20,0
66958,Submission Impossible,lodestone;wiki,notModeled,prereqs,20,0
66959,Just Tooling Around,lodestone;wiki,notModeled,prereqs,20,0
66960,Seeds of Change,lodestone;wiki,notModeled,prereqs,20,0
66961,Saw That One Coming,lodestone;wiki,notModeled,prereqs,20,0
66962,Good for What Ales You,lodestone;wiki,notModeled,prereqs,20,0
66963,"Help Me, Lord of the Dance",lodestone;wiki,notModeled,prereqs,20,0
66964,He's Got a Ticket to Ride,lodestone;wiki,notModeled,prereqs,9,0
66965,Lend Me Your Ears Already,lodestone;wiki,match,,9,0
66966,The Beast of Brewer's Beacon,lodestone;wiki,notModeled,prereqs,20,0
66967,Rising to the Challenge,lodestone;wiki,notModeled,prereqs,20,0
66968,An Ill-conceived Venture,lodestone;wiki,notModeled,prereqs,20,0
66969,An Ill-conceived Venture,lodestone;wiki,notModeled,prereqs,20,0
66970,An Ill-conceived Venture,lodestone;wiki,notModeled,prereqs,20,0
66971,Up in Arms,lodestone;wiki,notModeled,prereqs,20,0
66972,Trials of the Braves,lodestone;wiki,notModeled,prereqs,20,0
66973,The Greatest Story Never Told,lodestone;wiki,notModeled,prereqs,20,0
66974,The Business of Betrothal,lodestone;wiki,notModeled,prereqs,20,0
66975,A Burst of Inspiration,lodestone;wiki,notModeled,prereqs,20,0
66976,Seeds of Rebellion,lodestone;wiki,notModeled,prereqs,20,0
66977,A Case of Indecency,lodestone;wiki,notModeled,prereqs,20,0
66978,The Great Divide,lodestone;wiki,notModeled,prereqs,20,0
66979,Desperate Times,lodestone;wiki,notModeled,prereqs,20,0
66980,Shock and Awe,lodestone;wiki,ambiguous,listed,2,0
66981,Reap the Whirlwind,lodestone;wiki,ambiguous,listed,2,0
66982,Revolution,lodestone;wiki,notModeled,prereqs,20,0
66983,Stories We Tell,lodestone;wiki,notModeled,prereqs,20,0
66984,Lord of Levin,lodestone;wiki,notModeled,prereqs,20,0
66985,A Sylphlands Sting,lodestone;wiki,notModeled,listed,9,0
66986,Scattered Scions,lodestone;wiki,notModeled,listed,9,0
66987,True to Form,lodestone;wiki,notModeled,listed,9,0
66988,Levin an Impression,lodestone;wiki,ambiguous,listed,2,0
66989,What Little Gods Are Made Of,lodestone;wiki,notModeled,prereqs,20,0
66990,A Hard Hapalit to Break,lodestone;wiki,notModeled,listed,9,0
66991,Picking Up the Sledge,lodestone;wiki,notModeled,listed,9,0
66992,Guardian of Eorzea,lodestone;wiki,notModeled,prereqs,20,0
66993,Recruiting the Realm,lodestone;wiki,notModeled,prereqs,20,0
66994,Heretical Harassment,lodestone;wiki,notModeled,prereqs,20,0
66995,When the Cold Sets In,lodestone;wiki,notModeled,prereqs,20,0
66996,Brave New Companions,lodestone;wiki,notModeled,prereqs,20,0
66998,Celestial Radiance,lodestone;wiki,notModeled,prereqs,20,0
66999,Marvelously Mutable Materia,lodestone;wiki,notModeled,prereqs,20,0
67000,"Star Light, Star Bright",lodestone;wiki,notModeled,prereqs,20,0
67001,Call of the Wild (Twin Adder),lodestone;wiki,notModeled,prereqs,20,0
67002,Call of the Wild (Maelstrom),lodestone;wiki,notModeled,prereqs,20,0
67003,Call of the Wild (Immortal Flames),lodestone;wiki,notModeled,prereqs,20,0
67004,Little Sylphs Lost,lodestone;wiki,notModeled,prereqs,20,0
67005,Clutching at Straws,lodestone;wiki,notModeled,prereqs,20,0
67006,Digging for Answers,lodestone;wiki,notModeled,prereqs,20,0
67007,Rattled in Ehcatl,lodestone;wiki,notModeled,prereqs,20,0
67008,Ash Not What Your Brotherhood Can Do for You,lodestone;wiki,notModeled,prereqs,20,0
67009,Friends Forever,lodestone;wiki,notModeled,prereqs,20,0
67010,Syrcus Tower,garland;lodestone;wiki,notModeled,prereqs,22,0
67011,The Paths We Walk,lodestone;wiki,notModeled,prereqs,20,0
67012,The Oaths We Swear,lodestone;wiki,notModeled,prereqs,20,0
67013,The Legacies We Leave,lodestone;wiki,notModeled,prereqs,20,0
67014,The Triumphs We Share,lodestone;wiki,notModeled,prereqs,20,0
67015,The Burdens We Bear,lodestone;wiki,notModeled,prereqs,20,0
67016,Unidentified Flying Object,lodestone;wiki,notModeled,prereqs,20,0
67017,Of Errant Epistles,lodestone;wiki,notModeled,prereqs,20,0
67018,Carline Memories,lodestone;wiki,notModeled,prereqs,20,0
67019,A Debt Unpaid,lodestone;wiki,notModeled,prereqs,20,0
67020,Dream On,lodestone;wiki,notModeled,prereqs,20,0
67021,Thwack-a-Mole,lodestone;wiki,notModeled,prereqs,20,0
67022,A Bad Bladder,lodestone;wiki,notModeled,prereqs,20,0
67023, Reaching for Cloud Nine,lodestone;wiki,sourceWrong,rewards,20,0
67024, A Designer Job,lodestone;wiki,notModeled,prereqs,20,0
67025, The Boy from Gridania,lodestone;wiki,notModeled,prereqs,20,0
67026, Lathe to the Party,lodestone;wiki,notModeled,prereqs,20,0
67027, Standing at the Helm,lodestone;wiki,notModeled,prereqs,20,0
67028, Never Be Royal,lodestone;wiki,notModeled,prereqs,20,0
67029, Spread Your Wings and Soar,lodestone;wiki,notModeled,prereqs,20,0
67030," Trust, but Verify",lodestone;wiki,notModeled,prereqs,20,0
67031, Misdirected Woo,lodestone;wiki,notModeled,prereqs,20,0
67032, Keeping Up Appearances,lodestone;wiki,notModeled,prereqs,20,0
67033," Blow, Ye Winds",lodestone;wiki,notModeled,prereqs,20,0
67034, Reach for the Starboard,lodestone;wiki,notModeled,prereqs,20,0
67035, Larboard and Lodging,lodestone;wiki,notModeled,prereqs,20,0
67036, Right-wing Aeronautics,lodestone;wiki,notModeled,prereqs,20,0
67037, Left-wing Aeronautics,lodestone;wiki,notModeled,prereqs,20,0
67038, Getting into Gear,lodestone;wiki,notModeled,prereqs,20,0
67039, Hells-vent on the Heavens,lodestone;wiki,notModeled,prereqs,20,0
67040, Gyrodriven,lodestone;wiki,notModeled,prereqs,20,0
67041, Of Rodents and Rigging,lodestone;wiki,notModeled,prereqs,20,0
67042, What Evil Lurks in the Hearts of Golems,lodestone;wiki,notModeled,prereqs,20,0
67043, One Ixal's Buzzard,lodestone;wiki,notModeled,prereqs,20,0
67044, The Right Tool for the Tools,lodestone;wiki,notModeled,prereqs,20,0
67045, Crazy Like the Pox,lodestone;wiki,notModeled,prereqs,20,0
67046, A Hard Knock Life,lodestone;wiki,notModeled,prereqs,20,0
67047, Manual Labor,lodestone;wiki,notModeled,prereqs,20,0
67048, Leave Nothing to Waste,lodestone;wiki,notModeled,prereqs,20,0
67049, Tanks for Nothing,lodestone;wiki,notModeled,prereqs,20,0
67050, And Thanks for All the Fish,lodestone;wiki,notModeled,prereqs,20,0
67051, An Empty Sack Cannot Hang Downright,lodestone;wiki,notModeled,prereqs,20,0
67052, Hot Cross Buns,lodestone;wiki,notModeled,prereqs,20,0
67053, Simply the Biast,lodestone;wiki,notModeled,prereqs,20,0
67054, A Long Way to the Top,lodestone;wiki,notModeled,prereqs,20,0
67055, Never Steer You Wrong,lodestone;wiki,notModeled,prereqs,20,0
67056, West for Fishing,lodestone;wiki,notModeled,prereqs,20,0
67057, Your Gil's No Good Here,lodestone;wiki,notModeled,prereqs,20,0
67058, Mining for Compliments,lodestone;wiki,notModeled,prereqs,20,0
67059, A High Wind in Ishgard,lodestone;wiki,notModeled,prereqs,20,0
67060,Corpse Groom,garland;lodestone;wiki,notModeled,prereqs,22,0
67061,Blood for Stone,garland;lodestone;wiki,notModeled,prereqs,22,0
67062,King of the Hull,garland;lodestone;wiki,notModeled,prereqs,22,0
67063,Like Civilized Men and Women (Twin Adder),lodestone;wiki,notModeled,prereqs,21,0
67064,Like Civilized Men and Women (Maelstrom),lodestone;wiki,notModeled,prereqs,21,0
67065,Like Civilized Men and Women (Immortal Flames),lodestone;wiki,notModeled,prereqs,21,0
67066,Judgment Bolts and Lightning,garland;lodestone;wiki,notModeled,prereqs,22,0
67067,Spirits Most Foul,lodestone;wiki,notModeled,prereqs,20,0
67068,Dubious Dancing,lodestone;wiki,notModeled,prereqs,20,0
67069,Stroking the Haft,lodestone;wiki,notModeled,prereqs,20,0
67070,Streets of Moonfire (Gridania),lodestone;wiki,notModeled,prereqs,20,0
67071,Streets of Moonfire (Limsa Lominsa),lodestone;wiki,notModeled,prereqs,20,0
67072,Streets of Moonfire (Ul'dah),lodestone;wiki,notModeled,prereqs,20,0
67073,Drench It! Moonfire Faire,lodestone;wiki,notModeled,prereqs,20,0
67074,Blast It! Moonfire Faire,lodestone;wiki,notModeled,prereqs,20,0
67075,Explode It! Moonfire Faire,lodestone;wiki,notModeled,prereqs,20,0
67076,A Rousing Douse,lodestone;wiki,notModeled,prereqs,20,0
67077,The Cannon-do Spirit,lodestone;wiki,notModeled,prereqs,20,0
67078,A Very Cherry Bomb,lodestone;wiki,notModeled,prereqs,20,0
67079,Remember Me This Moonfire Faire,lodestone;wiki,notModeled,prereqs,20,0
67082,What Blooms in the Night,lodestone;wiki,notModeled,prereqs,20,0
67084,In a Manor of Spooking,lodestone;wiki,notModeled,dutyUnlock,21,0
67085,A Thousand Blows,lodestone;wiki,notModeled,expansion,20,0
67086,"Fiery Wings, Fiery Hearts",lodestone;wiki,notModeled,prereqs,20,0
67087,Arms Wide Open,lodestone;wiki,notModeled,prereqs,20,0
67089,Can't Do It without U,lodestone;wiki,notModeled,expansion,20,0
67090,The New King on the Block,garland;lodestone;wiki,notModeled,prereqs,22,0
67091,The Newer King on the Block,lodestone;wiki,notModeled,prereqs,21,0
67092,The House That Death Built,lodestone;wiki,notModeled,expansion,21,0
67093,The Nightmare's End,lodestone;wiki,notModeled,prereqs,20,0
67094,Simply to Dye For,lodestone;wiki,notModeled,prereqs,20,0
67095,Sing Me Another Song,garland;lodestone;wiki,sourceWrong,dutyUnlock,23,0
67096,Bird in Hand,lodestone;wiki,notModeled,prereqs,20,0
67097,Welcome to Morbol Country,lodestone;wiki,notModeled,expansion,9,0
67098,Answering the Call,lodestone;wiki,notModeled,expansion,9,0
67099,Let the Hunt Begin (Twin Adder),lodestone;wiki,notModeled,prereqs,20,0
67100,Let the Hunt Begin (Maelstrom),lodestone;wiki,notModeled,prereqs,20,0
67101,Let the Hunt Begin (Immortal Flames),lodestone;wiki,notModeled,prereqs,20,0
67102, Bring Your Own Ectoplasm,lodestone;wiki,notModeled,prereqs,20,0
67103, In Case of Emergency,lodestone;wiki,notModeled,prereqs,20,0
67104, We Fly High (Squawkin'),lodestone;wiki,notModeled,prereqs,20,0
67105, Deliverance,lodestone;wiki,notModeled,prereqs,20,0
67106,Death of a Mailman,lodestone;wiki,notModeled,prereqs,20,0
67107,The Captain of Her Heart,lodestone;wiki,notModeled,prereqs,20,0
67108,Thanks for Your Support,lodestone;wiki,notModeled,prereqs,20,0
67109,Of Siblings and Side-whiskers,lodestone;wiki,notModeled,prereqs,20,0
67110,The Past Is a Story We Never Tell,lodestone;wiki,notModeled,prereqs,20,0
67111,Hostages to Fortune,lodestone;wiki,notModeled,prereqs,20,0
67112,All in the Family,lodestone;wiki,notModeled,prereqs,20,0
67113,Duel Personalities,lodestone;wiki,notModeled,prereqs,20,0
67114,The Ties That Bind,lodestone;wiki,notModeled,prereqs,20,0
67115,A Relic Reborn (Yoshimitsu),garland;lodestone;wiki,notModeled,prereqs,22,0
67116,Coming to Ishgard,lodestone;wiki,notModeled,prereqs,20,0
67117,Taking in the Sights,lodestone;wiki,sourceWrong,rewards,20,0
67118,The Better Half,lodestone;wiki,sourceWrong,rewards,20,0
67119,Over the Wall,lodestone;wiki,notModeled,prereqs,20,0
67120,Work in Progress,lodestone;wiki,sourceWrong,rewards,20,0
67121,The First and Foremost,lodestone;wiki,sourceWrong,rewards,20,0
67122,From on High,lodestone;wiki,sourceWrong,rewards,20,0
67123,Reconnaissance Lost,lodestone;wiki,sourceWrong,rewards,20,0
67124,At the End of Our Hope,lodestone;wiki,notModeled,prereqs,20,0
67125,Knights Be Not Proud,lodestone;wiki,notModeled,prereqs,20,0
67126,Onwards and Upwards,lodestone;wiki,notModeled,prereqs,20,0
67127,An Indispensable Ally,lodestone;wiki,sourceWrong,rewards,20,0
67128,Meeting the Neighbors,lodestone;wiki,sourceWrong,rewards,20,0
67129,Sense of Urgency,lodestone;wiki,sourceWrong,rewards,20,0
67130,Hope Springs Eternal,lodestone;wiki,sourceWrong,rewards,20,0
67131,A Series of Unfortunate Events,lodestone;wiki,notModeled,prereqs,20,0
67132,A Reward Long in Coming,lodestone;wiki,notModeled,prereqs,20,0
67133,Divine Intervention,lodestone;wiki,sourceWrong,rewards,20,0
67134,Disclosure,lodestone;wiki,notModeled,prereqs,20,0
67135,Flame General Affairs,lodestone;wiki,notModeled,prereqs,20,0
67136,In Search of Raubahn,lodestone;wiki,notModeled,prereqs,20,0
67137,Keeping the Flame Alive,lodestone;wiki,sourceWrong,rewards,20,0
67138,To Siege or Not to Siege,lodestone;wiki,notModeled,prereqs,20,0
67139,Alphinaud's Way,lodestone;wiki,notModeled,prereqs,20,0
67140,In Search of Iceheart,lodestone;wiki,notModeled,prereqs,20,0
67141,From One Heretic to Another,lodestone;wiki,notModeled,prereqs,20,0
67142,Sounding Out the Amphitheatre,lodestone;wiki,notModeled,prereqs,20,0
67143,Camp of the Convictors,lodestone;wiki,notModeled,prereqs,20,0
67144,"Purple Flame, Purple Flame",lodestone;wiki,notModeled,prereqs,20,0
67145,Where the Chocobos Roam,lodestone;wiki,sourceWrong,rewards,20,0
67146,Worse than Dragons,lodestone;wiki,sourceWrong,rewards,20,0
67147,The Trine Towers,lodestone;wiki,sourceWrong,rewards,20,0
67148,Gifts for the Outcasts,lodestone;wiki,sourceWrong,rewards,20,0
67149,The Nonmind,lodestone;wiki,sourceWrong,rewards,20,0
67150,A Gnathic Deity,lodestone;wiki,notModeled,prereqs,20,0
67151,Breaking into Hives,lodestone;wiki,notModeled,prereqs,20,0
67152,Lord of the Hive,garland;lodestone;wiki,notModeled,prereqs,22,0
67153,Mourn in Passing,garland;lodestone;wiki,notModeled,prereqs,22,0
67154,Beyond the Clouds,lodestone;wiki,notModeled,prereqs,20,0
67155,Mountaintop Diplomacy,lodestone;wiki,sourceWrong,rewards,20,0
67156,Moghan's Trial,lodestone;wiki,sourceWrong,rewards,20,0
67157,Mogmug's Trial,lodestone;wiki,sourceWrong,rewards,20,0
67158,Mogwin's Trial,lodestone;wiki,sourceWrong,rewards,20,0
67159,Moglin's Judgment,lodestone;wiki,notModeled,prereqs,20,0
67160,Leaving Moghome,lodestone;wiki,notModeled,prereqs,20,0
67161,The Road to Zenith,lodestone;wiki,sourceWrong,rewards,20,0
67162,Waiting for the Wind to Change,lodestone;wiki,sourceWrong,rewards,20,0
67163,Heart of Ice,lodestone;wiki,sourceWrong,rewards,20,0
67164,The Wyrm's Lair,lodestone;wiki,sourceWrong,rewards,20,0
67165,"New Winds, Old Friends",lodestone;wiki,notModeled,prereqs,20,0
67166,A General Summons,lodestone;wiki,notModeled,prereqs,20,0
67167,Awakening in Ul'dah,lodestone;wiki,notModeled,prereqs,20,0
67168,A Brave Resolution,lodestone;wiki,notModeled,prereqs,20,0
67169,Ready to Fly,lodestone;wiki,notModeled,prereqs,20,0
67170,Into the Aery,garland;lodestone;wiki,notModeled,prereqs,22,0
67171,The Song Begins,lodestone;wiki,notModeled,prereqs,20,0
67172,Unrest in Ishgard,lodestone;wiki,sourceWrong,rewards,20,0
67173,He Who Would Not Be Denied,lodestone;wiki,sourceWrong,rewards,20,0
67174,Ill-weather Friends,lodestone;wiki,sourceWrong,rewards,20,0
67175,Fire and Blood,lodestone;wiki,notModeled,prereqs,20,0
67176,A Knight's Calling,garland;lodestone;wiki,notModeled,prereqs,22,0
67177,The Sins of Antiquity,lodestone;wiki,notModeled,prereqs,20,0
67178,In Search of the Soleil,lodestone;wiki,notModeled,prereqs,20,0
67179,Into the Blue,lodestone;wiki,notModeled,prereqs,20,0
67180,Familiar Faces,lodestone;wiki,notModeled,prereqs,20,0
67181,Devourer of Worlds,lodestone;wiki,notModeled,prereqs,20,0
67182,Black and the White,lodestone;wiki,notModeled,prereqs,20,0
67183,"Bolt, Chain, and Island",garland;lodestone;wiki,notModeled,prereqs,22,0
67184,A Difference of Opinion,lodestone;wiki,notModeled,prereqs,20,0
67185,One Good Turn,lodestone;wiki,notModeled,prereqs,20,0
67186,An Engineering Enterprise,lodestone;wiki,notModeled,prereqs,20,0
67187,Aetherial Trail,lodestone;wiki,notModeled,prereqs,20,0
67188,Lost in the Lifestream,lodestone;wiki,notModeled,prereqs,20,0
67189,Tataru's Surprise,lodestone;wiki,notModeled,prereqs,20,0
67190,Onward to Sharlayan,lodestone;wiki,notModeled,prereqs,20,0
67191,A Great New Nation,lodestone;wiki,sourceWrong,rewards,20,0
67192,Golems Begone,lodestone;wiki,sourceWrong,rewards,20,0
67193,An Illuminati Incident,lodestone;wiki,sourceWrong,rewards,20,0
67194,Leaving Idyllshire,lodestone;wiki,sourceWrong,rewards,20,0
67195,Matoya's Cave,lodestone;wiki,notModeled,prereqs,20,0
67196,Forbidden Knowledge,garland;lodestone;wiki,notModeled,prereqs,22,0
67197,An Eye for Aether,lodestone;wiki,notModeled,prereqs,20,0
67198,Hour of Departure,lodestone;wiki,notModeled,prereqs,20,0
67199,The First Flight of the Excelsior,lodestone;wiki,notModeled,prereqs,20,0
67200,Systematic Exploration,lodestone;wiki,notModeled,prereqs,20,0
67201,In Node We Trust,lodestone;wiki,notModeled,prereqs,20,0
67202,Chimerical Maintenance,lodestone;wiki,notModeled,prereqs,20,0
67203,Close Encounters of the VIth Kind,lodestone;wiki,notModeled,prereqs,20,0
67204,Fetters of Lament,lodestone;wiki,sourceWrong,rewards,20,0
67205,Heavensward,garland;lodestone;wiki,notModeled,prereqs,22,0
67206,Kettle to the Mettle,lodestone;wiki,notModeled,expansion,20,0
67207,The Green Death,lodestone;wiki,notModeled,prereqs,20,0
67208,Quarantine,lodestone;wiki,notModeled,prereqs,20,0
67209,False Friends,lodestone;wiki,notModeled,prereqs,20,0
67210,Ooh Rah,lodestone;wiki,notModeled,prereqs,20,0
67211,Unseen,lodestone;wiki,notModeled,prereqs,20,0
67212,"Forward, the Royal Marines",lodestone;wiki,sourceWrong,name,20,0
67213,How to Train Your Warrior,lodestone;wiki,notModeled,prereqs,20,0
67214,Black Books,lodestone;wiki,notModeled,prereqs,20,0
67215,An Unexpected Journey,lodestone;wiki,notModeled,prereqs,20,0
67216,A Cunning Plan,lodestone;wiki,notModeled,prereqs,20,0
67217,Black Squawk Down,lodestone;wiki,notModeled,prereqs,20,0
67218,Destruction in the Name of Justice,lodestone;wiki,notModeled,prereqs,20,0
67219,The Defiant Ones,lodestone;wiki,notModeled,prereqs,20,0
67220,The Impossible Girl,lodestone;wiki,notModeled,prereqs,20,0
67221,Ninja Assassin,lodestone;wiki,notModeled,prereqs,20,0
67222,Medieval Espionage,lodestone;wiki,notModeled,prereqs,20,0
67223,Staying Alive,lodestone;wiki,notModeled,prereqs,20,0
67224,In Her Defense,lodestone;wiki,notModeled,prereqs,20,0
67225,Sky's the Limit,lodestone;wiki,notModeled,prereqs,20,0
67226,Days of Azure,lodestone;wiki,notModeled,prereqs,20,0
67227,Heart of Justice,lodestone;wiki,notModeled,prereqs,20,0
67228,Sworn Upon a Lance,lodestone;wiki,notModeled,prereqs,20,0
67229,Dragoon's Errand,lodestone;wiki,notModeled,prereqs,20,0
67230,Sanguine Dragoon,lodestone;wiki,notModeled,prereqs,20,0
67231,Dragoon's Fate,lodestone;wiki,notModeled,prereqs,20,0
67232,Savior of Skysteel,lodestone;wiki,notModeled,prereqs,20,0
67233,Master of Marksmanship,lodestone;wiki,notModeled,prereqs,20,0
67234,Always the Last Place You Look,lodestone;wiki,notModeled,prereqs,20,0
67235,Rook Before You Reap,lodestone;wiki,notModeled,prereqs,20,0
67236,Securing the Locks,lodestone;wiki,notModeled,prereqs,20,0
67237,A Suppressive Strategy,lodestone;wiki,notModeled,prereqs,20,0
67238,Blood on the Sands,lodestone;wiki,notModeled,prereqs,20,0
67239,Rage against the Machinists,lodestone;wiki,notModeled,prereqs,20,0
67240,The Power of a Tourney,lodestone;wiki,notModeled,prereqs,20,0
67241,A Joye-less Celebration,lodestone;wiki,notModeled,prereqs,20,0
67242,Pushing the Brume,lodestone;wiki,notModeled,prereqs,20,0
67243,A Joye-ful Reunion,lodestone;wiki,notModeled,prereqs,20,0
67244,Wheels of Justice,lodestone;wiki,notModeled,prereqs,20,0
67245,Legacy of Allag,lodestone;wiki,notModeled,prereqs,20,0
67246,Taking the Fall,lodestone;wiki,notModeled,prereqs,20,0
67247,Rusted Steel,lodestone;wiki,notModeled,prereqs,20,0
67248,Rise of the Machinists,lodestone;wiki,notModeled,prereqs,20,0
67249,On the Road Again,lodestone;wiki,notModeled,prereqs,20,0
67250,The Stiff and the Spent,lodestone;wiki,notModeled,prereqs,20,0
67251,Requiem on Ice,lodestone;wiki,notModeled,prereqs,20,0
67252,When Gnaths Cry,lodestone;wiki,notModeled,prereqs,20,0
67253,A Saint of Song,lodestone;wiki,notModeled,prereqs,20,0
67254,The Ballad of Oblivion,lodestone;wiki,notModeled,prereqs,20,0
67255,Taint Misbehaving,lodestone;wiki,notModeled,prereqs,20,0
67256,A Journey of Purification,lodestone;wiki,notModeled,prereqs,20,0
67257,The Girl with the Dragon Tissue,lodestone;wiki,notModeled,prereqs,20,0
67258,The Dark Blight Writhes,lodestone;wiki,notModeled,prereqs,20,0
67259,In the Wake of Death,lodestone;wiki,notModeled,prereqs,20,0
67260,Trials of the Padjals,lodestone;wiki,notModeled,prereqs,20,0
67261,Hands of Healing,lodestone;wiki,notModeled,prereqs,20,0
67262,Remembering Ishgard,lodestone;wiki,notModeled,prereqs,20,0
67263,The Best-laid Plans,lodestone;wiki,notModeled,prereqs,20,0
67264,Drinking the Pain Away,lodestone;wiki,notModeled,prereqs,20,0
67265,Landing a Stable Job,lodestone;wiki,notModeled,prereqs,20,0
67266,"Cold Days, Colder Nights",lodestone;wiki,notModeled,prereqs,20,0
67267,Dinner for Four,lodestone;wiki,notModeled,prereqs,20,0
67268,Contingency Supplies,lodestone;wiki,sourceWrong,rewards,20,0
67269,Stolen Goods,lodestone;wiki,notModeled,prereqs,20,0
67270,Memories in the Snow,lodestone;wiki,notModeled,prereqs,20,0
67271,Dances with Wolves,lodestone;wiki,notModeled,prereqs,20,0
67272,Grandfather's Belongings,lodestone;wiki,notModeled,prereqs,20,0
67273,An Attractive Charm,lodestone;wiki,notModeled,prereqs,20,0
67274,The Way of the Dodo,lodestone;wiki,notModeled,prereqs,20,0
67275,Made to Order,lodestone;wiki,notModeled,prereqs,20,0
67276,Bargaining Chip,lodestone;wiki,notModeled,prereqs,20,0
67277,Dragons in the Mist,lodestone;wiki,sourceWrong,rewards,20,0
67278,Mum's the Word,lodestone;wiki,notModeled,prereqs,20,0
67279,An Unwanted Delivery,lodestone;wiki,notModeled,prereqs,20,0
67280,Bridge over Frozen Water,lodestone;wiki,notModeled,prereqs,20,0
67281,A Mystery Illness,lodestone;wiki,notModeled,prereqs,20,0
67282,Bad Wine,lodestone;wiki,notModeled,prereqs,20,0
67283,Ancient Wisdom,lodestone;wiki,notModeled,prereqs,20,0
67284,Clipped Wings,lodestone;wiki,notModeled,prereqs,20,0
67285,Unclear Motives,lodestone;wiki,notModeled,prereqs,20,0
67286,Homesick,lodestone;wiki,notModeled,prereqs,20,0
67287,Looking to the Future,lodestone;wiki,notModeled,prereqs,20,0
67288,Flower Mill,lodestone;wiki,notModeled,prereqs,20,0
67289,Lonely Vigil,lodestone;wiki,notModeled,prereqs,20,0
67290,Cat on a Cold Stone Roof,lodestone;wiki,notModeled,prereqs,20,0
67291,Behind Enemy Lines,lodestone;wiki,notModeled,prereqs,20,0
67292,Featherbrained Schemes,lodestone;wiki,notModeled,prereqs,20,0
67293,Calling Back the Troops,lodestone;wiki,notModeled,prereqs,20,0
67294,A Hasty Recovery,lodestone;wiki,notModeled,prereqs,20,0
67295,Protecting What's Important,lodestone;wiki,notModeled,prereqs,20,0
67296,Baby Steps,lodestone;wiki,notModeled,prereqs,20,0
67297,Baby Strides,lodestone;wiki,notModeled,prereqs,20,0
67298,The Secret to Success,lodestone;wiki,notModeled,prereqs,20,0
67299,Winter Is Coming,lodestone;wiki,notModeled,prereqs,20,0
67300,Introductory Dragonslaying,lodestone;wiki,notModeled,prereqs,20,0
67301,Intermediate Dragonslaying,lodestone;wiki,notModeled,prereqs,20,0
67302,Advanced Dragonslaying,lodestone;wiki,notModeled,prereqs,20,0
67303,Spring into Action,lodestone;wiki,notModeled,prereqs,20,0
67304,A Faithful Companion,lodestone;wiki,notModeled,prereqs,20,0
67305,Expert Dragonslaying,lodestone;wiki,notModeled,prereqs,20,0
67306,Clever Chicks,lodestone;wiki,notModeled,prereqs,20,0
67307,Some Bad News,lodestone;wiki,notModeled,prereqs,20,0
67308,Something's Bugging the Chocobos,lodestone;wiki,sourceWrong,rewards,20,0
67309,Why Does the Caged Bird Sing,lodestone;wiki,sourceWrong,rewards,20,0
67310,Saving the Bait,lodestone;wiki,notModeled,prereqs,20,0
67311,I Wanna Be the Hunter,lodestone;wiki,notModeled,prereqs,20,0
67312,A Natural Instinct,lodestone;wiki,sourceWrong,rewards,20,0
67313,First Impressions Last,lodestone;wiki,sourceWrong,rewards,20,0
67314,A Trap to Yawn For,lodestone;wiki,notModeled,prereqs,20,0
67315,Needs More Salt,lodestone;wiki,notModeled,prereqs,20,0
67316,Uninvited Guests,lodestone;wiki,notModeled,prereqs,20,0
67317,The Man Who Slew Too Much,lodestone;wiki,sourceWrong,rewards,20,0
67318,A Budding Partnership,lodestone;wiki,sourceWrong,rewards,20,0
67319,Persistence Makes Perfect,lodestone;wiki,notModeled,prereqs,20,0
67320,Wet Strings Attached,lodestone;wiki,notModeled,prereqs,20,0
67321,What Remaclon Saw,lodestone;wiki,sourceWrong,rewards,20,0
67322,To Each His Own,lodestone;wiki,notModeled,prereqs,20,0
67323,Low-hanging Fruit,lodestone;wiki,notModeled,prereqs,20,0
67324,Freedom of Choice,lodestone;wiki,notModeled,prereqs,20,0
67325,Aggressive Pruning,lodestone;wiki,notModeled,prereqs,20,0
67326,Stolen Munitions,lodestone;wiki,notModeled,prereqs,20,0
67327,Feat of Clay,lodestone;wiki,notModeled,prereqs,20,0
67328,Natural Repellent,lodestone;wiki,notModeled,prereqs,20,0
67329,Yellow Stones,lodestone;wiki,notModeled,prereqs,20,0
67330,A Curious Herb,lodestone;wiki,notModeled,prereqs,20,0
67331,Treason and Plot,lodestone;wiki,notModeled,prereqs,20,0
67332,Vindictive Vath Vendetta,lodestone;wiki,notModeled,prereqs,20,0
67333,The Hunter Becomes the Kweh,lodestone;wiki,notModeled,prereqs,20,0
67334,Chocobo's Last Stand,lodestone;wiki,notModeled,prereqs,20,0
67335,How to Feed Your Dragon,lodestone;wiki,notModeled,prereqs,20,0
67336,Hungry for Seconds,lodestone;wiki,notModeled,prereqs,20,0
67337,A Taste of the Peculiar,lodestone;wiki,notModeled,prereqs,20,0
67338,A Lesson in Humility,lodestone;wiki,notModeled,prereqs,20,0
67339,No Smoking Allowed,lodestone;wiki,notModeled,prereqs,20,0
67340,Awakened,lodestone;wiki,notModeled,prereqs,20,0
67341,It's the Thought That Counts,lodestone;wiki,notModeled,prereqs,20,0
67342,Advanced Vathematics,lodestone;wiki,notModeled,prereqs,20,0
67343,Something Worth Protecting,lodestone;wiki,notModeled,prereqs,20,0
67344,Nipped in the Bud,lodestone;wiki,notModeled,prereqs,20,0
67345,Like Gnaths to a Flame,lodestone;wiki,notModeled,prereqs,20,0
67346,Fit to Be Tied,lodestone;wiki,notModeled,prereqs,20,0
67347,Blunders in Dragonsitting,lodestone;wiki,notModeled,prereqs,20,0
67348,Back in the Game,lodestone;wiki,notModeled,prereqs,20,0
67349,Where Dragons Lie,lodestone;wiki,notModeled,prereqs,20,0
67350,When Mother Calls,lodestone;wiki,notModeled,prereqs,20,0
67351,A Dragon and His Boy,lodestone;wiki,notModeled,prereqs,20,0
67352,Between Friends and Family,lodestone;wiki,notModeled,prereqs,20,0
67353,The Heart of a Dragon,lodestone;wiki,notModeled,prereqs,20,0
67354,Let Bygones Be Bygones,lodestone;wiki,notModeled,prereqs,20,0
67355,The Bathing Bully,lodestone;wiki,notModeled,prereqs,20,0
67356,A Show of Devotion,lodestone;wiki,notModeled,prereqs,20,0
67357,A Pebble for Your Thoughts,lodestone;wiki,sourceWrong,rewards,20,0
67358,A Dream Blooms,lodestone;wiki,notModeled,prereqs,20,0
67359,Road Kill,lodestone;wiki,notModeled,prereqs,20,0
67360,Spineless Wadjets,lodestone;wiki,sourceWrong,rewards,20,0
67361,Who's Got the Baskets,lodestone;wiki,sourceWrong,rewards,20,0
67362,Where Dragons Tread,lodestone;wiki,sourceWrong,rewards,20,0
67363,Something Needs to Change,lodestone;wiki,notModeled,prereqs,20,0
67364,Hide Your Moogles,lodestone;wiki,sourceWrong,rewards,20,0
67365,The Unceasing Gardener,lodestone;wiki,notModeled,prereqs,20,0
67366,Nut Job,lodestone;wiki,notModeled,prereqs,20,0
67367,Far from Home,lodestone;wiki,sourceWrong,rewards,20,0
67368,A Nutty Initiation,lodestone;wiki,sourceWrong,rewards,20,0
67369,My Friend the Enabler,lodestone;wiki,sourceWrong,rewards,20,0
67370,Pom-pom Panic,lodestone;wiki,notModeled,prereqs,20,0
67371,Waiting to Inhale,lodestone;wiki,notModeled,prereqs,20,0
67372,I Won't Leaf You Behind,lodestone;wiki,notModeled,prereqs,20,0
67373,Something in the Water,lodestone;wiki,notModeled,prereqs,20,0
67374,Moogles' Marvelous Medicine,lodestone;wiki,notModeled,prereqs,20,0
67375,Worried Sick,lodestone;wiki,notModeled,prereqs,20,0
67376,A Secret from Everyone,lodestone;wiki,notModeled,prereqs,20,0
67377,An Immaculate Home,lodestone;wiki,notModeled,prereqs,20,0
67378,Just Another Bug Hunt,lodestone;wiki,notModeled,prereqs,20,0
67379,Wyvern Let Die,lodestone;wiki,notModeled,prereqs,20,0
67380,Root Maneuvers,lodestone;wiki,notModeled,prereqs,20,0
67381,No Country for Young Moogles,lodestone;wiki,notModeled,prereqs,20,0
67382,There Will Be Blades,lodestone;wiki,notModeled,prereqs,20,0
67383,Back to Baskets,lodestone;wiki,notModeled,prereqs,20,0
67384,If Living Is without Nuts,lodestone;wiki,notModeled,prereqs,20,0
67385,The Nest Episode,lodestone;wiki,notModeled,prereqs,20,0
67386,The Mog Squad Assembles,lodestone;wiki,notModeled,prereqs,20,0
67387,Branching Out,lodestone;wiki,notModeled,prereqs,20,0
67388,What Learning Entails,lodestone;wiki,notModeled,prereqs,20,0
67389,A Rocky Start,lodestone;wiki,notModeled,prereqs,20,0
67390,Walking the Walk,lodestone;wiki,notModeled,prereqs,20,0
67391,Unwanted Attention,lodestone;wiki,notModeled,prereqs,20,0
67392,Walking on Eggshells,lodestone;wiki,notModeled,prereqs,20,0
67393,"It's Not a Bug, It's a Creature",lodestone;wiki,notModeled,prereqs,20,0
67394,A Frightening Field Trip,lodestone;wiki,notModeled,prereqs,20,0
67395,Seedy Business,lodestone;wiki,notModeled,prereqs,20,0
67396,Mallow in Sadness,lodestone;wiki,notModeled,prereqs,20,0
67397,The Sins of Our Landlords,lodestone;wiki,notModeled,prereqs,20,0
67398,Give Back My Precious,lodestone;wiki,notModeled,prereqs,20,0
67399,Protecting the Pom,lodestone;wiki,notModeled,prereqs,20,0
67400,Save the Pomguard,lodestone;wiki,notModeled,prereqs,20,0
67401,An Urgent Message,lodestone;wiki,notModeled,prereqs,20,0
67402,An Uneasy Feeling,lodestone;wiki,notModeled,prereqs,20,0
67403,A Moogle's Intuition,lodestone;wiki,notModeled,prereqs,20,0
67404,Trouble at Zenith,lodestone;wiki,notModeled,prereqs,20,0
67405,Keeping the Ledger,lodestone;wiki,sourceWrong,rewards,20,0
67406,Caught in the Act,lodestone;wiki,sourceWrong,rewards,20,0
67407,Laying the First Brick,lodestone;wiki,notModeled,prereqs,20,0
67408,Into the Mists,lodestone;wiki,notModeled,prereqs,20,0
67409,Enlisted,lodestone;wiki,notModeled,prereqs,20,0
67410,Honoring the Past,lodestone;wiki,notModeled,prereqs,20,0
67411,Respecting the Sheave,lodestone;wiki,notModeled,prereqs,20,0
67412,Spring Cleaning,lodestone;wiki,notModeled,prereqs,20,0
67413,No Nests Allowed,lodestone;wiki,notModeled,prereqs,20,0
67414,Bitter Is the Night,lodestone;wiki,notModeled,prereqs,20,0
67415,These Things Take Time,lodestone;wiki,notModeled,prereqs,20,0
67416,Thar Be Dragons,lodestone;wiki,sourceWrong,rewards,20,0
67417,Scouting and Maiming,lodestone;wiki,notModeled,prereqs,20,0
67418,Finders Keepers,lodestone;wiki,notModeled,prereqs,20,0
67419,An Unwelcome Surprise,lodestone;wiki,notModeled,prereqs,20,0
67420,A Meter Too Far,lodestone;wiki,sourceWrong,rewards,20,0
67421,Two Scoops,lodestone;wiki,notModeled,prereqs,20,0
67422,A Den of Evil,lodestone;wiki,notModeled,prereqs,20,0
67423,The Old Man and the Lake,lodestone;wiki,notModeled,prereqs,20,0
67424,When the Ice Melts,lodestone;wiki,notModeled,prereqs,20,0
67425,Unknown Ultimatum,lodestone;wiki,notModeled,prereqs,20,0
67426,Personal Effects,lodestone;wiki,sourceWrong,rewards,20,0
67427,Ayleth Absconds,lodestone;wiki,sourceWrong,rewards,20,0
67428,A Missing Tooth,lodestone;wiki,notModeled,prereqs,20,0
67429,A Noble Purpose,lodestone;wiki,notModeled,prereqs,20,0
67430,Remember the Fallen,lodestone;wiki,sourceWrong,rewards,20,0
67431,To the Convictor Go the Spoils,lodestone;wiki,sourceWrong,rewards,20,0
67432,Supply Lines,lodestone;wiki,notModeled,prereqs,20,0
67433,The Mother of Invention,lodestone;wiki,notModeled,prereqs,20,0
67434,A War without End,lodestone;wiki,notModeled,prereqs,20,0
67435,Crying over Spilled Food,lodestone;wiki,notModeled,prereqs,20,0
67436,Beefing Up the Reserves,lodestone;wiki,notModeled,prereqs,20,0
67437,Search and Rescue,lodestone;wiki,notModeled,prereqs,20,0
67438,A Cropper's Duty,lodestone;wiki,notModeled,prereqs,20,0
67439,Hatching Ideas,lodestone;wiki,notModeled,prereqs,20,0
67440,A Tall Order to Fill,lodestone;wiki,notModeled,prereqs,20,0
67441,A Full Stomach and Happy Heart,lodestone;wiki,notModeled,prereqs,20,0
67442,Unfulfilled Dreams,lodestone;wiki,notModeled,prereqs,20,0
67443,Nutritious and Delicious,lodestone;wiki,notModeled,prereqs,20,0
67444,The Feast Must Go On,lodestone;wiki,notModeled,prereqs,20,0
67445,Sleepless in Ok' Zundu,lodestone;wiki,notModeled,prereqs,20,0
67446,Flying the Nest,lodestone;wiki,notModeled,prereqs,20,0
67447,Growing Pains,lodestone;wiki,notModeled,prereqs,20,0
67448,Returning What's Ours,lodestone;wiki,notModeled,prereqs,20,0
67449,One Flew over the Vundu's Nest,lodestone;wiki,notModeled,prereqs,20,0
67450,Ok' Zundu's Got Talent,lodestone;wiki,notModeled,prereqs,20,0
67451,Lazing Saddles,lodestone;wiki,notModeled,prereqs,20,0
67452,The Black Storm,lodestone;wiki,notModeled,prereqs,20,0
67453,Winds of Ill Omen,lodestone;wiki,notModeled,prereqs,20,0
67454,On Wings of Vanu,lodestone;wiki,notModeled,prereqs,20,0
67455,Not Free as a Bird,lodestone;wiki,notModeled,prereqs,20,0
67456,For Your Spies Only,lodestone;wiki,notModeled,prereqs,20,0
67457,An Awkward Situation,lodestone;wiki,notModeled,prereqs,20,0
67458,Getting a Legtrap Up,lodestone;wiki,notModeled,prereqs,20,0
67459,Pest Control,lodestone;wiki,notModeled,prereqs,20,0
67460,A Step in the Right Direction,lodestone;wiki,notModeled,prereqs,20,0
67461,Garbage Duty,lodestone;wiki,notModeled,prereqs,20,0
67462,A Hunter's True Nature,lodestone;wiki,notModeled,prereqs,20,0
67463,Smells Like Team Spirit,lodestone;wiki,notModeled,prereqs,20,0
67464,Smarter than the Average Beast,lodestone;wiki,notModeled,prereqs,20,0
67465,From the Jaws of Hunger,lodestone;wiki,notModeled,prereqs,20,0
67466,The Best Defense,lodestone;wiki,notModeled,prereqs,20,0
67467,Stop Bugging Me,lodestone;wiki,sourceWrong,rewards,20,0
67468,Community Service,lodestone;wiki,sourceWrong,rewards,20,0
67469,Feltsmox Needs Bait,lodestone;wiki,notModeled,prereqs,20,0
67470,Feltsmox's Reel Problems,lodestone;wiki,sourceWrong,rewards,20,0
67471,The Pick of the Bunch,lodestone;wiki,sourceWrong,rewards,20,0
67472,Louder than Words,lodestone;wiki,notModeled,prereqs,20,0
67473,Uncoordinated Defense,lodestone;wiki,notModeled,prereqs,20,0
67474,Cry Havoc,lodestone;wiki,sourceWrong,rewards,20,0
67475,Sacking the Foe,lodestone;wiki,sourceWrong,rewards,20,0
67476,Can You Hear Me Now,lodestone;wiki,notModeled,prereqs,20,0
67477,A New Leaf,lodestone;wiki,notModeled,prereqs,20,0
67478,Administrative Difficulties,lodestone;wiki,notModeled,prereqs,20,0
67479,Feltsmox Switches Bait,lodestone;wiki,notModeled,prereqs,20,0
67480,The Missing Logbook,lodestone;wiki,notModeled,prereqs,20,0
67481,Ebb and Aetherflow,lodestone;wiki,sourceWrong,rewards,20,0
67482,The Vangob Job,lodestone;wiki,sourceWrong,rewards,20,0
67483,A Bum Rap,lodestone;wiki,notModeled,prereqs,20,0
67484,Red Tape,lodestone;wiki,notModeled,prereqs,20,0
67485,The Golden Rule,lodestone;wiki,notModeled,prereqs,20,0
67486,The New Arrivals,lodestone;wiki,notModeled,prereqs,20,0
67487,Notched Bone's Suspicions,lodestone;wiki,sourceWrong,rewards,20,0
67488,Dedean's Doubts,lodestone;wiki,notModeled,prereqs,20,0
67489,Lean and Hungry Gentlemen,lodestone;wiki,notModeled,prereqs,20,0
67490,Private Investigations,lodestone;wiki,notModeled,prereqs,20,0
67491,Ancient Goblin Secrets,lodestone;wiki,notModeled,prereqs,20,0
67492,Cityfriends,lodestone;wiki,notModeled,prereqs,20,0
67493,Many Hands Make Light Checkwork,lodestone;wiki,notModeled,prereqs,20,0
67494,A Slimier Stymier,lodestone;wiki,notModeled,prereqs,20,0
67495,Mission Unpossible,lodestone;wiki,sourceWrong,rewards,20,0
67496,Feltsmox Can't Bear It,lodestone;wiki,notModeled,prereqs,20,0
67497,Feltsmox Tackles the Morbols,lodestone;wiki,notModeled,prereqs,20,0
67498,Watchcogs,lodestone;wiki,notModeled,prereqs,20,0
67499,Taking Stock,lodestone;wiki,notModeled,prereqs,20,0
67500,What the Boat Brought In,lodestone;wiki,sourceWrong,rewards,20,0
67501,Over My Dead Gobbie,lodestone;wiki,sourceWrong,rewards,20,0
67502,Saro Roggo's Common Life,lodestone;wiki,notModeled,prereqs,20,0
67503,A Straightforward Fancy,lodestone;wiki,notModeled,prereqs,20,0
67504,A Statuesque Interest,lodestone;wiki,notModeled,prereqs,20,0
67505,A Self-possessed Pastime,lodestone;wiki,notModeled,prereqs,20,0
67506,The Magic Word,lodestone;wiki,notModeled,prereqs,20,0
67507,Have I Toad You Lately,lodestone;wiki,notModeled,prereqs,20,0
67508,Moogles in the Sky,lodestone;wiki,notModeled,prereqs,20,0
67509,Classic Misdirection,lodestone;wiki,notModeled,prereqs,20,0
67510,A Tale of Two Moogles,lodestone;wiki,notModeled,prereqs,20,0
67511,Birds of a Feather,lodestone;wiki,ambiguous,listed,13,0
67512,An Eggcellent Disguise,lodestone;wiki,notModeled,prereqs,20,0
67513,The Skies That Bind,lodestone;wiki,notModeled,prereqs,20,0
67514,A Moogle by Any Other Name,lodestone;wiki,notModeled,prereqs,20,0
67515,Basic Training,lodestone;wiki,notModeled,prereqs,20,0
67516,Good Clean Fun,lodestone;wiki,notModeled,prereqs,20,0
67517,General Protection Fault,lodestone;wiki,notModeled,prereqs,20,0
67518,Excessive Force,lodestone;wiki,notModeled,prereqs,20,0
67519,Chimerical Abominations,lodestone;wiki,notModeled,prereqs,20,0
67520,Pollution Solution,lodestone;wiki,notModeled,prereqs,20,0
67521,Good Hunting,lodestone;wiki,notModeled,prereqs,20,0
67522,Defense Protocols,lodestone;wiki,notModeled,prereqs,20,0
67523,Snikt,lodestone;wiki,notModeled,prereqs,20,0
67524,A Crude Facsimile,lodestone;wiki,notModeled,prereqs,20,0
67525,Recycling,lodestone;wiki,notModeled,prereqs,20,0
67526,Inadequate Safety Measures,lodestone;wiki,notModeled,prereqs,20,0
67527,Environmental Unbalance,lodestone;wiki,notModeled,prereqs,20,0
67528,Elevated Aggression Levels,lodestone;wiki,notModeled,prereqs,20,0
67529,The Spice of Life,lodestone;wiki,sourceWrong,rewards,20,0
67530,Noble Indiscretions,lodestone;wiki,notModeled,prereqs,20,0
67531,A Child Apart,lodestone;wiki,notModeled,prereqs,20,0
67532,Bloodlines,lodestone;wiki,notModeled,prereqs,20,0
67533,Lance of a Lifetime,lodestone;wiki,notModeled,prereqs,20,0
67534,A-hunting He Will Go,lodestone;wiki,notModeled,prereqs,20,0
67535,Ministers of Grace Defend Him,lodestone;wiki,notModeled,prereqs,20,0
67536,The Son Also Rises,lodestone;wiki,notModeled,prereqs,20,0
67537,More Fierce than Fire,lodestone;wiki,notModeled,prereqs,20,0
67538,The Social Knitwork,lodestone;wiki,notModeled,prereqs,20,0
67539,Tomboy Foolery,lodestone;wiki,notModeled,prereqs,20,0
67540,For Lover and Country,lodestone;wiki,notModeled,prereqs,20,0
67541,Spinning the Truth,lodestone;wiki,notModeled,prereqs,20,0
67542,Never Leave without a Good-bye,lodestone;wiki,notModeled,prereqs,20,0
67543,Forging Northwards,lodestone;wiki,notModeled,prereqs,20,0
67544,Leave It to Fremondain,lodestone;wiki,notModeled,prereqs,20,0
67545,The Good Fight,lodestone;wiki,notModeled,prereqs,20,0
67546,Blade That Was Broken,lodestone;wiki,notModeled,prereqs,20,0
67547,Integrity,lodestone;wiki,notModeled,prereqs,20,0
67548,Stairway to the Heavens,lodestone;wiki,notModeled,prereqs,20,0
67549,Fortune Favors the Bole,lodestone;wiki,notModeled,prereqs,20,0
67550,Hanging in the Balance,lodestone;wiki,notModeled,prereqs,20,0
67551,A Lesson in Patience,lodestone;wiki,notModeled,prereqs,20,0
67552,Slings and Arrows,lodestone;wiki,notModeled,prereqs,20,0
67553,Ewer Right,lodestone;wiki,notModeled,prereqs,20,0
67554,Loved by the Sun,lodestone;wiki,notModeled,prereqs,20,0
67555,Spearheading Initiatives,lodestone;wiki,notModeled,prereqs,20,0
67556,Sharlayan Ascending,lodestone;wiki,notModeled,prereqs,20,0
67557,Empty Nest,lodestone;wiki,notModeled,prereqs,20,0
67558,Conviction,lodestone;wiki,notModeled,prereqs,20,0
67559,Feather in the Cap,lodestone;wiki,notModeled,prereqs,20,0
67560,Trumped,lodestone;wiki,notModeled,prereqs,20,0
67561,The Hands of Fate,lodestone;wiki,notModeled,prereqs,20,0
67562,The Legend Continues,lodestone;wiki,notModeled,prereqs,20,0
67563,Let's Talk about Sects,lodestone;wiki,notModeled,prereqs,20,0
67564,Against the Shadow,lodestone;wiki,notModeled,prereqs,20,0
67565,Fight the Battle to Win,lodestone;wiki,notModeled,prereqs,20,0
67566,Stop the Senseless Killing,lodestone;wiki,notModeled,prereqs,20,0
67567,Appetite for Destruction,lodestone;wiki,sourceWrong,rewards,20,0
67568,An Exemplary Example,lodestone;wiki,notModeled,prereqs,20,0
67569,The Paladin Who Cried Wolf,lodestone;wiki,notModeled,prereqs,20,0
67570,Big Sollerets to Fill,lodestone;wiki,notModeled,prereqs,20,0
67571,Hey Soul Crystal,lodestone;wiki,notModeled,prereqs,20,0
67572,All According to Plan,lodestone;wiki,notModeled,prereqs,20,0
67573,This Little Sword of Mine,lodestone;wiki,notModeled,prereqs,20,0
67574,The Breaking of Blanstyr,lodestone;wiki,notModeled,prereqs,20,0
67575,Light-headed,lodestone;wiki,notModeled,prereqs,20,0
67576,Fancy Lancer,lodestone;wiki,notModeled,prereqs,20,0
67577,The Reforging of Blanstyr,lodestone;wiki,notModeled,prereqs,20,0
67578,The Pride of Vymelli,lodestone;wiki,notModeled,prereqs,20,0
67579,Wait on Me,lodestone;wiki,notModeled,prereqs,20,0
67580,A Spoonful Less Sugar,lodestone;wiki,notModeled,prereqs,20,0
67581,Looking for Some Hot Stuff,lodestone;wiki,notModeled,prereqs,20,0
67582,Love Meat Tender,lodestone;wiki,notModeled,prereqs,20,0
67583,The Spirit of Hospitality,lodestone;wiki,notModeled,prereqs,20,0
67584,Call from the Clouds,lodestone;wiki,notModeled,prereqs,20,0
67585,Onions of Life Bestowing,lodestone;wiki,notModeled,prereqs,20,0
67586,"Two Nations, One Seed",lodestone;wiki,notModeled,prereqs,20,0
67587,Love for Harmony,lodestone;wiki,notModeled,prereqs,20,0
67588,Seeds Know No Borders,lodestone;wiki,notModeled,prereqs,20,0
67589,Our End,lodestone;wiki,notModeled,prereqs,20,0
67590,Ishgardian Justice,lodestone;wiki,notModeled,prereqs,20,0
67591,The Voice in the Abyss,lodestone;wiki,notModeled,prereqs,20,0
67592,Heroic Reprise,lodestone;wiki,notModeled,prereqs,20,0
67593,Declaration of Blood,lodestone;wiki,notModeled,prereqs,20,0
67594,Our Answer,lodestone;wiki,notModeled,prereqs,20,0
67595,The Wages of Mercy,lodestone;wiki,notModeled,prereqs,20,0
67596,The Knight and the Maiden Fair,lodestone;wiki,notModeled,prereqs,20,0
67597,Kindred Spirits,lodestone;wiki,notModeled,prereqs,20,0
67598,Original Sins,lodestone;wiki,notModeled,prereqs,20,0
67599,The Flame in the Abyss,lodestone;wiki,notModeled,prereqs,20,0
67600,Absolution,lodestone;wiki,notModeled,prereqs,20,0
67601,Without a Trace,lodestone;wiki,notModeled,prereqs,20,0
67602,Magic Marks the Spot,lodestone;wiki,notModeled,prereqs,20,0
67603,From Hells,lodestone;wiki,notModeled,prereqs,20,0
67604,Burden of Proof,lodestone;wiki,notModeled,prereqs,20,0
67605,What Death Can Join Together,lodestone;wiki,notModeled,prereqs,20,0
67606,Form to the Formless,lodestone;wiki,notModeled,prereqs,20,0
67607,Elegance and Artistry,lodestone;wiki,notModeled,prereqs,20,0
67608,Double Trouble,lodestone;wiki,notModeled,prereqs,20,0
67609,A Masterclass,lodestone;wiki,notModeled,prereqs,20,0
67610,Two Hearts Beat as One,lodestone;wiki,notModeled,prereqs,20,0
67611,Turndown Service,lodestone;wiki,notModeled,prereqs,20,0
67612,By Your Bootstraps,lodestone;wiki,notModeled,prereqs,20,0
67613,Perfect Pitch,lodestone;wiki,notModeled,prereqs,20,0
67614,From the Hoplon to the Brume,lodestone;wiki,notModeled,prereqs,20,0
67615,A Winter's Sale,lodestone;wiki,notModeled,prereqs,20,0
67616,Breaking New Ground,lodestone;wiki,notModeled,prereqs,20,0
67617,Sellspade,lodestone;wiki,notModeled,prereqs,20,0
67618,The Same Vein,lodestone;wiki,notModeled,prereqs,20,0
67619,Digging Deeper,lodestone;wiki,notModeled,prereqs,20,0
67620,The Hole Truth,lodestone;wiki,notModeled,prereqs,20,0
67621,Plenty More Fish in the Sea,lodestone;wiki,notModeled,prereqs,20,0
67622,The Icepick Challenge,lodestone;wiki,notModeled,prereqs,20,0
67623,Invasion of the Supper Snatchers,lodestone;wiki,notModeled,prereqs,20,0
67624,One Man's Fish Is Another Man's Poison,lodestone;wiki,notModeled,prereqs,20,0
67625,Carpe Diem,lodestone;wiki,notModeled,prereqs,20,0
67626,Disarmed,lodestone;wiki,notModeled,prereqs,21,0
67627,Steel and Steam,garland;lodestone;wiki,notModeled,prereqs,22,0
67628,"Tinker, Seeker, Soldier, Spy",garland;lodestone;wiki,notModeled,prereqs,22,0
67629,The Pulsing Heart,garland;lodestone;wiki,notModeled,prereqs,22,0
67630,Enigma,lodestone;wiki,notModeled,prereqs,20,0
67631,Inscrutable Tastes,lodestone;wiki,notModeled,prereqs,20,0
67632,Beloved of the Builder,lodestone;wiki,notModeled,prereqs,20,0
67633,No Longer a Collectable,lodestone;wiki,notModeled,prereqs,20,0
67634,"Go West, Craftsman",lodestone;wiki,notModeled,prereqs,20,0
67635,The Favors of the House,lodestone;wiki,notModeled,listed,9,0
67636,A Fitting Tomestone,lodestone;wiki,notModeled,prereqs,20,0
67637,A Matter of Fact,lodestone;wiki,notModeled,prereqs,20,0
67638,A Miner Negotiation,lodestone;wiki,notModeled,prereqs,20,0
67639,"Mad, Bad, and Ebon-clad",lodestone;wiki,notModeled,prereqs,20,0
67640,I Could Have Tranced All Night,lodestone;wiki,notModeled,prereqs,20,0
67641,A Flare for the Dramatic,lodestone;wiki,notModeled,prereqs,20,0
67642,Leves of Ishgard,lodestone;wiki,notModeled,listed,9,0
67643,Sights of the North,lodestone;wiki,notModeled,listed,9,0
67644,A Song of Steam and Steel,garland;lodestone;wiki,sourceWrong,dutyUnlock,22,0
67645,So You Want to Be a Machinist,lodestone;wiki,notModeled,listed,9,0
67646,A Dark Spectacle,lodestone;wiki,notModeled,listed,9,0
67647,For All the Nights to Come,garland;lodestone;wiki,notModeled,prereqs,22,0
67648,Reap What You Sow,garland;lodestone;wiki,notModeled,prereqs,22,0
67649,Do It for Gilly,garland;lodestone;wiki,notModeled,prereqs,22,0
67650,Gods of Eld,lodestone;wiki,notModeled,prereqs,20,0
67651,The Diabolical Bismarck,garland;lodestone;wiki,notModeled,prereqs,22,0
67652,Thok Around the Clock,garland;lodestone;wiki,notModeled,prereqs,22,0
67653,I Believe I Can Fly,lodestone;wiki,notModeled,listed,9,0
67654,A Striking Opportunity,lodestone;wiki,notModeled,prereqs,20,0
67655,Let the Clan Hunt Begin,lodestone;wiki,notModeled,prereqs,20,0
67656,Better Bill Hunting,lodestone;wiki,notModeled,prereqs,20,0
67657,Top Marks,lodestone;wiki,notModeled,prereqs,20,0
67658,Elite and Dangerous,lodestone;wiki,notModeled,prereqs,20,0
67659,What's Your Sign,lodestone;wiki,notModeled,listed,9,0
67660,Reigniting the Festivities,lodestone;wiki,notModeled,expansion,20,0
67661,A Matter of Taste,lodestone;wiki,sourceWrong,rewards,20,0
67662,What's in the Dish,lodestone;wiki,sourceWrong,rewards,20,0
67663,An Adventurer's Life for Me,lodestone;wiki,notModeled,expansion,20,0
67664,Jihli Dreams of Egg Hunts,lodestone;wiki,notModeled,expansion,20,0
67665,Pass the Poacher,lodestone;wiki,notModeled,expansion,20,0
67666,Hard-boiled Hocus,lodestone;wiki,notModeled,expansion,20,0
67667,Spriggan Scramble,lodestone;wiki,notModeled,expansion,20,0
67668,Eggsaltation of a Lark,lodestone;wiki,notModeled,expansion,20,0
67669,And Then There Were Some,lodestone;wiki,notModeled,expansion,20,0
67670,A World Away,lodestone;wiki,notModeled,expansion,20,0
67671,An Inspector's Gadget,lodestone;wiki,notModeled,expansion,20,0
67672,Heroes of Tomorrow,lodestone;wiki,notModeled,expansion,20,0
67673,Dashing and Burning,lodestone;wiki,sourceWrong,rewards,20,0
67674,Hot 'n Cold,lodestone;wiki,sourceWrong,rewards,20,0
67675,Who Let the Bombs Out,lodestone;wiki,sourceWrong,rewards,20,0
67676,A Battle Royal,lodestone;wiki,notModeled,expansion,20,0
67677,A Complete Game Changer,lodestone;wiki,sourceWrong,rewards,20,0
67685,Investigating the Inimical,lodestone;wiki,notModeled,expansion,20,0
67686,Joining the Circus,lodestone;wiki,notModeled,expansion,20,0
67687,Sweeping the Meadows,lodestone;wiki,notModeled,expansion,20,0
67688,Contradicting Convictions,lodestone;wiki,notModeled,prereqs,20,0
67689,The Benefits of Consultation,lodestone;wiki,notModeled,prereqs,20,0
67690,Balancing the Spear,lodestone;wiki,notModeled,prereqs,20,0
67691,More than Meets Her Eye,lodestone;wiki,notModeled,prereqs,20,0
67692,An Uncertain Future,lodestone;wiki,notModeled,prereqs,20,0
67693,Breaking the Cycle,lodestone;wiki,notModeled,prereqs,20,0
67694,"Another Time, Another Place",lodestone;wiki,notModeled,prereqs,20,0
67695,In the Eye of the Beholder,lodestone;wiki,notModeled,prereqs,20,0
67696,"A Little Slow, a Little Late",lodestone;wiki,notModeled,prereqs,20,0
67697,Dreams of the Lost,lodestone;wiki,notModeled,prereqs,20,0
67698,Against the Dying of the Light,lodestone;wiki,notModeled,prereqs,20,0
67699,"As Goes Light, So Goes Darkness",lodestone;wiki,notModeled,prereqs,20,0
67700, Three Beaks to the Wind,lodestone;wiki,notModeled,prereqs,20,0
67701, A Tribal Reunion,lodestone;wiki,notModeled,prereqs,20,0
67702, Linu's Lovely Bones,lodestone;wiki,notModeled,prereqs,20,0
67703, In the Skycage over the Sea,lodestone;wiki,notModeled,prereqs,20,0
67704, Fishing for Friendship,lodestone;wiki,notModeled,prereqs,20,0
67705, Sundrop the Beat,lodestone;wiki,notModeled,prereqs,20,0
67706, Nest Side Story,lodestone;wiki,notModeled,prereqs,20,0
67707," Veni, Vundu, Vici",lodestone;wiki,sourceWrong,rewards,20,0
67708, Pussyfooting About,lodestone;wiki,sourceWrong,rewards,20,0
67709, Endymion Disco,lodestone;wiki,sourceWrong,rewards,20,0
67710, Pilfering Pots from the Pantry,lodestone;wiki,sourceWrong,rewards,20,0
67711, Chigoe Cha-cha,lodestone;wiki,sourceWrong,rewards,20,0
67712, Water Crystal Waltz,lodestone;wiki,sourceWrong,rewards,20,0
67713, Hard-boiled Hustle,lodestone;wiki,sourceWrong,rewards,20,0
67714, Sanuwa Samba,lodestone;wiki,sourceWrong,rewards,20,0
67715, Bird Watching,lodestone;wiki,sourceWrong,rewards,20,0
67716, Comb and Get It,lodestone;wiki,sourceWrong,rewards,20,0
67717, The Binding Soil,lodestone;wiki,sourceWrong,rewards,20,0
67718, Flight of the Midges,lodestone;wiki,sourceWrong,rewards,20,0
67719, Fishing in Troubled Waters,lodestone;wiki,sourceWrong,rewards,20,0
67720, Reeling in the Vundu,lodestone;wiki,sourceWrong,rewards,20,0
67721, Nailed Down,lodestone;wiki,sourceWrong,rewards,20,0
67722, The House That Ginu Built,lodestone;wiki,sourceWrong,rewards,20,0
67723, A Bone to Pick,lodestone;wiki,sourceWrong,rewards,20,0
67724, A Hut to Dye For,lodestone;wiki,sourceWrong,rewards,20,0
67725, Shady Premonitions,lodestone;wiki,sourceWrong,rewards,20,0
67726, Pestered Ancestors,lodestone;wiki,sourceWrong,rewards,20,0
67727," Smooth as Silk, Cool as Air",lodestone;wiki,sourceWrong,rewards,20,0
67728, Gaelicat's Out of the Bag,lodestone;wiki,sourceWrong,rewards,20,0
67729, Rotten to the Korrigan,lodestone;wiki,sourceWrong,rewards,20,0
67730, Gastornis Groove,lodestone;wiki,sourceWrong,rewards,20,0
67731, The Cat's Meow,lodestone;wiki,sourceWrong,rewards,20,0
67732, Easy as Paissa,lodestone;wiki,sourceWrong,rewards,20,0
67733, Dance Commander,lodestone;wiki,sourceWrong,rewards,20,0
67734, Electric Gunduloo,lodestone;wiki,sourceWrong,rewards,20,0
67735, Wildwort and Sundrop,lodestone;wiki,sourceWrong,rewards,20,0
67736," Vanish, Vile Vundu",lodestone;wiki,sourceWrong,rewards,20,0
67737,Things Are Getting Sirius,garland;lodestone;wiki,notModeled,prereqs,22,0
67738,An Overgrown Ambition,garland;lodestone;wiki,notModeled,prereqs,22,0
67739,Thordan's Reign,lodestone;wiki,notModeled,prereqs,21,0
67740,Sky Pirates,lodestone;wiki,notModeled,prereqs,20,0
67741,To Rule the Skies,garland;lodestone;wiki,notModeled,prereqs,22,0
67742,A Journey to Remember,lodestone;wiki,notModeled,expansion,20,0
67743,Divine Reckoning,lodestone;wiki,notModeled,prereqs,20,0
67744,Through the Grapevine,lodestone;wiki,notModeled,prereqs,20,0
67745,A Familial Resemblance,lodestone;wiki,notModeled,prereqs,20,0
67746,Finding Ulaa,lodestone;wiki,notModeled,prereqs,20,0
67747,An Unexpected Proposal,lodestone;wiki,notModeled,prereqs,20,0
67748, Soul without Life,lodestone;wiki,notModeled,prereqs,20,0
67749, Toughening Up,lodestone;wiki,notModeled,prereqs,20,0
67750, Coming into Its Own,lodestone;wiki,notModeled,prereqs,20,0
67752,The New Frontier,lodestone;wiki,notListed,listed,2,0
67753,Monkey about Town,lodestone;wiki,notModeled,expansion,20,0
67754,What Is Love,lodestone;wiki,notModeled,expansion,20,0
67755,The Fault in Our Cards,lodestone;wiki,notModeled,expansion,20,0
67756,A Pair of Hearts,lodestone;wiki,notModeled,expansion,20,0
67757,Aligning the Stars,lodestone;wiki,notModeled,expansion,20,0
67758,"Sugar, Spice, and Everything Rice",lodestone;wiki,sourceWrong,rewards,20,0
67759,The Lead Starling,lodestone;wiki,notModeled,expansion,20,0
67760,For Whom the Starlight Bell Tolls,lodestone;wiki,notModeled,expansion,20,0
67761,The Nest of Honor,lodestone;wiki,notModeled,prereqs,20,0
67762,"A Gentleman Falls, Rather than Flies",lodestone;wiki,notModeled,prereqs,20,0
67763,Don't Call It a Comeback,lodestone;wiki,notModeled,prereqs,20,0
67764,The Gigi Situation,lodestone;wiki,notModeled,prereqs,20,0
67765,The Measure of a Mammet,lodestone;wiki,notModeled,prereqs,20,0
67766,When the Bough Wakes,garland;lodestone;wiki,notModeled,prereqs,22,0
67767,As It Once Was,lodestone;wiki,notModeled,prereqs,20,0
67768,The Word of the Mother,garland;lodestone;wiki,notModeled,prereqs,22,0
67769,This War of Ours,lodestone;wiki,notModeled,prereqs,20,0
67770,Staunch Conviction,lodestone;wiki,notModeled,prereqs,20,0
67771,"Once More, a Favor",lodestone;wiki,notModeled,prereqs,20,0
67772,For Those We Have Lost,lodestone;wiki,notModeled,prereqs,20,0
67773,Consequences,lodestone;wiki,notModeled,prereqs,20,0
67774,Choices,lodestone;wiki,notModeled,prereqs,20,0
67775,A Spectacle for the Ages,lodestone;wiki,notModeled,prereqs,20,0
67776,For Those We Can Yet Save,lodestone;wiki,notModeled,prereqs,20,0
67777,Causes and Costs,lodestone;wiki,notModeled,prereqs,20,0
67778,The Man Within,lodestone;wiki,notModeled,prereqs,20,0
67779,An Ally for Ishgard,lodestone;wiki,notModeled,prereqs,20,0
67780,Winning Over the Wyrm,garland;lodestone;wiki,notModeled,prereqs,22,0
67781,An End to the Song,garland;lodestone;wiki,notModeled,prereqs,22,0
67782,Heroes of the Hour,lodestone;wiki,notModeled,prereqs,20,0
67783,Litany of Peace,lodestone;wiki,notModeled,prereqs,20,0
67784,Storming the Hull,garland;lodestone;wiki,notModeled,prereqs,22,0
67785,Rearmed,lodestone;wiki,notModeled,prereqs,21,0
67786,The Folly of Youth,garland;lodestone;wiki,notModeled,prereqs,22,0
67787,Toppling the Tyrant,garland;lodestone;wiki,notModeled,prereqs,22,0
67788,One Step Behind,garland;lodestone;wiki,notModeled,prereqs,22,0
67789,A Gob in the Machine,lodestone;wiki,notModeled,prereqs,20,0
67790,A Refrain for the Undaunted,garland;lodestone;wiki,sourceWrong,dutyUnlock,22,0
67791, The Naming of Vath,lodestone;wiki,notModeled,prereqs,20,0
67792, Adventurers Don't Get Cold Feet,lodestone;wiki,notModeled,prereqs,20,0
67793, An Acquired Taste,lodestone;wiki,notModeled,prereqs,20,0
67794, Your Enemy and Mine,lodestone;wiki,notModeled,prereqs,20,0
67795, Resistance Is Futile,lodestone;wiki,notModeled,prereqs,20,0
67796,A Symbiotic Friendship,lodestone;wiki,notModeled,prereqs,20,0
67797, Getting the Shaft,lodestone;wiki,sourceWrong,rewards,20,0
67798, Breath of Fresh Air,lodestone;wiki,sourceWrong,rewards,20,0
67799, Bugging the Bugs,lodestone;wiki,sourceWrong,rewards,20,0
67800, Too Much to Bear,lodestone;wiki,sourceWrong,rewards,20,0
67801, The Foodstuff of Champions,lodestone;wiki,sourceWrong,rewards,20,0
67802, A Long Shot,lodestone;wiki,sourceWrong,rewards,20,0
67803, Where the Silver Dew Grows,lodestone;wiki,sourceWrong,rewards,20,0
67804, The Caelumtree Wine Spree,lodestone;wiki,sourceWrong,rewards,20,0
67805, Ploughing Ahead,lodestone;wiki,sourceWrong,rewards,20,0
67806, At Full Pelt,lodestone;wiki,sourceWrong,rewards,20,0
67807, Failure to Deliver,lodestone;wiki,sourceWrong,rewards,20,0
67808," Shoo Fly, Don't Bother Me",lodestone;wiki,sourceWrong,rewards,20,0
67809, All about the Eggs,lodestone;wiki,sourceWrong,rewards,20,0
67810, Smells Like Trouble,lodestone;wiki,sourceWrong,rewards,20,0
67811, When Hunting Goes Wrong,lodestone;wiki,sourceWrong,rewards,20,0
67812, Flea Troubles,lodestone;wiki,sourceWrong,rewards,20,0
67813, Fifty Shades of Yellow,lodestone;wiki,sourceWrong,rewards,20,0
67814, A Romp around the Foothills,lodestone;wiki,sourceWrong,rewards,20,0
67815, Neighborhood Squabbles,lodestone;wiki,sourceWrong,rewards,20,0
67816, Not for the Faint of Heart,lodestone;wiki,sourceWrong,rewards,20,0
67817,A Fiendish Likeness,lodestone;wiki,notModeled,prereqs,21,0
67818,One More Night in Amdapor,garland;lodestone;wiki,notModeled,prereqs,22,0
67819,A Seat at the Feast,lodestone;wiki,notModeled,section,10,0
67820, Finding Your Voice,lodestone;wiki,notModeled,prereqs,20,0
67821,The Weeping City,garland;lodestone;wiki,notModeled,prereqs,22,0
67822,Freedom for Our Skies,lodestone;wiki,notModeled,prereqs,20,0
67823,The Vital Title,lodestone;wiki,notModeled,prereqs,20,0
67824,The Fate of Stars,lodestone;wiki,notModeled,prereqs,20,0
67825,Nidhogg's Rage,lodestone;wiki,notModeled,prereqs,21,0
67826, With a Little Help,lodestone;wiki,notModeled,prereqs,20,0
67827, Hasty Conclusions,lodestone;wiki,notModeled,prereqs,20,0
67828, A Fundamentally Important Task,lodestone;wiki,notModeled,prereqs,20,0
67829, Deep into the Weeds,lodestone;wiki,notModeled,prereqs,20,0
67830, Moogle on the Wall,lodestone;wiki,notModeled,prereqs,20,0
67831, Kupo for Kupo Nuts,lodestone;wiki,notModeled,prereqs,20,0
67832, Work That Mallow,lodestone;wiki,notModeled,prereqs,20,0
67833, A Little Pick-me-up,lodestone;wiki,notModeled,prereqs,20,0
67834, A Fine Finish,lodestone;wiki,notModeled,prereqs,20,0
67835, The Mining Mishap,lodestone;wiki,notModeled,prereqs,20,0
67836, Stumbling Blocks,lodestone;wiki,notModeled,prereqs,20,0
67837, Tricks without Treats,lodestone;wiki,notModeled,prereqs,20,0
67838, For Moogles in Peril,lodestone;wiki,notModeled,prereqs,20,0
67839, The Negotiator,lodestone;wiki,notModeled,prereqs,20,0
67840, Back to the Drawing Board,lodestone;wiki,notModeled,prereqs,20,0
67841, Built to Last,lodestone;wiki,sourceWrong,displayLevel,20,0
67842, Let There Be Light,lodestone;wiki,notModeled,prereqs,20,0
67843, Rare Refreshments,lodestone;wiki,notModeled,prereqs,20,0
67844, A Stone's Throw Away,lodestone;wiki,notModeled,prereqs,20,0
67845, A Revivifying Roar,lodestone;wiki,notModeled,prereqs,20,0
67846, Journey of a Thousand Hews,lodestone;wiki,notModeled,prereqs,20,0
67847, Ship of Dreams,lodestone;wiki,notModeled,prereqs,20,0
67848, Stirring by Sternutation,lodestone;wiki,notModeled,prereqs,20,0
67849, Dragon Draff for Their Behalf,lodestone;wiki,notModeled,prereqs,20,0
67850, A Fish for His Favors,lodestone;wiki,notModeled,prereqs,20,0
67851, From Lax to Max,lodestone;wiki,notModeled,prereqs,20,0
67852, An Ishgardian Treat,lodestone;wiki,notModeled,prereqs,20,0
67853, Mine and Craft,lodestone;wiki,notModeled,prereqs,20,0
67854, The Moogle Motivator,lodestone;wiki,notModeled,prereqs,20,0
67855, Tremble Finishing,lodestone;wiki,notModeled,prereqs,20,0
67856, Tricks and Stones,lodestone;wiki,notModeled,prereqs,20,0
67857, The Milk of Moogle Kindness,lodestone;wiki,notModeled,prereqs,20,0
67858, Trying Times,lodestone;wiki,notModeled,prereqs,20,0
67859, A Crystalline Solution,lodestone;wiki,notModeled,prereqs,20,0
67860, The Tools Make the Moogle,lodestone;wiki,notModeled,prereqs,20,0
67861, A Monumental Task,lodestone;wiki,notModeled,prereqs,20,0
67862, Piecing Together the Past,lodestone;wiki,notModeled,prereqs,20,0
67863,The Zenith of Craftsmanship,lodestone;wiki,notModeled,prereqs,20,0
67864, A Dream Fulfilled,lodestone;wiki,notModeled,prereqs,20,0
67865,A Play in Three Acts,lodestone;wiki,notModeled,expansion,20,0
67866,The Show Must Go On,lodestone;wiki,notModeled,expansion,20,0
67867,After the Curtain Falls,lodestone;wiki,notModeled,expansion,20,0
67868,Balance unto All,garland;lodestone;wiki,notModeled,prereqs,22,0
67869,A Deific Simulacrum,lodestone;wiki,notModeled,prereqs,21,0
67870,Recondition the Anima,lodestone;wiki,notListed,listed,2,0
67871,The Coeurl and the Colossus,lodestone;wiki,notModeled,prereqs,21,0
67872,Biggs and Wedge's Excellent Adventure,lodestone;wiki,notModeled,prereqs,21,0
67873,Thus Spake Quickthinx,lodestone;wiki,notModeled,prereqs,21,0
67874,Judgment Day,lodestone;wiki,notModeled,prereqs,21,0
67875,Of Endings and Beginnings,lodestone;wiki,sourceWrong,rewards,20,0
67876,"Who Lives, Who Dies, Who Retells Your Story",garland;lodestone;wiki,sourceWrong,dutyUnlock,22,0
67877,Promises Kept,lodestone;wiki,notModeled,prereqs,20,0
67878,Shadows of the First,garland;lodestone;wiki,notModeled,prereqs,22,0
67879,Two Sides of a Coin,lodestone;wiki,sourceWrong,prereqs,20,0
67880,Unlikely Allies,lodestone;wiki,notModeled,prereqs,20,0
67881,The Beast That Mourned at the Heart of the Mountain,lodestone;wiki,sourceWrong,duties,21,0
67882,Beneath a Star-filled Sky,lodestone;wiki,notModeled,prereqs,20,0
67883,When We Were Free,lodestone;wiki,notModeled,prereqs,20,0
67884,Honorable Heroes,lodestone;wiki,notModeled,prereqs,20,0
67885,One Life for One World,lodestone;wiki,notModeled,prereqs,20,0
67886,An Ending to Mark a New Beginning,lodestone;wiki,notModeled,prereqs,20,0
67887,Tidings from Gyr Abania,lodestone;wiki,notModeled,prereqs,20,0
67888,An Envoy for Ishgard,lodestone;wiki,notModeled,prereqs,20,0
67889,An Allied Decision,lodestone;wiki,notModeled,prereqs,20,0
67890,"Griffin, Griffin on the Wall",garland;lodestone;wiki,notModeled,prereqs,22,0
67891,Louisoix's Finest Student,lodestone;wiki,notModeled,prereqs,20,0
67892,The Obvious Solution,lodestone;wiki,notModeled,prereqs,20,0
67893,The Greater Obeisance,lodestone;wiki,notModeled,prereqs,20,0
67894,"Fly Free, My Pretty",lodestone;wiki,notModeled,prereqs,20,0
67895,The Far Edge of Fate,lodestone;wiki,notModeled,prereqs,20,0
67896,An Egi by Any Other Name,lodestone;wiki,notModeled,expansion,20,0
67897,The Student Body's Revenge,lodestone;wiki,notModeled,prereqs,20,0
67898,The Whipping Boy,lodestone;wiki,notModeled,prereqs,20,0
67899,Letters from No One,lodestone;wiki,notModeled,prereqs,20,0
67900,The Life and Lies of Father Saturnois,lodestone;wiki,notModeled,prereqs,20,0
67905,A Gazebo to Call Our Own,lodestone;wiki,notModeled,prereqs,20,0
67906,Don't Trust Anyone over Sixty,lodestone;wiki,notModeled,prereqs,20,0
67907,The Proud and the Pointy-eyed,lodestone;wiki,notModeled,prereqs,20,0
67908,If I Could Turn Back Time,lodestone;wiki,notModeled,prereqs,20,0
67909,Where Shadows Reign,lodestone;wiki,notModeled,prereqs,21,0
67910,A Redbill Farewell,lodestone;wiki,notModeled,prereqs,20,0
67911,Naughty or Nice,lodestone;wiki,notModeled,expansion,20,0
67912,Think of the Children,lodestone;wiki,notModeled,expansion,20,0
67913,I'll Be Home for Starlight,lodestone;wiki,notModeled,expansion,20,0
67914,A Starlight Story,lodestone;wiki,notModeled,expansion,20,0
67915, Future Proof,lodestone;wiki,notModeled,prereqs,20,0
67916,Seeking Inspiration,lodestone;wiki,notModeled,prereqs,20,0
67917,Cut from a Different Cloth,lodestone;wiki,notModeled,prereqs,20,0
67918,When Good Dragons Go Bad,lodestone;wiki,sourceWrong,prereqs,20,0
67919,Who Was That Masked Man,lodestone;wiki,notModeled,prereqs,20,0
67920,Lift Me to the Moon,lodestone;wiki,notModeled,prereqs,20,0
67921,"Eternity, Loyalty, Honesty",lodestone;wiki,notModeled,prereqs,20,0
67922,Let Me Gubal That for You,garland;lodestone;wiki,notModeled,prereqs,22,0
67923,What Lies Beneath,lodestone;wiki,sourceWrong,prereqs,10,0
67924,Dead but Not Gone,lodestone;wiki,notModeled,prereqs,20,0
67925,Squadron and Commander (Twin Adder),lodestone;wiki,notModeled,expansion,9,0
67926,Squadron and Commander (Maelstrom),lodestone;wiki,notModeled,expansion,9,0
67927,Squadron and Commander (Immortal Flames),lodestone;wiki,notModeled,expansion,9,0
67928,Keeping Up with the Aliapohs,lodestone;wiki,notModeled,prereqs,20,0
67929,It's Time to Duel,lodestone;wiki,notModeled,expansion,20,0
67930,The Last Pillar to Fall,garland;lodestone;wiki,notModeled,prereqs,22,0
67931,A Demonic Duplicate,lodestone;wiki,notModeled,prereqs,21,0
67932, Born Again Anima,lodestone;wiki,sourceWrong,prereqs,20,0
67933,Some Assembly Required,lodestone;wiki,notModeled,prereqs,20,0
67934,Body and Soul,lodestone;wiki,notModeled,prereqs,20,0
67935,Birdwatching Gone Wrong,lodestone;wiki,notModeled,expansion,20,0
67936,The Disappearing Act,lodestone;wiki,notModeled,expansion,20,0
67937,Ulala's Grand Performance,lodestone;wiki,notModeled,expansion,20,0
67938,The Fires of Sohm Al,garland;lodestone;wiki,notModeled,prereqs,22,0
67939,Words of Wisdom,lodestone;wiki,notModeled,prereqs,20,0
67940, Best Friends Forever,lodestone;wiki,notModeled,prereqs,20,0
67942,Masha's Grand Performance,lodestone;wiki,notModeled,expansion,20,0
67943,Narumi's Grand Performance,lodestone;wiki,notModeled,expansion,20,0
67944,Idols Give Back,lodestone;wiki,sourceWrong,rewards,20,0
67945,East Meets West,lodestone;wiki,notModeled,prereqs,20,0
67946,Ride Like the Wind,lodestone;wiki,notModeled,prereqs,20,0
67947,Come Rain or Shrine,lodestone;wiki,notModeled,prereqs,20,0
67948,Behind Door Number Two,lodestone;wiki,notModeled,prereqs,20,0
67949,Foxfire,lodestone;wiki,notModeled,prereqs,20,0
67950,Unease in East End,lodestone;wiki,notModeled,prereqs,20,0
67951,An Aura for Trouble,lodestone;wiki,notModeled,prereqs,20,0
67952,A Beacon for Bad Things,lodestone;wiki,notModeled,prereqs,20,0
67953,The Problem with Padjals,lodestone;wiki,notModeled,prereqs,20,0
67954,What She Always Wanted,lodestone;wiki,notModeled,prereqs,20,0
67955,Once More with Feeling,lodestone;wiki,notModeled,expansion,20,0
67956,The Magic Number,lodestone;wiki,notModeled,expansion,20,0
67957,When Eggs Fly,lodestone;wiki,notModeled,expansion,20,0
67958,Shock-full of Eggcitement,lodestone;wiki,notModeled,expansion,20,0
67959,Eggsistential Crisis,lodestone;wiki,notModeled,expansion,20,0
67960,Golden Rain,lodestone;wiki,notModeled,expansion,20,0
67961,More Bark and Mochi Bite,lodestone;wiki,notModeled,expansion,20,0
67962,A Fistful of Resolve,lodestone;wiki,notModeled,prereqs,20,0
67963,Return of the Monk,lodestone;wiki,notModeled,prereqs,20,0
67964,Cross-fist Training,lodestone;wiki,notModeled,prereqs,20,0
67965,Choices and Paths,lodestone;wiki,notModeled,prereqs,20,0
67966,The Power to Protect,lodestone;wiki,notModeled,prereqs,20,0
67967,When East Meets West,lodestone;wiki,notModeled,prereqs,20,0
67968,The Butterfly Effect,lodestone;wiki,notModeled,prereqs,20,0
67969,The Crane's Caveat,lodestone;wiki,notModeled,prereqs,20,0
67970,A Geiko for All Seasons,lodestone;wiki,notModeled,prereqs,20,0
67971,Send Me an Angel,lodestone;wiki,notModeled,prereqs,20,0
67972,Not Quite Dead Yet,lodestone;wiki,notModeled,prereqs,20,0
67973,The Forbidden Blade,lodestone;wiki,notModeled,prereqs,20,0
67974,Do Goldsmiths Dream of Gilded Sheep,lodestone;wiki,notModeled,prereqs,20,0
67975,No Sin Unpunished,lodestone;wiki,notModeled,prereqs,20,0
67976,A Love Beyond Lifetimes,lodestone;wiki,notModeled,prereqs,20,0
67977,Uncharted Territory,lodestone;wiki,notModeled,prereqs,20,0
67978,The Game of Confidence,lodestone;wiki,notModeled,prereqs,20,0
67979,A Lesson in Listening,lodestone;wiki,notModeled,prereqs,20,0
67980,Live and Let Dine,lodestone;wiki,notModeled,prereqs,20,0
67981,Tea Party Rules,lodestone;wiki,notModeled,prereqs,20,0
67982,Beyond the Great Wall,lodestone;wiki,notModeled,prereqs,20,0
67983,Lyse Takes the Lead,lodestone;wiki,notModeled,prereqs,20,0
67984,The Promise of a New Beginning,lodestone;wiki,notModeled,prereqs,20,0
67985,A Haven for the Bold,lodestone;wiki,sourceWrong,rewards,20,0
67986,A Bargain Struck,lodestone;wiki,sourceWrong,rewards,20,0
67987,A Friend of a Friend in Need,lodestone;wiki,sourceWrong,rewards,20,0
67988,"Signed, Sealed, to Be Delivered",lodestone;wiki,sourceWrong,rewards,20,0
67989,Best Served with Cold Steel,lodestone;wiki,sourceWrong,rewards,20,0
67990,Let Fill Your Hearts with Pride,lodestone;wiki,sourceWrong,rewards,20,0
67991,A Familiar Face Forgotten,lodestone;wiki,notModeled,prereqs,20,0
67992,The Prodigal Daughter,lodestone;wiki,sourceWrong,rewards,20,0
67993,A Life More Ordinary,lodestone;wiki,sourceWrong,rewards,20,0
67994,The Color of Angry Qiqirn,lodestone;wiki,notModeled,prereqs,20,0
67995,The Black Wolf's Pups,lodestone;wiki,sourceWrong,rewards,20,0
67996,Homeward Bound,lodestone;wiki,sourceWrong,rewards,20,0
67997,Where Men Go as One,lodestone;wiki,sourceWrong,rewards,20,0
67998,Crossing the Velodyna,lodestone;wiki,sourceWrong,rewards,20,0
67999,In Crimson It Began,lodestone;wiki,notModeled,prereqs,20,0
68000,The Fires Fade,lodestone;wiki,notModeled,prereqs,20,0
68001,Bereft of Hearth and Home,lodestone;wiki,notModeled,prereqs,20,0
68002,Divide and Conquer,lodestone;wiki,notModeled,prereqs,20,0
68003,"Lies, Damn Lies, and Pirates",lodestone;wiki,notModeled,prereqs,20,0
68004,Tales from the Far East,lodestone;wiki,sourceWrong,rewards,20,0
68005,Not without Incident,garland;lodestone;wiki,sourceWrong,rewards,22,0
68006,The Man from Ul'dah,lodestone;wiki,notModeled,prereqs,20,0
68007,Where the Streets Are Paved with Koban,lodestone;wiki,sourceWrong,rewards,20,0
68008,By the Grace of Lord Lolorito,lodestone;wiki,sourceWrong,rewards,20,0
68009,A Good Samurai Is Hard to Find,lodestone;wiki,notModeled,prereqs,20,0
68010,It's Probably a Trap,lodestone;wiki,sourceWrong,rewards,20,0
68011,Making the Catfish Sing,lodestone;wiki,sourceWrong,rewards,20,0
68012,"Once More, to the Ruby Sea",lodestone;wiki,notModeled,prereqs,20,0
68013,Open Water,lodestone;wiki,notModeled,prereqs,20,0
68014,Boys with Boats,lodestone;wiki,sourceWrong,rewards,20,0
68015,To Bend with the Wind,lodestone;wiki,sourceWrong,rewards,20,0
68016,Confederate Consternation,lodestone;wiki,sourceWrong,rewards,20,0
68017,Alisaie's Stones,lodestone;wiki,sourceWrong,rewards,20,0
68018,Under the Sea,lodestone;wiki,sourceWrong,rewards,20,0
68019,Of Kojin and Kami,lodestone;wiki,sourceWrong,rewards,20,0
68020,In Soroban We Trust,lodestone;wiki,sourceWrong,rewards,20,0
68021,Forever and Ever Apart,lodestone;wiki,sourceWrong,rewards,20,0
68022,In Darkness the Magatama Dreams,lodestone;wiki,sourceWrong,rewards,20,0
68023,The Whims of the Divine,lodestone;wiki,sourceWrong,rewards,20,0
68024,Breaking and Delivering,lodestone;wiki,sourceWrong,rewards,20,0
68025,The Lord of the Revel,garland;lodestone;wiki,sourceWrong,rewards,22,0
68026,"Tide Goes in, Imperials Go Out",lodestone;wiki,sourceWrong,rewards,20,0
68027,A Silence in Three Parts,lodestone;wiki,notModeled,prereqs,20,0
68028,Life after Doma,lodestone;wiki,sourceWrong,rewards,20,0
68029,The Stubborn Remainder,lodestone;wiki,notModeled,prereqs,20,0
68030,The Ones We Leave Behind,lodestone;wiki,sourceWrong,rewards,20,0
68031,A New Ruby Tithe,lodestone;wiki,sourceWrong,rewards,20,0
68032,The Will to Live,lodestone;wiki,notModeled,prereqs,20,0
68033,Daughter of the Deep,lodestone;wiki,sourceWrong,rewards,20,0
68034,The Time between the Seconds,lodestone;wiki,notModeled,prereqs,20,0
68035,All the Little Angels,lodestone;wiki,notModeled,prereqs,20,0
68036,The Search for Lord Hien,lodestone;wiki,sourceWrong,rewards,20,0
68037,A Season for War,lodestone;wiki,sourceWrong,rewards,20,0
68038,An Impossible Dream,lodestone;wiki,sourceWrong,rewards,20,0
68039,Stars in the Dark,lodestone;wiki,sourceWrong,rewards,20,0
68040,A Warrior's Welcome,lodestone;wiki,sourceWrong,rewards,20,0
68041,The Heart of Nations,lodestone;wiki,sourceWrong,rewards,20,0
68042,A Trial Before the Trial,lodestone;wiki,sourceWrong,rewards,20,0
68043,In the Footsteps of Bardam the Brave,garland;lodestone;wiki,sourceWrong,rewards,22,0
68044,The Children of Azim,lodestone;wiki,sourceWrong,rewards,20,0
68045,The Labors of Magnai,lodestone;wiki,notModeled,prereqs,20,0
68046,For Love of the Moon,lodestone;wiki,sourceWrong,rewards,20,0
68047,Sworn Enemies of the Sun,lodestone;wiki,sourceWrong,rewards,20,0
68048,The Undying Ones,lodestone;wiki,sourceWrong,rewards,20,0
68049,A Final Peace,lodestone;wiki,sourceWrong,rewards,20,0
68050,As the Gods Will,lodestone;wiki,sourceWrong,rewards,20,0
68051,Naadam,lodestone;wiki,sourceWrong,rewards,20,0
68052,Glory to the Khagan,lodestone;wiki,notModeled,prereqs,20,0
68053,In Crimson They Walked,lodestone;wiki,notModeled,prereqs,20,0
68054,The Hour of Reckoning,lodestone;wiki,notModeled,prereqs,20,0
68055,The Room Where It Happened,lodestone;wiki,notModeled,prereqs,20,0
68056,Seeds of Despair,lodestone;wiki,sourceWrong,rewards,20,0
68057,The Limits of Our Endurance,lodestone;wiki,sourceWrong,rewards,20,0
68058,The Doma Within,lodestone;wiki,sourceWrong,rewards,20,0
68059,On the Eve of Destiny,lodestone;wiki,sourceWrong,rewards,20,0
68060,The Die Is Cast,garland;lodestone;wiki,notModeled,prereqs,22,0
68061,The World Turned Upside Down,lodestone;wiki,sourceWrong,rewards,20,0
68062,A Swift and Secret Departure,lodestone;wiki,sourceWrong,rewards,20,0
68063,While You Were Away,lodestone;wiki,sourceWrong,rewards,20,0
68064,Rhalgr's Beacon,lodestone;wiki,sourceWrong,rewards,20,0
68065,The Fortunes of War,lodestone;wiki,notModeled,prereqs,20,0
68066,"Rising Fortunes, Rising Spirits",lodestone;wiki,sourceWrong,rewards,20,0
68067,The Lure of the Dream,lodestone;wiki,sourceWrong,rewards,20,0
68068,The Lady of Bliss,garland;lodestone;wiki,sourceWrong,rewards,22,0
68069,The Silence of the Gods,lodestone;wiki,sourceWrong,rewards,20,0
68070,The First of Many,lodestone;wiki,notModeled,prereqs,20,0
68071,Strong and Unified,lodestone;wiki,sourceWrong,rewards,20,0
68072,Hells Open,lodestone;wiki,sourceWrong,rewards,20,0
68073,Heavens Weep,lodestone;wiki,notModeled,prereqs,20,0
68074,The Road Home,lodestone;wiki,notModeled,prereqs,20,0
68075,For the Living and the Dead,lodestone;wiki,sourceWrong,rewards,20,0
68076,Above the Churning Waters,lodestone;wiki,sourceWrong,rewards,20,0
68077,The Path Forward,lodestone;wiki,sourceWrong,rewards,20,0
68078,With Tired Hands We Toil,lodestone;wiki,sourceWrong,rewards,20,0
68079,Where Courage Endures,lodestone;wiki,sourceWrong,rewards,20,0
68080,The Price of Freedom,garland;lodestone;wiki,sourceWrong,rewards,22,0
68081,Raubahn's Invitation,lodestone;wiki,sourceWrong,rewards,20,0
68082,Liberty or Death,lodestone;wiki,sourceWrong,rewards,20,0
68083,The Lady in Red,lodestone;wiki,sourceWrong,rewards,20,0
68084,Upon the Great Loch's Shore,lodestone;wiki,sourceWrong,rewards,20,0
68085,The Key to Victory,lodestone;wiki,sourceWrong,rewards,20,0
68086,The Resonant,lodestone;wiki,sourceWrong,rewards,20,0
68087,The Legacy of Our Fathers,lodestone;wiki,sourceWrong,rewards,20,0
68088,The Measure of His Reach,lodestone;wiki,notModeled,prereqs,20,0
68089,Stormblood,garland;lodestone;wiki,notModeled,prereqs,22,0
68090,Gift of the Gob,lodestone;wiki,notModeled,prereqs,20,0
68091,Thick Skin,lodestone;wiki,notModeled,prereqs,20,0
68092,Pedal to the Metal,lodestone;wiki,notModeled,prereqs,20,0
68093,Where the Money Takes You,lodestone;wiki,notModeled,prereqs,20,0
68094,A Miner Success,lodestone;wiki,notModeled,prereqs,20,0
68095,The Way of the Samurai,lodestone;wiki,sourceWrong,rewards,20,0
68096,Master Musosai,lodestone;wiki,notModeled,prereqs,20,0
68097,The Sands of Debt,lodestone;wiki,notModeled,prereqs,20,0
68098,Blood on the Deck,lodestone;wiki,notModeled,prereqs,20,0
68099,A Fraudster in the Forest,lodestone;wiki,notModeled,prereqs,20,0
68100,Tears in the Snow,lodestone;wiki,notModeled,prereqs,20,0
68101,The Face of True Evil,lodestone;wiki,notModeled,prereqs,20,0
68102,A Dignified Visitor,lodestone;wiki,notModeled,prereqs,20,0
68103,Trials of the Sekiseigumi,lodestone;wiki,notModeled,prereqs,20,0
68104,Matsuba Mayhem,lodestone;wiki,notModeled,prereqs,20,0
68105,The Hunt for Ugetsu,lodestone;wiki,notModeled,prereqs,20,0
68106,The Battle on Bekko,lodestone;wiki,notModeled,prereqs,20,0
68107,Tournament of the Century,lodestone;wiki,notModeled,prereqs,20,0
68108,In Thal's Name,lodestone;wiki,notModeled,prereqs,20,0
68109,In Nald's Name,lodestone;wiki,notModeled,prereqs,20,0
68110,Fade to Black Lotus,lodestone;wiki,notModeled,prereqs,20,0
68111,Raising the Sword,lodestone;wiki,notModeled,prereqs,20,0
68112,Taking the Red,lodestone;wiki,sourceWrong,rewards,20,0
68113,The Crimson Duelist,lodestone;wiki,notModeled,prereqs,20,0
68114,A Rewarding Struggle,lodestone;wiki,notModeled,prereqs,20,0
68115,Tracking the Cabal,lodestone;wiki,notModeled,prereqs,20,0
68116,A Vermilion Vendetta,lodestone;wiki,notModeled,prereqs,20,0
68117,On Lambard's Trail,lodestone;wiki,notModeled,prereqs,20,0
68118,Stained in Scarlet,lodestone;wiki,notModeled,prereqs,20,0
68119,The Color of Her Hair,lodestone;wiki,notModeled,prereqs,20,0
68120,Traced in Blood,lodestone;wiki,notModeled,prereqs,20,0
68121,Nightkin,lodestone;wiki,notModeled,prereqs,20,0
68122,Child of Lilith,lodestone;wiki,notModeled,prereqs,20,0
68123,With Heart and Steel,lodestone;wiki,notModeled,prereqs,20,0
68124,Shades of Shatotto,lodestone;wiki,notModeled,prereqs,20,0
68125,Golems Gone Wild,lodestone;wiki,notModeled,prereqs,20,0
68126,When the Golems Get Tough,lodestone;wiki,notModeled,prereqs,20,0
68127,Unnatural Selection,lodestone;wiki,notModeled,prereqs,20,0
68128,One Golem to Rule Them All,lodestone;wiki,notModeled,prereqs,20,0
68129,A Missive from the Far East,lodestone;wiki,notModeled,prereqs,20,0
68130,Original Blanstyr,lodestone;wiki,notModeled,prereqs,20,0
68131,Eastern Apprentice,lodestone;wiki,notModeled,prereqs,20,0
68132,Forging with Scales,lodestone;wiki,notModeled,prereqs,20,0
68133,Head-to-head Contest,lodestone;wiki,notModeled,prereqs,20,0
68134,A Confluence of Style,lodestone;wiki,notModeled,prereqs,20,0
68135,A Royal Request,lodestone;wiki,notModeled,prereqs,20,0
68136,Gemworks in Progress,lodestone;wiki,notModeled,prereqs,20,0
68137,Blindsided,lodestone;wiki,notModeled,prereqs,20,0
68138,The Perfect Tribute,lodestone;wiki,notModeled,prereqs,20,0
68139,Sultana Dreaming,lodestone;wiki,notModeled,prereqs,20,0
68140,Flavors of the Far East,lodestone;wiki,notModeled,prereqs,20,0
68141,Rice to the Occasion,lodestone;wiki,notModeled,prereqs,20,0
68142,A Broth from the Brine,lodestone;wiki,notModeled,prereqs,20,0
68143,Teach a Man to Make Fish,lodestone;wiki,notModeled,prereqs,20,0
68144,The Way to a Father's Heart,lodestone;wiki,notModeled,prereqs,20,0
68145,A Taxing Request,lodestone;wiki,notModeled,prereqs,20,0
68146,Mounting Expectations,lodestone;wiki,notModeled,prereqs,20,0
68147,The Value of Life,lodestone;wiki,notModeled,prereqs,20,0
68148,And We Shall Call It Pyros,lodestone;wiki,notModeled,listed,10,0
68149,And We Shall Call It Hydatos,lodestone;wiki,notModeled,listed,10,0
68150,The Trouble with Taxidermy,lodestone;wiki,notModeled,prereqs,20,0
68151,True to Life,lodestone;wiki,notModeled,prereqs,20,0
68152,The Client Is King,lodestone;wiki,notModeled,prereqs,20,0
68153,Blood Ties,lodestone;wiki,notModeled,prereqs,20,0
68154,The Missing Piece,lodestone;wiki,notModeled,prereqs,20,0
68155,The Final Face-off,lodestone;wiki,notModeled,prereqs,20,0
68156,Never Meet Your Heroes,lodestone;wiki,notModeled,prereqs,20,0
68157,"You Say Popoto, I Say...",lodestone;wiki,notModeled,prereqs,20,0
68158,Walking for Walker's,lodestone;wiki,notModeled,prereqs,20,0
68159,The White Death,lodestone;wiki,notModeled,prereqs,20,0
68160,Edgyth's Winning Streak,lodestone;wiki,notModeled,prereqs,20,0
68161,A Book with Bite,lodestone;wiki,notModeled,prereqs,20,0
68162,Performing for Prin,lodestone;wiki,notModeled,prereqs,20,0
68163,An Egi-stential Crisis,lodestone;wiki,notModeled,prereqs,20,0
68164,Off the Record,lodestone;wiki,notModeled,prereqs,20,0
68165,An Art for the Living,lodestone;wiki,notModeled,prereqs,20,0
68166,Here There Be Xaela,lodestone;wiki,notModeled,prereqs,20,0
68167,I Dream of Shirogane,lodestone;wiki,notModeled,prereqs,20,0
68168,The Palace of Lost Souls,garland;lodestone;wiki,sourceWrong,rewards,22,0
68169,To Kill a Coeurl,garland;lodestone;wiki,notModeled,prereqs,22,0
68170,King of the Castle,garland;lodestone;wiki,notModeled,prereqs,22,0
68171,"Future Rust, Future Dust",lodestone;wiki,notModeled,prereqs,20,0
68172,A Dash of Green,lodestone;wiki,notModeled,prereqs,20,0
68173,Ye Wayward Brothers,lodestone;wiki,notModeled,prereqs,20,0
68174,Token of Faith,lodestone;wiki,notModeled,prereqs,20,0
68175,Magiteknical Failure,lodestone;wiki,notModeled,prereqs,20,0
68176,Gross Encounters,lodestone;wiki,sourceWrong,rewards,20,0
68177,Prison Break,lodestone;wiki,notModeled,prereqs,20,0
68178,What a Tangled Web We Weave,lodestone;wiki,sourceWrong,rewards,20,0
68179,Doing Her Part,lodestone;wiki,notModeled,prereqs,20,0
68180,Spicing Things Up,lodestone;wiki,notModeled,prereqs,20,0
68181,Dark Water,lodestone;wiki,notModeled,prereqs,20,0
68182,An Honest Day's Work,lodestone;wiki,notModeled,prereqs,20,0
68183,Home Comforts,lodestone;wiki,notModeled,prereqs,20,0
68184,Bears over Flowers,lodestone;wiki,notModeled,prereqs,20,0
68185,Beastly Bandits,lodestone;wiki,notModeled,prereqs,20,0
68186,Midge Madness,lodestone;wiki,notModeled,prereqs,20,0
68187,Hard Blow,lodestone;wiki,notModeled,prereqs,20,0
68188,Mother's Boy,lodestone;wiki,notModeled,prereqs,20,0
68189,Of Rats and Men,lodestone;wiki,notModeled,prereqs,20,0
68190,Rat Bandits,lodestone;wiki,notModeled,prereqs,20,0
68191,Saint Sayer,lodestone;wiki,notModeled,prereqs,20,0
68192,As Stubborn as Stone,lodestone;wiki,notModeled,prereqs,20,0
68193,The Sound of the Quarry,lodestone;wiki,notModeled,prereqs,20,0
68194,Spooky Stones,lodestone;wiki,sourceWrong,rewards,20,0
68195,A Good Role Model,lodestone;wiki,notModeled,prereqs,20,0
68196,A Second Assessment,lodestone;wiki,notModeled,prereqs,20,0
68197,The Hidden Truth,lodestone;wiki,notModeled,prereqs,20,0
68198,Drawing a Blank,lodestone;wiki,notModeled,prereqs,20,0
68199,Seeking Answers,lodestone;wiki,notModeled,prereqs,20,0
68200,The Honest Truth,lodestone;wiki,sourceWrong,rewards,20,0
68201,Dedication to the Craft,lodestone;wiki,notModeled,prereqs,20,0
68202,A Drink in the Tub,lodestone;wiki,notModeled,prereqs,20,0
68203,I'll Show You Angry,lodestone;wiki,notModeled,prereqs,20,0
68204,A Picture Is Worth a Thousand Moms,lodestone;wiki,notModeled,prereqs,20,0
68205,Zero Tolerance Teahouse,lodestone;wiki,notModeled,prereqs,20,0
68206,Where the Wild Pandas Are,lodestone;wiki,notModeled,prereqs,20,0
68207,A Bleak Diagnosis,lodestone;wiki,notModeled,prereqs,20,0
68208,To Bathe a Garlean,lodestone;wiki,notModeled,prereqs,20,0
68209,The Price of Betrayal,lodestone;wiki,notModeled,prereqs,20,0
68210,The Organ of Sight,lodestone;wiki,notModeled,prereqs,20,0
68211,The Devil's Cough,lodestone;wiki,notModeled,prereqs,20,0
68212,First Line of Defense,lodestone;wiki,notModeled,prereqs,20,0
68213,Ethereal Lights,lodestone;wiki,notModeled,prereqs,20,0
68214,Protector of the Small,lodestone;wiki,notModeled,prereqs,20,0
68215,The Last Voyage,lodestone;wiki,notModeled,prereqs,20,0
68216,A Dance with Snakes,lodestone;wiki,notModeled,prereqs,20,0
68217,The Solace of the Sea,lodestone;wiki,notModeled,prereqs,20,0
68218,Stranded,lodestone;wiki,sourceWrong,rewards,20,0
68219,In Cold Blood,lodestone;wiki,notModeled,prereqs,20,0
68220,Pirate Stew,lodestone;wiki,notModeled,prereqs,20,0
68221,The Soul's Remembrance,lodestone;wiki,sourceWrong,rewards,20,0
68222,Fight or Flight,lodestone;wiki,notModeled,prereqs,20,0
68223,Pulling Double Booty,lodestone;wiki,sourceWrong,rewards,20,0
68224,Unfinished Business,lodestone;wiki,sourceWrong,rewards,20,0
68225,The Girl with the Pearl Ring,lodestone;wiki,notModeled,prereqs,20,0
68226,Family Affairs,lodestone;wiki,notModeled,prereqs,20,0
68227,Our Most Venerated Ancestor,lodestone;wiki,notModeled,prereqs,20,0
68228,Not Just Any Banquet,lodestone;wiki,notModeled,prereqs,20,0
68229,The Sword in the Stone,lodestone;wiki,notModeled,prereqs,20,0
68230,Unmeasured Strength,lodestone;wiki,notModeled,prereqs,20,0
68231,Treasure Cove,lodestone;wiki,notModeled,prereqs,20,0
68232,The Mysterious Assailant,lodestone;wiki,notModeled,prereqs,20,0
68233,An Unforgettable Taste,lodestone;wiki,notModeled,prereqs,20,0
68234,The Bond between Brothers,lodestone;wiki,notModeled,prereqs,20,0
68235,The Core of Life,lodestone;wiki,notModeled,prereqs,20,0
68236,All Good Deeds,lodestone;wiki,notModeled,prereqs,20,0
68237,Fear Her Almighty Waves,lodestone;wiki,notModeled,prereqs,20,0
68238,The Fight for Survival,lodestone;wiki,notModeled,prereqs,20,0
68239,A Daughter's Love,lodestone;wiki,notModeled,prereqs,20,0
68240,Fathoms Below,lodestone;wiki,sourceWrong,rewards,20,0
68241,A Part of Your World,lodestone;wiki,notModeled,prereqs,20,0
68242,The Elixir of Life,lodestone;wiki,sourceWrong,rewards,20,0
68243,The Two Princesses of Sui-no-Sato,lodestone;wiki,sourceWrong,rewards,20,0
68244,In Search of Treasure,lodestone;wiki,notModeled,prereqs,20,0
68245,A Stroll along the Seabed,lodestone;wiki,notModeled,prereqs,20,0
68246,Forgotten Saviors of the Sea,lodestone;wiki,notModeled,prereqs,20,0
68247,A True Kojin of the Blue,lodestone;wiki,notModeled,prereqs,20,0
68248,Serpent Troubles,lodestone;wiki,notModeled,prereqs,20,0
68249,At the Mercy of Monsters,lodestone;wiki,notModeled,prereqs,20,0
68250,A Dream to Remember,lodestone;wiki,notModeled,prereqs,20,0
68251,Blessings of the Sea,lodestone;wiki,notModeled,prereqs,20,0
68252,In Health and in Sickness,lodestone;wiki,notModeled,prereqs,20,0
68253,Plunder on High,lodestone;wiki,notModeled,prereqs,20,0
68254,Sink or Swim,lodestone;wiki,notModeled,prereqs,20,0
68255,Thrice Cursed,lodestone;wiki,notModeled,prereqs,20,0
68256,A Glimmer of Hope,lodestone;wiki,notModeled,prereqs,20,0
68257,Rock Bottom,lodestone;wiki,notModeled,prereqs,20,0
68258,Passing the Torch,lodestone;wiki,notModeled,prereqs,20,0
68259,Up in Flames,lodestone;wiki,notModeled,prereqs,20,0
68260,Something Smells,lodestone;wiki,notModeled,prereqs,20,0
68261,Beyond the Powers of Stone,lodestone;wiki,notModeled,prereqs,20,0
68262,Not Safe for Children,lodestone;wiki,notModeled,prereqs,20,0
68263,Gone Fishing,lodestone;wiki,notModeled,prereqs,20,0
68264,"Fly, My Pretties",lodestone;wiki,sourceWrong,rewards,20,0
68265,The Toon Patrol,lodestone;wiki,notModeled,prereqs,20,0
68266,Whacking Day,lodestone;wiki,notModeled,prereqs,20,0
68267,Hungry Hog,lodestone;wiki,notModeled,prereqs,20,0
68268,Tiger Blood,lodestone;wiki,notModeled,prereqs,20,0
68269,Wolves and Weeds,lodestone;wiki,sourceWrong,rewards,20,0
68270,Perchance to Hanami,lodestone;wiki,notModeled,prereqs,20,0
68271,Dearest Keiko,lodestone;wiki,notModeled,prereqs,20,0
68272,Courage the Cowardly Lupin,lodestone;wiki,notModeled,prereqs,20,0
68273,Kurobana vs. the Rice Sacks,lodestone;wiki,sourceWrong,rewards,20,0
68274,Kurobana vs. the Arrowheads,lodestone;wiki,notModeled,prereqs,20,0
68275,Kurobana Holmes,lodestone;wiki,sourceWrong,rewards,20,0
68276,Kurobana vs. Gyorin,lodestone;wiki,notModeled,prereqs,20,0
68277,Drink Responsibly,lodestone;wiki,notModeled,prereqs,20,0
68278,The Sound of Civilized Life,lodestone;wiki,notModeled,prereqs,20,0
68279,Ring My Bell,lodestone;wiki,notModeled,prereqs,20,0
68280,Not Just Any Vase,lodestone;wiki,notModeled,prereqs,20,0
68281,Criminal Phrenology,lodestone;wiki,notModeled,prereqs,20,0
68282,By Our Powers Combined,lodestone;wiki,notModeled,prereqs,20,0
68283,Amber Alert,lodestone;wiki,notModeled,prereqs,20,0
68284,Gyorin the Namazu,lodestone;wiki,sourceWrong,rewards,20,0
68285,No Wealth Like Mineral Wealth,lodestone;wiki,sourceWrong,rewards,20,0
68286,Fresh Flesh,lodestone;wiki,sourceWrong,rewards,20,0
68287,Show Me the New Money,lodestone;wiki,sourceWrong,rewards,20,0
68288,Silent Banquet,lodestone;wiki,notModeled,prereqs,20,0
68289,Who Needs Words,lodestone;wiki,notModeled,prereqs,20,0
68290,Rip-off Reunion,lodestone;wiki,notModeled,prereqs,20,0
68291,Merchant for a Day,lodestone;wiki,notModeled,prereqs,20,0
68292,"You Buuz, You Lose",lodestone;wiki,notModeled,prereqs,20,0
68293,Fishing for Customers,lodestone;wiki,notModeled,prereqs,20,0
68294,Purbol Rain,lodestone;wiki,notModeled,prereqs,20,0
68295,Stranger Danger,lodestone;wiki,notModeled,prereqs,20,0
68296,Words Are Very Unnecessary,lodestone;wiki,notModeled,prereqs,20,0
68297,Words Are Trivial,lodestone;wiki,sourceWrong,rewards,20,0
68298,Words Are Meaningless,lodestone;wiki,notModeled,prereqs,20,0
68299,Enjoy the Silence,lodestone;wiki,sourceWrong,rewards,20,0
68300,Oh Matron,lodestone;wiki,notModeled,prereqs,20,0
68301,A Dicey Situation,lodestone;wiki,notModeled,prereqs,20,0
68302,Absolute Faith,lodestone;wiki,notModeled,prereqs,20,0
68303,Silence of the Lambs,lodestone;wiki,notModeled,prereqs,20,0
68304,Keeping the Faith,lodestone;wiki,notModeled,prereqs,20,0
68305,Tent That Rocked,lodestone;wiki,notModeled,prereqs,20,0
68306,Sacred Sweeping,lodestone;wiki,notModeled,prereqs,20,0
68307,Sheep Snatcher,lodestone;wiki,notModeled,prereqs,20,0
68308,And Dzo It Goes,lodestone;wiki,notModeled,prereqs,20,0
68309,Shop till the Warrior of Light Drops,lodestone;wiki,notModeled,prereqs,20,0
68310,The Judgment,lodestone;wiki,notModeled,prereqs,20,0
68311,A Warm Welcome,lodestone;wiki,notModeled,prereqs,20,0
68312,The Fingers of Azim,lodestone;wiki,notModeled,prereqs,20,0
68313,The Ideal Budugan Warrior,lodestone;wiki,notModeled,prereqs,20,0
68314,The Lights That Guide Us Home,lodestone;wiki,notModeled,prereqs,20,0
68315,The World without Her,lodestone;wiki,notModeled,prereqs,20,0
68316,Spoils of War,lodestone;wiki,notModeled,prereqs,20,0
68317,Broken Flowers,lodestone;wiki,notModeled,prereqs,20,0
68318,Forty Years and Counting,lodestone;wiki,notModeled,prereqs,20,0
68319,Chasing Rainbows,lodestone;wiki,notModeled,prereqs,20,0
68320,The Tournament,lodestone;wiki,notModeled,prereqs,20,0
68321,The Strongest among Us,lodestone;wiki,notModeled,prereqs,20,0
68322,Welcome to the Family,lodestone;wiki,notModeled,prereqs,20,0
68323,Brainy Bears,lodestone;wiki,notModeled,prereqs,20,0
68324,Child's Play,lodestone;wiki,notModeled,prereqs,20,0
68325,Dastardly Diremites,lodestone;wiki,notModeled,prereqs,20,0
68326,Nhaama's Sweet Embrace,lodestone;wiki,notModeled,prereqs,20,0
68327,Mauci of the Seven Worries,lodestone;wiki,notModeled,prereqs,20,0
68328,Watch and Learn,lodestone;wiki,notModeled,prereqs,20,0
68329,The Power of the Fist,lodestone;wiki,notModeled,prereqs,20,0
68330,Do or Die,lodestone;wiki,sourceWrong,rewards,20,0
68331,Hungry Like the Wolf,lodestone;wiki,sourceWrong,rewards,20,0
68332,Ibakha Dreams of Birds,lodestone;wiki,notModeled,prereqs,20,0
68333,The Melody of Ceol Aen,lodestone;wiki,notModeled,prereqs,20,0
68334,Food Glorious Food,lodestone;wiki,notModeled,prereqs,20,0
68335,Spelunker of Light,lodestone;wiki,notModeled,prereqs,20,0
68336,Wouldn't Hurt a Fly,lodestone;wiki,notModeled,prereqs,20,0
68337,Honor in Victory,lodestone;wiki,notModeled,prereqs,20,0
68338,A Sheep to Fly For,lodestone;wiki,notModeled,prereqs,20,0
68339,Steppe of Hard Knocks,lodestone;wiki,notModeled,prereqs,20,0
68340,Assistants Anonymous,lodestone;wiki,notModeled,prereqs,20,0
68341,The Rainbow Collection,lodestone;wiki,notModeled,prereqs,20,0
68342,From the Bottom of My Gut,lodestone;wiki,notModeled,prereqs,20,0
68343,Forgotten Resolve,lodestone;wiki,notModeled,prereqs,20,0
68344,Wine for the Road,lodestone;wiki,notModeled,prereqs,20,0
68345,An Eye for an Emblem,lodestone;wiki,notModeled,prereqs,20,0
68346,Heart of Iron,lodestone;wiki,notModeled,prereqs,20,0
68347,A View to a Spill,lodestone;wiki,notModeled,prereqs,20,0
68348,The Perfect Woman,lodestone;wiki,notModeled,prereqs,20,0
68349,Child Labor,lodestone;wiki,notModeled,prereqs,20,0
68350,In the Line of Duty,lodestone;wiki,notModeled,prereqs,20,0
68351,The Weight of a Dream,lodestone;wiki,notModeled,prereqs,20,0
68352,Unexpected Guests,lodestone;wiki,notModeled,prereqs,20,0
68353,Delicate as a Flower,lodestone;wiki,notModeled,prereqs,20,0
68354,Slug It Out,lodestone;wiki,notModeled,prereqs,20,0
68355,Hard to Swallow,lodestone;wiki,notModeled,prereqs,20,0
68356,Gold Rush,lodestone;wiki,notModeled,prereqs,20,0
68357,Eyes Bigger than Her Stomach,lodestone;wiki,notModeled,prereqs,20,0
68358,The Perfect Gift,lodestone;wiki,notModeled,prereqs,20,0
68359,Spooked,lodestone;wiki,notModeled,prereqs,20,0
68360,A New Contender,lodestone;wiki,notModeled,prereqs,20,0
68361,Down but Not Out,lodestone;wiki,notModeled,prereqs,20,0
68362,Make a Man Out of You,lodestone;wiki,notModeled,prereqs,20,0
68363,Honoring Family,lodestone;wiki,sourceWrong,rewards,20,0
68364,The Rose Blooms Twice,lodestone;wiki,sourceWrong,rewards,20,0
68365,Back to Business,lodestone;wiki,notModeled,prereqs,20,0
68366,Bottoms Up,lodestone;wiki,notModeled,prereqs,20,0
68367,Undeserved Praise,lodestone;wiki,notModeled,prereqs,20,0
68368,Like a Charm,lodestone;wiki,notModeled,prereqs,20,0
68369,A Sister's Ambition,lodestone;wiki,notModeled,prereqs,20,0
68370,Lost in Transit,lodestone;wiki,notModeled,prereqs,20,0
68371,Picking Up the Slack,lodestone;wiki,notModeled,prereqs,20,0
68372,We Need to Talk,lodestone;wiki,notModeled,prereqs,20,0
68373,What's Mine Is Mine,lodestone;wiki,notModeled,prereqs,20,0
68374,A Special Treat,lodestone;wiki,notModeled,prereqs,20,0
68375,Live off the Land,lodestone;wiki,notModeled,prereqs,20,0
68376,Runs in the Family,lodestone;wiki,notModeled,prereqs,20,0
68377,Those Boys of Mine,lodestone;wiki,notModeled,prereqs,20,0
68378,Out of Sight,lodestone;wiki,sourceWrong,rewards,20,0
68379,Public Opinion,lodestone;wiki,sourceWrong,rewards,20,0
68380,Dragged through the Mud,lodestone;wiki,sourceWrong,rewards,20,0
68381,Second Chances,lodestone;wiki,sourceWrong,rewards,20,0
68382,Eau de Muud,lodestone;wiki,notModeled,prereqs,20,0
68383,Strange Tastes,lodestone;wiki,notModeled,prereqs,20,0
68384,Soup's On,lodestone;wiki,notModeled,prereqs,20,0
68385,Shimmer in the Scales,lodestone;wiki,notModeled,prereqs,20,0
68386,Radiata Stores,lodestone;wiki,notModeled,prereqs,20,0
68387,A Hunger for Trade,lodestone;wiki,notModeled,prereqs,20,0
68388,Give Them the Evil Eye,lodestone;wiki,sourceWrong,rewards,20,0
68389,Explosive Profits,lodestone;wiki,sourceWrong,rewards,20,0
68390,Jhammel and Hide,lodestone;wiki,notModeled,prereqs,20,0
68391,Critical Moss,lodestone;wiki,notModeled,prereqs,20,0
68392,Foper Faux Pas,lodestone;wiki,notModeled,prereqs,20,0
68393,Pest Problem,lodestone;wiki,notModeled,prereqs,20,0
68394,Family First,lodestone;wiki,notModeled,prereqs,20,0
68395,Boots Made for Walking,lodestone;wiki,notModeled,prereqs,20,0
68396,Closing Up Shop,lodestone;wiki,notModeled,prereqs,20,0
68397,Helping a Friend,lodestone;wiki,notModeled,prereqs,20,0
68398,Finding Family,lodestone;wiki,notModeled,prereqs,20,0
68399,Her Only Son,lodestone;wiki,notModeled,prereqs,20,0
68400,His Last Words,lodestone;wiki,notModeled,prereqs,20,0
68401,A Parting Gift,lodestone;wiki,notModeled,prereqs,20,0
68402,A Friend on the Other Side,lodestone;wiki,notModeled,prereqs,20,0
68403,Climbing for Atonement,lodestone;wiki,notModeled,prereqs,20,0
68404,Ant Juice,lodestone;wiki,notModeled,prereqs,20,0
68405,Dearest Daughter,lodestone;wiki,notModeled,prereqs,20,0
68406,Fallen Friend of Mine,lodestone;wiki,notModeled,prereqs,20,0
68407,Confessions of the Heart,lodestone;wiki,notModeled,prereqs,20,0
68408,Falling Down on the Job,lodestone;wiki,sourceWrong,rewards,20,0
68409,My Dear Brother,lodestone;wiki,sourceWrong,rewards,20,0
68410,Religious Freedom,lodestone;wiki,notModeled,prereqs,20,0
68411,The Qiqirn Strikes Back,lodestone;wiki,notModeled,prereqs,20,0
68412,Bombs for Peace,lodestone;wiki,notModeled,prereqs,20,0
68413,It's a Zu Out There,lodestone;wiki,notModeled,prereqs,20,0
68414,Send in the Armor,lodestone;wiki,notModeled,prereqs,20,0
68415,A Fletching Suggestion,lodestone;wiki,notModeled,prereqs,20,0
68416,A Rite to Rest,lodestone;wiki,notModeled,prereqs,20,0
68417,If I Were a Fish,lodestone;wiki,notModeled,prereqs,20,0
68418,Necessities of War,lodestone;wiki,notModeled,prereqs,20,0
68419,Are They Ill-tempered,lodestone;wiki,notModeled,prereqs,20,0
68420,At the Top of the Stairs,lodestone;wiki,notModeled,prereqs,20,0
68421,Dreaming of Home,lodestone;wiki,notModeled,prereqs,20,0
68422,For Wilred,lodestone;wiki,notModeled,prereqs,20,0
68423,Journey's Beginning,lodestone;wiki,notModeled,prereqs,20,0
68424,Journey's End,lodestone;wiki,notModeled,prereqs,20,0
68425,Those We Hold Dear,lodestone;wiki,notModeled,prereqs,20,0
68426,Three's a Company,lodestone;wiki,notModeled,prereqs,20,0
68427,Masked Motives,lodestone;wiki,notModeled,prereqs,20,0
68428,One Autumn's Secret,lodestone;wiki,notModeled,prereqs,20,0
68429,Sleeping Truths Lie,lodestone;wiki,notModeled,prereqs,20,0
68430,Sweet Dreams Are Made of Peace,lodestone;wiki,notModeled,prereqs,20,0
68431,Whither Wawalago Wanders,lodestone;wiki,notModeled,prereqs,20,0
68432,A Rousing Reunion,lodestone;wiki,notModeled,prereqs,20,0
68433,Search for the Spawning Grounds,lodestone;wiki,notModeled,prereqs,20,0
68434,Always a Bigger Fish,lodestone;wiki,notModeled,prereqs,20,0
68435,"Farewell, and Thanks for the Fish",lodestone;wiki,notModeled,prereqs,20,0
68436,Curious Gorge Meets His Match,lodestone;wiki,notModeled,prereqs,20,0
68437,Field Training,lodestone;wiki,notModeled,prereqs,20,0
68438,When Push Comes to Shove,lodestone;wiki,notModeled,prereqs,20,0
68439,Going the Distance,lodestone;wiki,notModeled,prereqs,20,0
68440,The Heart of the Problem,lodestone;wiki,notModeled,prereqs,20,0
68441,The Machinists' Choice,lodestone;wiki,notModeled,prereqs,20,0
68442,The Hrunting Heist,lodestone;wiki,notModeled,prereqs,20,0
68443,Release the Hounds,lodestone;wiki,notModeled,prereqs,20,0
68444,"Snouts Down, Tails Up",lodestone;wiki,notModeled,prereqs,20,0
68445,The Mongrel and the Knight,lodestone;wiki,notModeled,prereqs,20,0
68446,Friends through Eternity,lodestone;wiki,notModeled,prereqs,20,0
68447,Drowsy Dragons,lodestone;wiki,notModeled,prereqs,20,0
68448,Serpent and the Sea of Rubies,lodestone;wiki,notModeled,prereqs,20,0
68449,Dark as the Night Sky,lodestone;wiki,notModeled,prereqs,20,0
68450,Dragon Sound,lodestone;wiki,notModeled,prereqs,20,0
68451,In Memories We Walked,lodestone;wiki,notModeled,prereqs,20,0
68452,The Widow and Her Love,lodestone;wiki,notModeled,prereqs,20,0
68453,The Orphans and the Broken Blade,lodestone;wiki,notModeled,prereqs,20,0
68454,We Can Never Go Home,lodestone;wiki,notModeled,prereqs,20,0
68455,Our Compromise,lodestone;wiki,notModeled,prereqs,20,0
68456,Sights of Crimson and Dawn,lodestone;wiki,notModeled,listed,9,0
68457,Leves of Kugane,lodestone;wiki,notModeled,listed,9,0
68458,A New Fishing Ex-spear-ience,lodestone;wiki,notModeled,prereqs,20,0
68459,The Vanishing Act,lodestone;wiki,notModeled,prereqs,20,0
68460,A Safe Place to Hide,lodestone;wiki,notModeled,prereqs,20,0
68461,In Loving Memory,lodestone;wiki,notModeled,prereqs,20,0
68462,The Chase,lodestone;wiki,notModeled,prereqs,20,0
68463,Our Unsung Heroes,lodestone;wiki,notModeled,prereqs,20,0
68464,The Hunt for Omega,lodestone;wiki,notModeled,prereqs,20,0
68465,Into the Deltascape,garland;lodestone;wiki,notModeled,prereqs,22,0
68466,A Catastrophe Waiting,garland;lodestone;wiki,notModeled,prereqs,22,0
68467,The Croak Queen,garland;lodestone;wiki,notModeled,prereqs,22,0
68468,A Void at All Costs,garland;lodestone;wiki,notModeled,prereqs,22,0
68469,The Anomaly,lodestone;wiki,notModeled,prereqs,20,0
68470,A Glimpse of Madness,lodestone;wiki,sourceWrong,rewards,20,0
68471,Path of No Return,lodestone;wiki,sourceWrong,rewards,20,0
68472,One-star Veteran Clan Hunt,lodestone;wiki,notModeled,prereqs,20,0
68473,Two-star Veteran Clan Hunt,lodestone;wiki,notModeled,prereqs,20,0
68474,Three-star Veteran Clan Hunt,lodestone;wiki,notModeled,prereqs,20,0
68475,Elite Veteran Clan Hunt,lodestone;wiki,notModeled,prereqs,20,0
68476,Another Striking Opportunity,lodestone;wiki,notModeled,prereqs,20,0
68477,Reach Long and Prosper,lodestone;wiki,notModeled,listed,9,0
68478,And We Shall Call It Pagos,lodestone;wiki,notModeled,listed,10,0
68479,Songs in the Key of Kugane,garland;lodestone;wiki,notModeled,displayLevel,11,0
68482,How Tataru Got Her Groove Back,lodestone;wiki,notModeled,prereqs,20,0
68483,"Broken Steel, Broken Men",lodestone;wiki,sourceWrong,rewards,20,0
68484,Search for the Stolen Scroll,lodestone;wiki,notModeled,prereqs,20,0
68485,Ninja Bathin' Redux,lodestone;wiki,notModeled,prereqs,20,0
68486,A Game of Life and Death,lodestone;wiki,notModeled,prereqs,20,0
68487,True Enlightenment,lodestone;wiki,notModeled,prereqs,20,0
68488,When Clans Collide,lodestone;wiki,notModeled,prereqs,20,0
68489,The Arrows of Misfortune,lodestone;wiki,notModeled,prereqs,20,0
68490,Hard Country,lodestone;wiki,notModeled,prereqs,20,0
68491,Death by a Thousand Rocks,lodestone;wiki,notModeled,prereqs,20,0
68492,The Isle and the Faire,lodestone;wiki,sourceWrong,rewards,20,0
68493,These Fireworks Won't Light Themselves,lodestone;wiki,sourceWrong,rewards,20,0
68494,Fried Fish Is the Best Fish,lodestone;wiki,sourceWrong,rewards,20,0
68495,You Had Me at Haddock,lodestone;wiki,sourceWrong,rewards,20,0
68496,The True Meaning of Summer,lodestone;wiki,notModeled,expansion,20,0
68497,A Reoccurring Bug,lodestone;wiki,notModeled,expansion,20,0
68498,Arenvald's Adventure,lodestone;wiki,notModeled,prereqs,20,0
68499,The Darkness Below,lodestone;wiki,notModeled,prereqs,20,0
68500,The Mad King's Trove,garland;lodestone;wiki,notModeled,prereqs,22,0
68501,The Butcher's Blood,lodestone;wiki,notModeled,prereqs,20,0
68502,Echoes of an Echo,lodestone;wiki,notModeled,prereqs,20,0
68503,A Sultana's Strings,lodestone;wiki,notModeled,prereqs,20,0
68504,A Sultana's Duty,lodestone;wiki,notModeled,prereqs,20,0
68505,A Sultana's Resolve,lodestone;wiki,notModeled,prereqs,20,0
68506,Securing the Saltery,lodestone;wiki,notModeled,prereqs,20,0
68507,A Blissful Arrival,lodestone;wiki,notModeled,prereqs,20,0
68508,Return of the Bull,lodestone;wiki,notModeled,prereqs,20,0
68509, Heaven-sent,lodestone;wiki,notModeled,prereqs,20,0
68510, Under Wraps,lodestone;wiki,notModeled,prereqs,20,0
68511, The Value of Silence,lodestone;wiki,notModeled,prereqs,20,0
68512, Misdelivered,lodestone;wiki,notModeled,prereqs,20,0
68513, A Test of Courage,lodestone;wiki,notModeled,prereqs,20,0
68514, True-blue,lodestone;wiki,notModeled,prereqs,20,0
68515, Best Served Foul,lodestone;wiki,sourceWrong,rewards,20,0
68516, A Real Pearler,lodestone;wiki,sourceWrong,rewards,20,0
68517, You Have the Rite,lodestone;wiki,sourceWrong,rewards,20,0
68518, Krilled to Pieces,lodestone;wiki,sourceWrong,rewards,20,0
68519, Tonight We Dine in Shells,lodestone;wiki,sourceWrong,rewards,20,0
68520, Pickles of Partnership,lodestone;wiki,sourceWrong,rewards,20,0
68521, Little Kojin Lost,lodestone;wiki,sourceWrong,rewards,20,0
68522, Much at Steak,lodestone;wiki,sourceWrong,rewards,20,0
68523, Confused Courier,lodestone;wiki,sourceWrong,rewards,20,0
68524, Buoyant Bounty,lodestone;wiki,sourceWrong,rewards,20,0
68525, Anala-lyze This,lodestone;wiki,sourceWrong,rewards,20,0
68526, Sand-sifting Specialist,lodestone;wiki,sourceWrong,rewards,20,0
68527, Forever Blowing Bubbles,lodestone;wiki,sourceWrong,rewards,20,0
68528," No, Not the Boo Box",lodestone;wiki,sourceWrong,rewards,20,0
68529, Pleasure Doing Business,lodestone;wiki,sourceWrong,rewards,20,0
68530, Deep Turquoise Sea,lodestone;wiki,sourceWrong,rewards,20,0
68531, Holy Mother of Pearl,lodestone;wiki,sourceWrong,rewards,20,0
68532, Flotsam and Jetsam,lodestone;wiki,sourceWrong,rewards,20,0
68533, Clammed Up,lodestone;wiki,sourceWrong,rewards,20,0
68534, Tale of Roe,lodestone;wiki,sourceWrong,rewards,20,0
68535, You Blow It Up,lodestone;wiki,sourceWrong,rewards,20,0
68536, Tentacles of Trade,lodestone;wiki,sourceWrong,rewards,20,0
68537, The Hot-blooded Kojin,lodestone;wiki,sourceWrong,rewards,20,0
68538, Disciplinary Action,lodestone;wiki,sourceWrong,rewards,20,0
68539,Dramatis Personae,lodestone;wiki,notModeled,prereqs,20,0
68540,A City Fallen,lodestone;wiki,notModeled,prereqs,21,0
68541,"None Forgotten, None Forsaken",lodestone;wiki,notModeled,prereqs,20,0
68542,Not While Their Names Are Still Spoken,lodestone;wiki,notModeled,prereqs,20,0
68543,Earning Your Wings,lodestone;wiki,notListed,listed,10,0
68544,A Hingan Tale: Nashu Goes East,lodestone;wiki,notModeled,prereqs,20,0
68545,"Stars and Explosions and Bears, Oh My",lodestone;wiki,notModeled,expansion,20,0
68546,Starlight Stakeout,lodestone;wiki,notModeled,expansion,20,0
68547,An Othardian Wolfman in Gridania,lodestone;wiki,notModeled,expansion,20,0
68548,The Adventurer Who Cried Wolfman,lodestone;wiki,notModeled,expansion,20,0
68549,Mind Their Manor,lodestone;wiki,notModeled,dutyUnlock,21,0
68550,Hogging the Spotlight,lodestone;wiki,notModeled,expansion,20,0
68551,An Auspicious Encounter,garland;lodestone;wiki,notModeled,prereqs,22,0
68552,Tortoise in Time,garland;lodestone;wiki,notModeled,prereqs,22,0
68553,If I Had a Glamour,lodestone;wiki,notModeled,expansion,20,0
68554,Absolutely Glamourous,lodestone;wiki,notModeled,expansion,20,0
68555,Plucking the Heartstrings,lodestone;wiki,notModeled,expansion,9,0
68556,Life Imitates Art Imitates Life,lodestone;wiki,notModeled,prereqs,20,0
68557,Of Wolves and Gentlemen,lodestone;wiki,notModeled,prereqs,20,0
68558,Tidings from the East,lodestone;wiki,notModeled,prereqs,20,0
68559,The Sword in the Store,lodestone;wiki,notModeled,prereqs,20,0
68560,Hope on the Waves,lodestone;wiki,notModeled,prereqs,20,0
68561,Elation and Trepidation,lodestone;wiki,notModeled,prereqs,20,0
68562,Storm on the Horizon,lodestone;wiki,notModeled,prereqs,20,0
68563,His Forgotten Home,lodestone;wiki,notModeled,prereqs,20,0
68564,A Guilty Conscience,lodestone;wiki,notModeled,prereqs,20,0
68565,Rise of a New Sun,lodestone;wiki,notModeled,prereqs,20,0
68566,A Fortune in Salt,lodestone;wiki,notModeled,prereqs,20,0
68567,Return to the Rift,lodestone;wiki,notModeled,prereqs,20,0
68568,No Slowing Down,lodestone;wiki,notModeled,prereqs,21,0
68569,An Unfinished Masterpiece,lodestone;wiki,notModeled,prereqs,21,0
68570,Won't Let You Pass,lodestone;wiki,notModeled,prereqs,21,0
68571,Test World of Ruin,lodestone;wiki,notModeled,prereqs,21,0
68572, Brooding Broodmother,lodestone;wiki,notModeled,prereqs,20,0
68573, Griffins Rampant,lodestone;wiki,notModeled,prereqs,20,0
68574, Chance of Gales,lodestone;wiki,notModeled,prereqs,20,0
68575, It Can Be Cruel Sometimes,lodestone;wiki,notModeled,prereqs,20,0
68576, Schism between Sisters,lodestone;wiki,notModeled,prereqs,20,0
68577, Celebratory Smorgasbord,lodestone;wiki,notModeled,prereqs,20,0
68578, Have I Got News for You,lodestone;wiki,sourceWrong,rewards,20,0
68579, A Real Fixer-upper,lodestone;wiki,sourceWrong,rewards,20,0
68580, A Sluggish Endeavor,lodestone;wiki,sourceWrong,rewards,20,0
68581, Deep-rooted Problems,lodestone;wiki,sourceWrong,rewards,20,0
68582, Beating the Heat,lodestone;wiki,sourceWrong,rewards,20,0
68583, Out for Delivery,lodestone;wiki,sourceWrong,rewards,20,0
68584, A Bit of Home Cooking,lodestone;wiki,sourceWrong,rewards,20,0
68585, Snack between Meals,lodestone;wiki,sourceWrong,rewards,20,0
68586, A Signal for the Senses,lodestone;wiki,sourceWrong,rewards,20,0
68587, Criminal Crossings,lodestone;wiki,sourceWrong,rewards,20,0
68588, When Feathers Fly,lodestone;wiki,sourceWrong,rewards,20,0
68589, Sparring Lesson,lodestone;wiki,sourceWrong,rewards,20,0
68590, Funnel and Games,lodestone;wiki,sourceWrong,rewards,20,0
68591, A Swarm Welcome,lodestone;wiki,sourceWrong,rewards,20,0
68592, Keeping an Eye off Things,lodestone;wiki,sourceWrong,rewards,20,0
68593, Bhoot Camps,lodestone;wiki,sourceWrong,rewards,20,0
68594, The Very Hungry Marid,lodestone;wiki,sourceWrong,rewards,20,0
68595, The Antlion's Share,lodestone;wiki,sourceWrong,rewards,20,0
68596, Hearts of Precious Stone,lodestone;wiki,sourceWrong,rewards,20,0
68597, Ants in the Pants,lodestone;wiki,sourceWrong,rewards,20,0
68598, Up Sheet Creek,lodestone;wiki,sourceWrong,rewards,20,0
68599, Let There Be Lard,lodestone;wiki,sourceWrong,rewards,20,0
68600, Thin-skinned,lodestone;wiki,sourceWrong,rewards,20,0
68601, A Delicate Operation,lodestone;wiki,sourceWrong,rewards,20,0
68602, A Business Proposal,lodestone;wiki,sourceWrong,rewards,20,0
68603," For Fast, Temporary Relief",lodestone;wiki,sourceWrong,rewards,20,0
68604, Soothing the Sting,lodestone;wiki,sourceWrong,rewards,20,0
68605, Catching and Fletching,lodestone;wiki,sourceWrong,rewards,20,0
68606,Gosetsu and Tsuyu,lodestone;wiki,notModeled,prereqs,20,0
68607,Gone Like the Morning Dew,lodestone;wiki,notModeled,prereqs,20,0
68608,Fruits of Her Labor,lodestone;wiki,notModeled,prereqs,20,0
68609,Conscripts and Contingencies,lodestone;wiki,notModeled,prereqs,20,0
68610,The Primary Agreement,garland;lodestone;wiki,notModeled,prereqs,22,0
68611,Under the Moonlight,lodestone;wiki,notModeled,prereqs,20,0
68612,Emissary of the Dawn,lodestone;wiki,notModeled,prereqs,20,0
68613,An Unwanted Truth,lodestone;wiki,sourceWrong,duties,22,0
68614,And We Shall Call It Eureka,lodestone;wiki,notModeled,prereqs,21,0
68615,Uneggseptable Losses,lodestone;wiki,notModeled,expansion,20,0
68616,Uneggspected Encounters,lodestone;wiki,notModeled,expansion,20,0
68617,Passion for Fashion,lodestone;wiki,notModeled,expansion,20,0
68618,Lessons in Love,lodestone;wiki,notModeled,expansion,20,0
68619,In Fortune with the Times,lodestone;wiki,notModeled,expansion,20,0
68620,A Colorful Affair,lodestone;wiki,sourceWrong,rewards,20,0
68621,Untended Dreams,lodestone;wiki,notModeled,expansion,20,0
68622,Precious Reclamation,lodestone;wiki,notModeled,prereqs,20,0
68623,A Thousand and One Farewells,lodestone;wiki,notModeled,prereqs,20,0
68624,Recall of Duty,lodestone;wiki,notModeled,expansion,9,0
68625,Uninvited,lodestone;wiki,notModeled,prereqs,20,0
68626,"My Power, My Pleasure, My Pain",lodestone;wiki,notModeled,prereqs,20,0
68627,Desire,lodestone;wiki,notModeled,prereqs,20,0
68628,Annihilation,lodestone;wiki,notModeled,prereqs,21,0
68629,Makin' Bacon (Bread),lodestone;wiki,notModeled,section,9,0
68630,In the Eye of the Hingan,lodestone;wiki,notModeled,prereqs,20,0
68631,The Blade Mislaid,lodestone;wiki,notModeled,prereqs,20,0
68632,Something Fishy This Way Comes,lodestone;wiki,notModeled,prereqs,20,0
68633, One Size Fits All,lodestone;wiki,notModeled,prereqs,20,0
68634," Big, Big Fish",lodestone;wiki,notModeled,prereqs,20,0
68635, Waiting for Gyodo,lodestone;wiki,notModeled,prereqs,20,0
68636, Out of the Frypan,lodestone;wiki,notModeled,prereqs,20,0
68637, Into the Fire,lodestone;wiki,notModeled,prereqs,20,0
68638, Disciples of Creation,lodestone;wiki,notModeled,prereqs,20,0
68639," The Importance of Being Yes, Yes",lodestone;wiki,sourceWrong,rewards,20,0
68640, Pilgrim's Regress,lodestone;wiki,notModeled,prereqs,20,0
68641, Unidentified Festive Objects,lodestone;wiki,sourceWrong,rewards,20,0
68642, Carry That Crate,lodestone;wiki,sourceWrong,rewards,20,0
68643, Free for Most,lodestone;wiki,sourceWrong,rewards,20,0
68644, Simpler Gifts,lodestone;wiki,sourceWrong,rewards,20,0
68645, Catching Catfish,lodestone;wiki,sourceWrong,rewards,20,0
68646, Wood You Believe It,lodestone;wiki,sourceWrong,rewards,20,0
68647, Ghosts of Honor,lodestone;wiki,sourceWrong,rewards,20,0
68648, Carving a Niche,lodestone;wiki,sourceWrong,rewards,20,0
68649, Great Buuz Up,lodestone;wiki,sourceWrong,rewards,20,0
68650, Local Special Tea,lodestone;wiki,sourceWrong,rewards,20,0
68651, Collision of Cultures,lodestone;wiki,notModeled,prereqs,20,0
68652, A Stable's Condition,lodestone;wiki,sourceWrong,rewards,20,0
68653, Beat of the Drum,lodestone;wiki,sourceWrong,rewards,20,0
68654, Cannot Say Neigh,lodestone;wiki,notModeled,prereqs,20,0
68655, Ready the Confetti,lodestone;wiki,sourceWrong,rewards,20,0
68656, Surprise Offerings,lodestone;wiki,sourceWrong,rewards,20,0
68657, Bearers Wanted,lodestone;wiki,notModeled,prereqs,20,0
68658, Roasting a New Dish,lodestone;wiki,sourceWrong,rewards,20,0
68659, Give till It Hurts,lodestone;wiki,sourceWrong,rewards,20,0
68660, Bull's-eye,lodestone;wiki,notModeled,prereqs,20,0
68661, Taking the Plunge,lodestone;wiki,sourceWrong,rewards,20,0
68662, A Favor Repaid,lodestone;wiki,sourceWrong,rewards,20,0
68663, In Steep Trouble,lodestone;wiki,notModeled,prereqs,20,0
68664, A Welcome Surprise,lodestone;wiki,sourceWrong,rewards,20,0
68665, The Deadliest Sport,lodestone;wiki,sourceWrong,rewards,20,0
68666, Overcommitment,lodestone;wiki,sourceWrong,rewards,20,0
68667,Knocking on Heaven's Door,lodestone;wiki,notModeled,prereqs,21,0
68668,On the Shoulders of Giants,lodestone;wiki,notModeled,prereqs,21,0
68669,Trouble in Paradise,lodestone;wiki,notModeled,expansion,20,0
68670,Love and Kupo Nuts,lodestone;wiki,notModeled,expansion,20,0
68671,Jump to the Beach,lodestone;wiki,notModeled,expansion,20,0
68672,Eorzean Nimble Warrior,lodestone;wiki,notModeled,expansion,20,0
68673,"If at First You Don't Succeed, Give Up",lodestone;wiki,notModeled,expansion,20,0
68674,In Adventurers We Trust,lodestone;wiki,notModeled,expansion,20,0
68675,The Seaweed Is Always Greener,lodestone;wiki,notModeled,prereqs,20,0
68676,Up Where They Trade All Day in the Sun,lodestone;wiki,notModeled,prereqs,20,0
68677,It Takes an Enclave,lodestone;wiki,notModeled,prereqs,20,0
68678,Secret of the Ooze,garland;lodestone;wiki,notModeled,prereqs,22,0
68679,Sisterly Act,lodestone;wiki,notModeled,prereqs,20,0
68680,Feel the Burn,garland;lodestone;wiki,notModeled,prereqs,22,0
68681,Shadows in the Empire,lodestone;wiki,notModeled,prereqs,20,0
68682,A Power in Slumber,lodestone;wiki,notModeled,prereqs,20,0
68683,The Will of the Moon,lodestone;wiki,notModeled,prereqs,20,0
68684,The Call,lodestone;wiki,notModeled,prereqs,20,0
68685,Prelude in Violet,lodestone;wiki,notModeled,prereqs,20,0
68686,The Black Heart Beneath,lodestone;wiki,notModeled,prereqs,20,0
68687,"Good Swords, Good Dogs",lodestone;wiki,notModeled,prereqs,20,0
68688,The Fire-bird Down Below,garland;lodestone;wiki,notModeled,prereqs,22,0
68689,Lighting the Way,lodestone;wiki,notModeled,prereqs,20,0
68690,"In the Beginning, There Was Chaos",lodestone;wiki,notModeled,prereqs,21,0
68691,And Like Fire Was His Mane,lodestone;wiki,notModeled,prereqs,21,0
68692,"In the End, There Is Omega",garland;lodestone;wiki,notModeled,prereqs,22,0
68693,To Kweh under Distant Skies,lodestone;wiki,notModeled,prereqs,20,0
68694,The Man in Black,lodestone;wiki,notModeled,expansion,20,0
68695,In the Dark of Night,lodestone;wiki,notModeled,expansion,20,0
68696,Messenger of the Winds,lodestone;wiki,notModeled,expansion,20,0
68697,The Ananta Maid's Tail,lodestone;wiki,notModeled,prereqs,20,0
68698,Ruby Seas under Ruby Skies,lodestone;wiki,notModeled,prereqs,20,0
68699,Fish in a Barrel,lodestone;wiki,notModeled,prereqs,20,0
68700,What a Wonder-full World,lodestone;wiki,notModeled,prereqs,20,0
68701,Surpassing the Samurai,garland;lodestone;wiki,notModeled,prereqs,22,0
68702,The Fifth Lord,lodestone;wiki,notModeled,prereqs,20,0
68703,The Past Is Never Past,garland;lodestone;wiki,notModeled,prereqs,22,0
68704,Don't Do the Dewprism,lodestone;wiki,notModeled,prereqs,20,0
68705,The Sinister Soirée,lodestone;wiki,notModeled,expansion,20,0
68706,The Parlous Ploy,lodestone;wiki,sourceWrong,rewards,20,0
68707,The Sordid Cipher,lodestone;wiki,notModeled,expansion,20,0
68708,The Macabre Manor,lodestone;wiki,notModeled,dutyUnlock,21,0
68709,Not-so-silent Night,lodestone;wiki,notModeled,expansion,20,0
68710,A Concerted Effort,lodestone;wiki,sourceWrong,rewards,20,0
68711,Theatgrhythdaniam,lodestone;wiki,notModeled,expansion,20,0
68712,Mochi to Be Desired,lodestone;wiki,notModeled,expansion,20,0
68713,Between a Rock and the Hard Place,lodestone;wiki,notModeled,prereqs,20,0
68714,"He Ain't Piggy, He's My Brother",lodestone;wiki,notModeled,prereqs,20,0
68715,Soul Searching,lodestone;wiki,notModeled,prereqs,20,0
68716,A Defector's Tidings,lodestone;wiki,notModeled,prereqs,20,0
68717,Seiryu's Wall,lodestone;wiki,notModeled,prereqs,20,0
68718,Parley on the Front Lines,lodestone;wiki,notModeled,prereqs,20,0
68719,The Face of War,garland;lodestone;wiki,notModeled,prereqs,22,0
68720,A Brief Reprieve,lodestone;wiki,notModeled,prereqs,20,0
68721,A Requiem for Heroes,lodestone;wiki,notModeled,prereqs,20,0
68722,Take with a Tonze of Salt,lodestone;wiki,notModeled,prereqs,20,0
68723,The Path of Most Resistance,lodestone;wiki,notModeled,prereqs,20,0
68724,Welcome to Their Jungle,lodestone;wiki,notModeled,prereqs,20,0
68725,The City of Lost Angels,lodestone;wiki,notModeled,prereqs,21,0
68726,In Bad Taste,lodestone;wiki,notModeled,prereqs,20,0
68727,Wok on By,lodestone;wiki,notModeled,section,9,0
68728,Out of the Blue,lodestone;wiki,notModeled,expansion,20,0
68729,Blue Leading the Blue,lodestone;wiki,notModeled,expansion,20,0
68730,Blue Collar Work,lodestone;wiki,notModeled,expansion,20,0
68731,Why They Call It the Blues,lodestone;wiki,notModeled,expansion,20,0
68732,Scream Blue Murder,lodestone;wiki,notModeled,expansion,20,0
68733,Blue Gold,lodestone;wiki,notModeled,expansion,20,0
68734,The Real Folk Blues,lodestone;wiki,notModeled,expansion,20,0
68735,Turning Over a Blue Leaf,lodestone;wiki,notModeled,expansion,21,0
68736,A Lone Wolf No More,lodestone;wiki,notModeled,prereqs,20,0
68737,Every Little Thing She Does Is Mahjong,lodestone;wiki,notModeled,expansion,21,0
68738,Eggstreme Eggstrapolation,lodestone;wiki,notModeled,expansion,20,0
68739,A Shelltered Eggsistence,lodestone;wiki,notModeled,expansion,20,0
68740,Deus Eggs Machina,lodestone;wiki,notModeled,expansion,20,0
68741,A Many-splendored Thing,lodestone;wiki,notModeled,dutyUnlock,21,0
68742,From Now until Affinity,lodestone;wiki,notModeled,expansion,20,0
68743,The Sabotender Shimmy,lodestone;wiki,notModeled,expansion,20,0
68744,Princess of Flowers,lodestone;wiki,notModeled,expansion,20,0
68745,One Short Day on Emerald Avenue,lodestone;wiki,notModeled,expansion,20,0
68746,Worth Fighting For,lodestone;wiki,notModeled,prereqs,20,0
68747,A Monk's Legacy,lodestone;wiki,notModeled,prereqs,20,0
68748,"Once, Twice, Three Times a Warrior",lodestone;wiki,notModeled,prereqs,20,0
68749,Gone but Not Forgiven,lodestone;wiki,notModeled,prereqs,20,0
68750,A Harmony from the Heavens,lodestone;wiki,notModeled,prereqs,20,0
68751,Whence the Healing Springs,lodestone;wiki,notModeled,prereqs,20,0
68752,A Home for a Tome,lodestone;wiki,notModeled,prereqs,20,0
68753,To Be Second Best,lodestone;wiki,ambiguous,listed,2,0
68754,True Beauty,lodestone;wiki,notModeled,prereqs,20,0
68755,Oboro's Big Idea,lodestone;wiki,notModeled,prereqs,20,0
68756,Machinists for the Morrow,lodestone;wiki,notModeled,prereqs,20,0
68757,Our Closure,lodestone;wiki,notModeled,prereqs,20,0
68758,"Love, Astrologically",lodestone;wiki,notModeled,prereqs,20,0
68759,The Legend of Musosai,lodestone;wiki,notModeled,prereqs,20,0
68760,Succession of Steel,lodestone;wiki,notModeled,prereqs,20,0
68761,Gunblades of the Patriots,lodestone;wiki,notModeled,prereqs,20,0
68762,Rising to the Occasion,lodestone;wiki,notModeled,prereqs,20,0
68763,"Iola, Forgemaster",lodestone;wiki,notModeled,prereqs,20,0
68764,To Struggle Nu Mou,lodestone;wiki,notModeled,prereqs,20,0
68765,The Iron Bellows,lodestone;wiki,notModeled,prereqs,20,0
68766,Cherished Memories,lodestone;wiki,notModeled,prereqs,20,0
68767,For Sentimental Reasons,lodestone;wiki,notModeled,prereqs,20,0
68768,The Notes of Bond Restoring,lodestone;wiki,notModeled,prereqs,20,0
68769,Friends of a Feather,lodestone;wiki,notModeled,prereqs,20,0
68770,Where We Belong,lodestone;wiki,notModeled,prereqs,20,0
68771,Healing Old Wounds,lodestone;wiki,notModeled,prereqs,20,0
68772,On the Trail of a Myth,lodestone;wiki,notModeled,prereqs,20,0
68773,Shedding Light on the Myth,lodestone;wiki,notModeled,prereqs,20,0
68774,The Myth Takes Form,lodestone;wiki,notModeled,prereqs,20,0
68775,Well Eel Be Damned,lodestone;wiki,notModeled,prereqs,20,0
68776,Fishing for Confidence,lodestone;wiki,notModeled,prereqs,20,0
68777,Morsel of the Deep,lodestone;wiki,notModeled,prereqs,20,0
68778,For Every Child a Star,lodestone;wiki,sourceWrong,prereqs,20,0
68779,The Man with Too Many Scars,lodestone;wiki,notModeled,prereqs,20,0
68780,Shaped by Tragedy,lodestone;wiki,notModeled,prereqs,20,0
68781,Defined by Loss,lodestone;wiki,notModeled,prereqs,20,0
68782,The Princess and Her Knight,lodestone;wiki,notModeled,prereqs,20,0
68783,The Hardened Heart,lodestone;wiki,notModeled,prereqs,20,0
68784,To Have Loved and Lost,lodestone;wiki,notModeled,prereqs,20,0
68785,Shall We Dance,lodestone;wiki,sourceWrong,rewards,20,0
68786,Gamboling for Gil,lodestone;wiki,notModeled,prereqs,20,0
68787,A Soirée in the Sultanate,lodestone;wiki,notModeled,prereqs,20,0
68788,Dances with Duskwights,lodestone;wiki,notModeled,prereqs,20,0
68789,High-steppin' in the Holy See,lodestone;wiki,notModeled,prereqs,20,0
68790,Save the Last Dance for Me,lodestone;wiki,notModeled,prereqs,20,0
68791,In the Middle of Nowhere,lodestone;wiki,notModeled,prereqs,20,0
68792,Deploy the Core,garland;lodestone;wiki,notModeled,prereqs,22,0
68793,One Fell Swoop,garland;lodestone;wiki,notModeled,prereqs,22,0
68794,Nor Any Drop to Drink,garland;lodestone;wiki,notModeled,prereqs,22,0
68795,Super Seismic,garland;lodestone;wiki,notModeled,prereqs,22,0
68796,The Next Piece of the Puzzle,lodestone;wiki,notModeled,prereqs,20,0
68797,The Makings of a Gunbreaker,lodestone;wiki,sourceWrong,rewards,20,0
68798,Hired Gunblades,lodestone;wiki,notModeled,prereqs,20,0
68799,For Better or Worse,lodestone;wiki,notModeled,prereqs,20,0
68800,Confessions of a Flaming Mongrel,lodestone;wiki,notModeled,prereqs,20,0
68801,Of Defectors and Defenders,lodestone;wiki,notModeled,prereqs,20,0
68802,Steel against Steel,lodestone;wiki,notModeled,prereqs,20,0
68803,Traditions and Travails,lodestone;wiki,notModeled,prereqs,20,0
68804,Affronts and Allies,lodestone;wiki,notModeled,prereqs,20,0
68805,The Scientific Method,lodestone;wiki,notModeled,prereqs,20,0
68806,The Lost and the Found,lodestone;wiki,notModeled,prereqs,20,0
68807,Never to Return,lodestone;wiki,notModeled,prereqs,20,0
68808,The Soul of Temperance,lodestone;wiki,notModeled,prereqs,20,0
68809,No Greater Sport,lodestone;wiki,notModeled,prereqs,20,0
68810,Vengeance in Defeat,lodestone;wiki,notModeled,prereqs,20,0
68811,Freedom from Privilege,lodestone;wiki,notModeled,prereqs,20,0
68812,The Hunter's Legacy,lodestone;wiki,notModeled,prereqs,20,0
68813,Fellowship Restored,lodestone;wiki,notModeled,prereqs,20,0
68814,Courage Born of Fear,lodestone;wiki,notModeled,prereqs,20,0
68815,The Syrcus Trench,lodestone;wiki,notModeled,prereqs,20,0
68816,City of the First,lodestone;wiki,notModeled,prereqs,20,0
68817,Travelers of Norvrandt,lodestone;wiki,notModeled,prereqs,20,0
68818,In Search of Alphinaud,lodestone;wiki,notModeled,prereqs,20,0
68819,A Still Tide,lodestone;wiki,notModeled,prereqs,20,0
68820,"Open Arms, Closed Gate",lodestone;wiki,notModeled,prereqs,20,0
68821,A Fickle Existence,lodestone;wiki,notModeled,prereqs,20,0
68822,City of Final Pleasures,lodestone;wiki,notModeled,prereqs,20,0
68823,Free to Sightsee,lodestone;wiki,notModeled,prereqs,20,0
68824,A Taste of Honey,lodestone;wiki,notModeled,prereqs,20,0
68825,A Blessed Instrument,lodestone;wiki,notModeled,prereqs,20,0
68826,Emergent Splendor,lodestone;wiki,notModeled,prereqs,20,0
68827,In Search of Alisaie,lodestone;wiki,notModeled,prereqs,20,0
68828,City of the Mord,lodestone;wiki,notModeled,prereqs,20,0
68829,Working Off the Meal,lodestone;wiki,notModeled,prereqs,20,0
68830,A Desert Crossing,lodestone;wiki,notModeled,prereqs,20,0
68831,Following in Her Footprints,lodestone;wiki,notModeled,prereqs,20,0
68832,Culling Their Ranks,lodestone;wiki,notModeled,prereqs,20,0
68833,A Purchase of Fruit,lodestone;wiki,notModeled,prereqs,20,0
68834,The Time Left to Us,lodestone;wiki,notModeled,prereqs,20,0
68835,Tears on the Sand,lodestone;wiki,notModeled,prereqs,20,0
68836,The Lightwardens,garland;lodestone;wiki,notModeled,prereqs,22,0
68837,Warrior of Darkness,lodestone;wiki,notModeled,prereqs,20,0
68838,An Unwelcome Guest,lodestone;wiki,notModeled,prereqs,20,0
68839,The Crystarium's Resolve,lodestone;wiki,notModeled,prereqs,20,0
68840,Logistics of War,lodestone;wiki,notModeled,prereqs,20,0
68841,The Oracle of Light,lodestone;wiki,notModeled,prereqs,20,0
68842,"Il Mheg, the Faerie Kingdom",lodestone;wiki,notModeled,prereqs,20,0
68843,Sul Uin's Request,lodestone;wiki,notModeled,prereqs,20,0
68844,Ys Iala's Errand,lodestone;wiki,notModeled,prereqs,20,0
68845,Oul Sigun's Plea,lodestone;wiki,notModeled,prereqs,20,0
68846,Unto the Truth,lodestone;wiki,notModeled,prereqs,20,0
68847,Courting Cooperation,lodestone;wiki,notModeled,prereqs,20,0
68848,The Key to the Castle,garland;lodestone;wiki,notModeled,prereqs,22,0
68849,A Visit to the Nu Mou,lodestone;wiki,notModeled,prereqs,20,0
68850,A Fitting Payment,lodestone;wiki,notModeled,prereqs,20,0
68851,Spore Sweeper,lodestone;wiki,notModeled,prereqs,20,0
68852,The Lawless Ones,lodestone;wiki,notModeled,prereqs,20,0
68853,The Elder's Answer,lodestone;wiki,notModeled,prereqs,20,0
68854,A Resounding Roar,lodestone;wiki,notModeled,prereqs,20,0
68855,Memento of a Friend,lodestone;wiki,notModeled,prereqs,20,0
68856,Acht-la Ormh Inn,garland;lodestone;wiki,notModeled,prereqs,22,0
68857,The Wheel Turns,lodestone;wiki,notModeled,prereqs,20,0
68858,A Party Soon Divided,lodestone;wiki,notModeled,prereqs,20,0
68859,A Little Faith,lodestone;wiki,notModeled,prereqs,20,0
68860,Into the Dark,lodestone;wiki,notModeled,prereqs,20,0
68861,A Day in the Neighborhood,lodestone;wiki,notModeled,prereqs,20,0
68862,A Helping Hand,lodestone;wiki,notModeled,prereqs,20,0
68863,Lost but Not Forgotten,lodestone;wiki,notModeled,prereqs,20,0
68864,Saying Good-bye,lodestone;wiki,notModeled,prereqs,20,0
68865,Stirring Up Trouble,lodestone;wiki,notModeled,prereqs,20,0
68866,A Beeautiful Plan,lodestone;wiki,notModeled,prereqs,20,0
68867,An Unwanted Proposal,lodestone;wiki,notModeled,prereqs,20,0
68868,Put to the Proof,lodestone;wiki,notModeled,prereqs,20,0
68869,Into the Wood,lodestone;wiki,notModeled,prereqs,20,0
68870,Top of the Tree,lodestone;wiki,notModeled,prereqs,20,0
68871,Look to the Stars,lodestone;wiki,notModeled,prereqs,20,0
68872,"Mi Casa, Toupasa",lodestone;wiki,notModeled,prereqs,20,0
68873,Legend of the Not-so-hidden Temple,lodestone;wiki,notModeled,prereqs,20,0
68874,The Aftermath,lodestone;wiki,notModeled,prereqs,20,0
68875,In Good Faith,lodestone;wiki,notModeled,prereqs,20,0
68876,The Burden of Knowledge,garland;lodestone;wiki,notModeled,prereqs,22,0
68877,Bearing with It,lodestone;wiki,notModeled,prereqs,20,0
68878,Out of the Wood,lodestone;wiki,notModeled,prereqs,20,0
68879, A Cry for Help,lodestone;wiki,notModeled,prereqs,20,0
68880, Rate and Review,lodestone;wiki,notModeled,prereqs,20,0
68881, Pour One Out,lodestone;wiki,notModeled,prereqs,20,0
68882, A Dirty Trick,lodestone;wiki,notModeled,prereqs,20,0
68883, From a Distance,lodestone;wiki,notModeled,prereqs,20,0
68884, A Fitting Challenge,lodestone;wiki,notModeled,prereqs,20,0
68885, Before the Tide Comes,lodestone;wiki,notModeled,prereqs,20,0
68886, Retaking Territory,lodestone;wiki,notModeled,prereqs,20,0
68887, A Clam to Die For,lodestone;wiki,notModeled,prereqs,20,0
68888, A Meating Long Overdue,lodestone;wiki,notModeled,prereqs,20,0
68889, Redolent Refuse,lodestone;wiki,notModeled,prereqs,20,0
68890, A Feeling in the Belly,lodestone;wiki,notModeled,prereqs,20,0
68891, Songstress of the Sea,lodestone;wiki,notModeled,prereqs,20,0
68892, Witch of the Sea,lodestone;wiki,notModeled,prereqs,20,0
68893, Following the Grain,lodestone;wiki,notModeled,prereqs,20,0
68894, Bridge to the Other Side,lodestone;wiki,notModeled,prereqs,20,0
68895, A Drop of Sunshine,lodestone;wiki,notModeled,prereqs,20,0
68896, A Plankless Task,lodestone;wiki,notModeled,prereqs,20,0
68897, Worm Food,lodestone;wiki,notModeled,prereqs,20,0
68898, The Most Succulent of Succulents,lodestone;wiki,notModeled,prereqs,20,0
68899, Mollycoddled Mord,lodestone;wiki,notModeled,prereqs,20,0
68900, I Felt Your Presents,lodestone;wiki,notModeled,prereqs,20,0
68901, A Shiver Down the Spine,lodestone;wiki,notModeled,prereqs,20,0
68902, Pass the Parcel,lodestone;wiki,notModeled,prereqs,20,0
68903, Succulent Secretions,lodestone;wiki,notModeled,prereqs,20,0
68904, From Darts till Dawn,lodestone;wiki,notModeled,prereqs,20,0
68905, Absent without Leave,lodestone;wiki,notModeled,prereqs,20,0
68906, Like a Tonze of Bricks,lodestone;wiki,notModeled,prereqs,20,0
68907, Village of Woe,lodestone;wiki,notModeled,prereqs,20,0
68908," Talos, Interrupted",lodestone;wiki,notModeled,prereqs,20,0
68909, The Cape in Bloom,lodestone;wiki,notModeled,prereqs,20,0
68910, Wright for the Job,lodestone;wiki,notModeled,prereqs,20,0
68911, Work to Live or Live to Work,lodestone;wiki,notModeled,prereqs,20,0
68912, Mord of the Ring,lodestone;wiki,notModeled,prereqs,20,0
68913, Nabaath Breakdown,lodestone;wiki,notModeled,prereqs,20,0
68914, Semi Auto-malik,lodestone;wiki,notModeled,prereqs,20,0
68915, Do You Believe in Magic,lodestone;wiki,notModeled,prereqs,20,0
68916, A Jobb Well Done,lodestone;wiki,notModeled,prereqs,20,0
68917, Stock and Barrel,lodestone;wiki,notModeled,prereqs,20,0
68918, Classical Condition,lodestone;wiki,notModeled,prereqs,20,0
68919, Desperate Measures,lodestone;wiki,notModeled,prereqs,20,0
68920, Imperative Repairs,lodestone;wiki,notModeled,prereqs,20,0
68921, The Astute Amaro,lodestone;wiki,notModeled,prereqs,20,0
68922, An Unreasonable Request,lodestone;wiki,notModeled,prereqs,20,0
68923, You've Got the Tatch,lodestone;wiki,notModeled,prereqs,20,0
68924, All That Heavenly Glory,lodestone;wiki,notModeled,prereqs,20,0
68925, Beers for Fears,lodestone;wiki,notModeled,prereqs,20,0
68926, Loot Justice Mode,lodestone;wiki,notModeled,prereqs,20,0
68927, Inglourious Bath Stewards,lodestone;wiki,notModeled,prereqs,20,0
68928, What's in a Name,lodestone;wiki,notModeled,prereqs,20,0
68929, A Hairy Request,lodestone;wiki,notModeled,prereqs,20,0
68930, Flowers of Fury,lodestone;wiki,notModeled,prereqs,20,0
68931, The Forbidden Lran,lodestone;wiki,notModeled,prereqs,20,0
68932, When Beavers Cry,lodestone;wiki,notModeled,prereqs,20,0
68933, And Then There Were None,lodestone;wiki,notModeled,prereqs,20,0
68934, Delightful Decorations,lodestone;wiki,notModeled,prereqs,20,0
68935, Bewitched Books,lodestone;wiki,notModeled,prereqs,20,0
68936, Revolting Refreshments,lodestone;wiki,notModeled,prereqs,20,0
68937, An Artist's Tale,lodestone;wiki,notModeled,prereqs,20,0
68938, Counting Pixies,lodestone;wiki,notModeled,prereqs,20,0
68939, A Rosy Problem,lodestone;wiki,notModeled,prereqs,20,0
68940, The Path to Popularity,lodestone;wiki,notModeled,prereqs,20,0
68941, Painting for Praise,lodestone;wiki,notModeled,prereqs,20,0
68942, Gifts to Gladden,lodestone;wiki,notModeled,prereqs,20,0
68943, The Dependable Darling,lodestone;wiki,notModeled,prereqs,20,0
68944, Scents of Security,lodestone;wiki,notModeled,prereqs,20,0
68945, A Lawful Trade,lodestone;wiki,notModeled,prereqs,20,0
68946, The Mushroom Menace,lodestone;wiki,notModeled,prereqs,20,0
68947, Growing Pla Enni,lodestone;wiki,notModeled,prereqs,20,0
68948, Much Ado About Giving,lodestone;wiki,notModeled,prereqs,20,0
68949, Help My Porxie,lodestone;wiki,notModeled,prereqs,20,0
68950, One Good Trick Deserves Another,lodestone;wiki,notModeled,prereqs,20,0
68951, A Leafman and a Hero,lodestone;wiki,notModeled,prereqs,20,0
68952," Magic Is Love, Magic Is Life",lodestone;wiki,notModeled,prereqs,20,0
68953, Are You Being Served,lodestone;wiki,notModeled,prereqs,20,0
68954, A Stranger Fuath,lodestone;wiki,notModeled,prereqs,20,0
68955, Pushy for Patronage,lodestone;wiki,notModeled,prereqs,20,0
68956, In His Mistress's Memory,lodestone;wiki,notModeled,prereqs,20,0
68957, Lurkers in the Lake,lodestone;wiki,notModeled,prereqs,20,0
68958, A Tale of a Tail,lodestone;wiki,notModeled,prereqs,20,0
68959, Not All Pixies,lodestone;wiki,notModeled,prereqs,20,0
68960, A Gift in Advance,lodestone;wiki,notModeled,prereqs,20,0
68961, In His Mistress's Name,lodestone;wiki,notModeled,prereqs,20,0
68962, Hide and Seek,lodestone;wiki,notModeled,prereqs,20,0
68963, A New Amaro,lodestone;wiki,notModeled,prereqs,20,0
68964, A Costly Meal,lodestone;wiki,notModeled,prereqs,20,0
68965, By Way of Reparation,lodestone;wiki,notModeled,prereqs,20,0
68966, The Key Ingredient,lodestone;wiki,notModeled,prereqs,20,0
68967, A New Favorite,lodestone;wiki,notModeled,prereqs,20,0
68968, Duplicity in the Depths,lodestone;wiki,notModeled,prereqs,20,0
68969, Marks of the Monarch,lodestone;wiki,notModeled,prereqs,20,0
68970, An Eggshell a Day,lodestone;wiki,notModeled,prereqs,20,0
68971, Lofty Goals,lodestone;wiki,notModeled,prereqs,20,0
68972, You Had One Jobb,lodestone;wiki,notModeled,prereqs,20,0
68973, Of Graveyards and Gremlins,lodestone;wiki,notModeled,prereqs,20,0
68976, Barking Up the Right Tree,lodestone;wiki,notModeled,prereqs,20,0
68977, Plans Gone Awry,lodestone;wiki,notModeled,prereqs,20,0
68978, Like Pulling Teeth,lodestone;wiki,notModeled,prereqs,20,0
68979, Tea Time,lodestone;wiki,notModeled,prereqs,20,0
68980, What We Do for Family,lodestone;wiki,notModeled,prereqs,20,0
68981, In His Memory,lodestone;wiki,notModeled,prereqs,20,0
68982, Pick Their Poison,lodestone;wiki,notModeled,prereqs,20,0
68983, Worth a Candle,lodestone;wiki,notModeled,prereqs,20,0
68984, Paved with Good Intentions,lodestone;wiki,notModeled,prereqs,20,0
68985, You're a Gem,lodestone;wiki,notModeled,prereqs,20,0
68986," Oh, Snap",lodestone;wiki,notModeled,prereqs,20,0
68987, Disturbing the Peace,lodestone;wiki,notModeled,prereqs,20,0
68988, Out of Place,lodestone;wiki,notModeled,prereqs,20,0
68989, From the Heart,lodestone;wiki,notModeled,prereqs,20,0
68990, Special Delivery,lodestone;wiki,notModeled,prereqs,20,0
68991, An Express Delivery,lodestone;wiki,notModeled,prereqs,20,0
68992, On Her Own,lodestone;wiki,notModeled,prereqs,20,0
68993, Carrying On,lodestone;wiki,notModeled,prereqs,20,0
68994, In Father's Footsteps,lodestone;wiki,notModeled,prereqs,20,0
68995, Her True Calling,lodestone;wiki,notModeled,prereqs,20,0
68996, Paying Respects,lodestone;wiki,notModeled,prereqs,20,0
68997, A Recipe for Trouble,lodestone;wiki,notModeled,prereqs,20,0
68998, Blessings of the Wood,lodestone;wiki,notModeled,prereqs,20,0
68999, Talk of the Town,lodestone;wiki,notModeled,prereqs,20,0
69000, A Sight Unseen,lodestone;wiki,notModeled,prereqs,20,0
69001, Back Where It Belongs,lodestone;wiki,notModeled,prereqs,20,0
69002, Not Unfamiliar,lodestone;wiki,notModeled,prereqs,20,0
69003, Suit Up,lodestone;wiki,notModeled,prereqs,20,0
69004, Delivery Time,lodestone;wiki,notModeled,prereqs,20,0
69005, Out on One's Own,lodestone;wiki,notModeled,prereqs,20,0
69006, One Last Bite,lodestone;wiki,notModeled,prereqs,20,0
69007, Proving Your Worth,lodestone;wiki,notModeled,prereqs,20,0
69008, Reach for the Stars,lodestone;wiki,notModeled,prereqs,20,0
69009, Down Feathers,lodestone;wiki,notModeled,prereqs,20,0
69010, Out on Patrol,lodestone;wiki,notModeled,prereqs,20,0
69011, Thoughts and Prayers,lodestone;wiki,notModeled,prereqs,20,0
69012, Rock Solid,lodestone;wiki,notModeled,prereqs,20,0
69013, Hand-me-downs,lodestone;wiki,notModeled,prereqs,20,0
69014, Stand on Ceremony,lodestone;wiki,notModeled,prereqs,20,0
69015, Seeing Eye to Eye,lodestone;wiki,notModeled,prereqs,20,0
69016, Mending Fences,lodestone;wiki,notModeled,prereqs,20,0
69017, Hearts as One,lodestone;wiki,notModeled,prereqs,20,0
69018, Protectors of the Wood,lodestone;wiki,notModeled,prereqs,20,0
69019, In Pursuit of Knowledge,lodestone;wiki,notModeled,prereqs,20,0
69020, A Test of Strength,lodestone;wiki,notModeled,prereqs,20,0
69021, Just the Two of Us,lodestone;wiki,notModeled,prereqs,20,0
69022," Where There's a Well, There's a Way",lodestone;wiki,notModeled,prereqs,20,0
69023, Assault on a Deadly Weapon,lodestone;wiki,notModeled,prereqs,20,0
69024, Water Palaver,lodestone;wiki,notModeled,prereqs,20,0
69025, Shovel or Boogie,lodestone;wiki,notModeled,prereqs,20,0
69026, Shine On You Crazy Mordling,lodestone;wiki,notModeled,prereqs,20,0
69027, And Justice Feral,lodestone;wiki,notModeled,prereqs,20,0
69028, A Relatively Miner Issue,lodestone;wiki,notModeled,prereqs,20,0
69029," I Drink, Therefore I Am (in Trouble)",lodestone;wiki,notModeled,prereqs,20,0
69030, To the Far Side,lodestone;wiki,notModeled,prereqs,20,0
69031, Whistle While You Shirk,lodestone;wiki,notModeled,prereqs,20,0
69032, Prankster's Paradise,lodestone;wiki,notModeled,prereqs,20,0
69033, A Tab in the Dark,lodestone;wiki,notModeled,prereqs,20,0
69034, The Creaky Mill Gets the Grease,lodestone;wiki,notModeled,prereqs,20,0
69035, Big Sister Is Watching You,lodestone;wiki,notModeled,prereqs,20,0
69036, The Brother Lode,lodestone;wiki,notModeled,prereqs,20,0
69037, Flower for a Friend,lodestone;wiki,notModeled,prereqs,20,0
69038, Church Warrant,lodestone;wiki,notModeled,prereqs,20,0
69039, Scavengers Assemble,lodestone;wiki,notModeled,prereqs,20,0
69040, Town Haul,lodestone;wiki,notModeled,prereqs,20,0
69041, Worm in the Ointment,lodestone;wiki,notModeled,prereqs,20,0
69042, The Yolk's on You,lodestone;wiki,notModeled,prereqs,20,0
69043, Taken Down a Peck or Two,lodestone;wiki,notModeled,prereqs,20,0
69044, Repair for the Worst,lodestone;wiki,notModeled,prereqs,20,0
69045, Stripe for the Picking,lodestone;wiki,notModeled,prereqs,20,0
69046, Mystery Miners,lodestone;wiki,notModeled,prereqs,20,0
69047, Charmless Man,lodestone;wiki,notModeled,prereqs,20,0
69048, Oil Be Back,lodestone;wiki,notModeled,prereqs,20,0
69049, Gnome Ore Heroes,lodestone;wiki,notModeled,prereqs,20,0
69050, The Piping of the Dead,lodestone;wiki,notModeled,prereqs,20,0
69051, Flowering Friendships,lodestone;wiki,notModeled,prereqs,20,0
69052, My Heart Will (Not) Go On,lodestone;wiki,notModeled,prereqs,20,0
69053," Near, Far, Wherever You Are",lodestone;wiki,notModeled,prereqs,20,0
69054, The Invisible Hand,lodestone;wiki,notModeled,prereqs,20,0
69055, Scattered to the Winds,lodestone;wiki,notModeled,prereqs,20,0
69056, One Good Meal,lodestone;wiki,notModeled,prereqs,20,0
69057, Little and Late,lodestone;wiki,notModeled,prereqs,20,0
69058, Children of the Derelicts,lodestone;wiki,notModeled,prereqs,20,0
69059," Rebuild, Reuse, Recycle",lodestone;wiki,notModeled,prereqs,20,0
69060, Of Legacies Lost and Reclaimed,lodestone;wiki,notModeled,prereqs,20,0
69061, A Vein Pursuit,lodestone;wiki,notModeled,prereqs,20,0
69062, Tunnel Vision,lodestone;wiki,notModeled,prereqs,20,0
69063, Two Tails Are Better than One,lodestone;wiki,notModeled,prereqs,20,0
69064, The Rutabite at the End of the Tunnel,lodestone;wiki,notModeled,prereqs,20,0
69065, An Axle to Grind,lodestone;wiki,notModeled,prereqs,20,0
69066, No Disassemble,lodestone;wiki,notModeled,prereqs,20,0
69067, Thy Well Be Done,lodestone;wiki,notModeled,prereqs,20,0
69068, The Crystal Knaves,lodestone;wiki,notModeled,prereqs,20,0
69069, Scars of War,lodestone;wiki,notModeled,prereqs,20,0
69070, His Secret Shame,lodestone;wiki,notModeled,prereqs,20,0
69071, A Much-needed Respite,lodestone;wiki,notModeled,prereqs,20,0
69072, Resolve Regained,lodestone;wiki,notModeled,prereqs,20,0
69073, Fugitive of Fear,lodestone;wiki,notModeled,prereqs,20,0
69074, Hobgob Smacker,lodestone;wiki,notModeled,prereqs,20,0
69075, Small Nuisances,lodestone;wiki,notModeled,prereqs,20,0
69076, Timber for the Taking,lodestone;wiki,notModeled,prereqs,20,0
69077, Rising to Her Apology,lodestone;wiki,notModeled,prereqs,20,0
69078, Fresh off the Wing,lodestone;wiki,notListed,listed,13,0
69079, Supplying Estimates,lodestone;wiki,notModeled,prereqs,20,0
69080," Good, Honest Dirt",lodestone;wiki,notModeled,prereqs,20,0
69081, Sisterly Concern,lodestone;wiki,notModeled,prereqs,20,0
69082, A Rocky Relationship,lodestone;wiki,notModeled,prereqs,20,0
69083, Too Sweet to Eat,lodestone;wiki,notModeled,prereqs,20,0
69084, Killer on the Loose,lodestone;wiki,notModeled,prereqs,20,0
69085, All for the Boom,lodestone;wiki,notModeled,prereqs,20,0
69086, Distract and Rescue,lodestone;wiki,notModeled,prereqs,20,0
69087, Beneath the Beard,lodestone;wiki,notModeled,prereqs,20,0
69088, Short on Courage,lodestone;wiki,notModeled,prereqs,20,0
69089, Knocking the Knockers,lodestone;wiki,notModeled,prereqs,20,0
69090, Goggeo and Tholliet,lodestone;wiki,notModeled,prereqs,20,0
69091, With Ale Due Respect,lodestone;wiki,notModeled,prereqs,20,0
69092, A Disagreeable Dwarf,lodestone;wiki,notModeled,prereqs,20,0
69093, Almost a Friend,lodestone;wiki,notModeled,prereqs,20,0
69094, A Practiced Greeting,lodestone;wiki,notModeled,prereqs,20,0
69095, Learning to Lali-ho,lodestone;wiki,notModeled,prereqs,20,0
69096, Ronitt to the Rescue,lodestone;wiki,notModeled,prereqs,20,0
69097, Brew as the Tholl Do,lodestone;wiki,notModeled,prereqs,20,0
69098, Bringing the Nibbles,lodestone;wiki,notModeled,prereqs,20,0
69099, You Know the Words,lodestone;wiki,notModeled,prereqs,20,0
69100, Simple Gifts,lodestone;wiki,notModeled,prereqs,20,0
69101, His Own Medicine,lodestone;wiki,notModeled,prereqs,20,0
69102, Welcome to the Future,lodestone;wiki,notModeled,prereqs,20,0
69103," Made, Not Born",lodestone;wiki,notModeled,prereqs,20,0
69104, The Poet Doesn't Know It,lodestone;wiki,notModeled,prereqs,20,0
69105, The Sullen Man,lodestone;wiki,notModeled,prereqs,20,0
69106, Rite of Passage,lodestone;wiki,notModeled,prereqs,20,0
69107, Bigger Fish to Dry,lodestone;wiki,notModeled,prereqs,20,0
69108, Treasure-hunting Tykes,lodestone;wiki,sourceWrong,name,20,0
69109, With Furious Anger,lodestone;wiki,notModeled,prereqs,20,0
69110, Scrumptious Squirmers,lodestone;wiki,notModeled,prereqs,20,0
69111, Simple Treasures,lodestone;wiki,notModeled,prereqs,20,0
69112, Ondo Dream of Oranges,lodestone;wiki,sourceWrong,section,20,0
69113, Pearls of the Deep,lodestone;wiki,sourceWrong,section,20,0
69114, Beware the Benthos,lodestone;wiki,sourceWrong,section,20,0
69115, Beyond the Reach of Koal,lodestone;wiki,sourceWrong,section,20,0
69116, Do the Chuckle,lodestone;wiki,sourceWrong,section,20,0
69117, Strange Stew,lodestone;wiki,sourceWrong,section,20,0
69118, Scales for the Scaled Ones,lodestone;wiki,sourceWrong,section,20,0
69119, Secrets and Spears,lodestone;wiki,sourceWrong,section,20,0
69120, Scavenger Deep,lodestone;wiki,sourceWrong,section,20,0
69121, Mistake or Machination,lodestone;wiki,sourceWrong,section,20,0
69122, More than One Way to Skin a Stingray,lodestone;wiki,sourceWrong,section,20,0
69123, Doggone Dagons,lodestone;wiki,sourceWrong,section,20,0
69124, Koal of the Cups,lodestone;wiki,sourceWrong,section,20,0
69125, Mother's Mnyiri,lodestone;wiki,sourceWrong,section,20,0
69126, Create the Birthing Rope,lodestone;wiki,sourceWrong,section,20,0
69127, Tomorrow Is in Your Fins,lodestone;wiki,sourceWrong,section,20,0
69128, Responsible Creation,lodestone;wiki,sourceWrong,section,20,0
69129, Debate and Discourse,lodestone;wiki,sourceWrong,section,20,0
69130, Community Cohesion,lodestone;wiki,sourceWrong,section,20,0
69131,By the Time You Hear This,garland;lodestone;wiki,notModeled,prereqs,22,0
69132,Akadaemia Anyder,garland;lodestone;wiki,notModeled,prereqs,22,0
69133,Nuts to You,lodestone;wiki,notModeled,prereqs,20,0
69134,Two Nuts Too Nutty,lodestone;wiki,notModeled,prereqs,20,0
69135,How Do You Like Three Nuts,lodestone;wiki,notModeled,prereqs,20,0
69136,Too Many Nutters,lodestone;wiki,notModeled,prereqs,20,0
69137,Yet Another Striking Opportunity,lodestone;wiki,notModeled,prereqs,20,0
69138,Leves of the Crystarium,lodestone;wiki,notModeled,listed,9,0
69139,The Boutique Always Wins,lodestone;wiki,notModeled,listed,9,0
69140,Sights of the First,lodestone;wiki,notModeled,listed,9,0
69141,The Aspiring Skywatcher,lodestone;wiki,notModeled,listed,9,0
69142,When It Rains,lodestone;wiki,notModeled,prereqs,20,0
69143,Word from On High,lodestone;wiki,notModeled,prereqs,20,0
69144,Small Favors,lodestone;wiki,notModeled,prereqs,20,0
69145,The Best Way Out,lodestone;wiki,notModeled,prereqs,20,0
69146,Free Trade,lodestone;wiki,notModeled,prereqs,20,0
69147,The Trolley Problem,lodestone;wiki,notModeled,prereqs,20,0
69148,Rust and Ruin,lodestone;wiki,notModeled,prereqs,20,0
69149,On Track,lodestone;wiki,notModeled,prereqs,20,0
69150,Down for Maintenance,lodestone;wiki,notModeled,prereqs,20,0
69151,The Truth Hurts,lodestone;wiki,notModeled,prereqs,20,0
69152,A Convenient Distraction,lodestone;wiki,notModeled,prereqs,20,0
69153,A Dirty Job,lodestone;wiki,notModeled,prereqs,20,0
69154,Have a Heart,lodestone;wiki,notModeled,prereqs,20,0
69155,Full Steam Ahead,lodestone;wiki,notModeled,prereqs,20,0
69156,Crossing Paths,lodestone;wiki,notModeled,prereqs,20,0
69157,A Fresh Start,garland;lodestone;wiki,notModeled,prereqs,22,0
69158,More than a Hunch,lodestone;wiki,notModeled,prereqs,20,0
69159,Hollow Pursuits,lodestone;wiki,notModeled,prereqs,20,0
69160,A Voice from the Void,lodestone;wiki,notModeled,prereqs,20,0
69161,Echoes of the Past,lodestone;wiki,notModeled,prereqs,20,0
69162,Nyelbert's Lament,lodestone;wiki,notModeled,prereqs,20,0
69163,Taynor's Training Day,lodestone;wiki,notModeled,prereqs,20,0
69164,A Tearful Reunion,lodestone;wiki,notModeled,prereqs,20,0
69165,Shadow Walk with Me,lodestone;wiki,notModeled,prereqs,20,0
69166,Return to Eulmore,lodestone;wiki,notModeled,prereqs,20,0
69167,A Feast of Lies,lodestone;wiki,notModeled,prereqs,20,0
69168,Paradise Fallen,lodestone;wiki,notModeled,prereqs,20,0
69169,The Ladder,lodestone;wiki,notModeled,prereqs,20,0
69170,The View from Above,lodestone;wiki,notModeled,prereqs,20,0
69171,In Mt. Gulg's Shadow,lodestone;wiki,notModeled,prereqs,20,0
69172,A Gigantic Undertaking,lodestone;wiki,notModeled,prereqs,20,0
69173,Meet the Tholls,lodestone;wiki,notModeled,prereqs,20,0
69174,A-Digging We Will Go,lodestone;wiki,notModeled,prereqs,20,0
69175,The Duergar's Tewel,lodestone;wiki,notModeled,prereqs,20,0
69176,Rich Veins of Hope,lodestone;wiki,notModeled,prereqs,20,0
69177,That None Shall Ever Again,lodestone;wiki,notModeled,prereqs,20,0
69178,A Breath of Respite,lodestone;wiki,notModeled,prereqs,20,0
69179,Extinguishing the Last Light,garland;lodestone;wiki,notModeled,prereqs,22,0
69180,Reassuring the Masses,lodestone;wiki,notModeled,prereqs,20,0
69181,In His Garden,lodestone;wiki,notModeled,prereqs,20,0
69182,The Unbroken Thread,lodestone;wiki,notModeled,prereqs,20,0
69183,To Storm-tossed Seas,lodestone;wiki,notModeled,prereqs,20,0
69184,Waiting in the Depths,lodestone;wiki,notModeled,prereqs,20,0
69185,City of the Ancients,lodestone;wiki,notModeled,prereqs,20,0
69186,The Light of Inspiration,lodestone;wiki,notModeled,prereqs,20,0
69187,The Illuminated Land,lodestone;wiki,notModeled,prereqs,20,0
69188,The End of a World,lodestone;wiki,notModeled,prereqs,20,0
69189,A Greater Purpose,lodestone;wiki,notModeled,prereqs,20,0
69190,Shadowbringers,garland;lodestone;wiki,notModeled,prereqs,22,0
69191,The Crystalline Mean,lodestone;wiki,notModeled,prereqs,20,0
69192, The Great Deceiver,lodestone;wiki,notModeled,prereqs,20,0
69193, Slither Along,lodestone;wiki,notModeled,prereqs,20,0
69194, Snake the Lead,lodestone;wiki,notModeled,prereqs,20,0
69195, Snakes in the Grass,lodestone;wiki,notModeled,prereqs,20,0
69196,Message in a Bottle,lodestone;wiki,notModeled,expansion,20,0
69197,Messages from Distant Shores,lodestone;wiki,notModeled,expansion,20,0
69198,Minstrel from Another Mother,garland;lodestone;wiki,notModeled,displayLevel,11,0
69199,Feels Like Moonfire,lodestone;wiki,notModeled,expansion,20,0
69200,Anything You Can Do,lodestone;wiki,notModeled,expansion,20,0
69201,High-flying Hijinks,lodestone;wiki,sourceWrong,rewards,20,0
69202,Frying for Fame and Fortune,lodestone;wiki,sourceWrong,rewards,20,0
69203,"Hook, Line, and Sinker",lodestone;wiki,sourceWrong,rewards,20,0
69204,Fear and Delight,lodestone;wiki,notModeled,expansion,20,0
69205,A Glamourous Guise,lodestone;wiki,notModeled,expansion,20,0
69206,Haunting Grounds,lodestone;wiki,notModeled,expansion,21,0
69207, Word about Komra,lodestone;wiki,notModeled,prereqs,20,0
69208,Towards the Firmament,lodestone;wiki,notModeled,expansion,21,0
69209,Shaken Resolve,lodestone;wiki,notModeled,prereqs,20,0
69210,A Grand Adventure,garland;lodestone;wiki,notModeled,prereqs,22,0
69211,A Welcome Guest,lodestone;wiki,notModeled,prereqs,20,0
69212,Good for the Soul,lodestone;wiki,notModeled,prereqs,20,0
69213,Nowhere to Turn,lodestone;wiki,notModeled,prereqs,20,0
69214,A Notable Absence,lodestone;wiki,notModeled,prereqs,20,0
69215,For the People,lodestone;wiki,notModeled,prereqs,20,0
69216,Finding Good Help,lodestone;wiki,notModeled,prereqs,20,0
69217,Moving Forward,lodestone;wiki,notModeled,prereqs,20,0
69218,"Vows of Virtue, Deeds of Cruelty",lodestone;wiki,notModeled,prereqs,20,0
69219, Manic Pixie Dream Realm,lodestone;wiki,notModeled,prereqs,20,0
69220, Sustenance for the Soul,lodestone;wiki,notModeled,prereqs,20,0
69221, The Heart's Oasis,lodestone;wiki,notModeled,prereqs,20,0
69222, A Cry from the Ashes,lodestone;wiki,notModeled,prereqs,20,0
69223, As the Heart Bids,lodestone;wiki,notModeled,prereqs,20,0
69224, Forever and a Dream,lodestone;wiki,notModeled,prereqs,20,0
69225," Where There's Wool, There's a Way",lodestone;wiki,sourceWrong,rewards,20,0
69226, A Flowery Frolic,lodestone;wiki,sourceWrong,name,20,0
69227, Sharing Is Caring,lodestone;wiki,sourceWrong,rewards,20,0
69228, The Aesthetician of Il Mheg,lodestone;wiki,sourceWrong,rewards,20,0
69229, Sweet as Honey,lodestone;wiki,sourceWrong,rewards,20,0
69230, I Dream of Shinies,lodestone;wiki,sourceWrong,rewards,20,0
69231, The Wonder of Witchweed,lodestone;wiki,sourceWrong,rewards,20,0
69232, Of Marvelous Mallow,lodestone;wiki,sourceWrong,rewards,20,0
69233, The Moss Fungus Menace,lodestone;wiki,sourceWrong,rewards,20,0
69234, Porxine Perfection,lodestone;wiki,sourceWrong,rewards,20,0
69235, The Big Sleep,lodestone;wiki,sourceWrong,rewards,20,0
69236, Best of Boat Worlds,lodestone;wiki,sourceWrong,rewards,20,0
69237, Amazing Graze,lodestone;wiki,sourceWrong,rewards,20,0
69238, Pure Imagination,lodestone;wiki,sourceWrong,rewards,20,0
69239, Raiders of the Lost Pork,lodestone;wiki,sourceWrong,rewards,20,0
69240, Pebble without a Cause,lodestone;wiki,sourceWrong,rewards,20,0
69241, There's Always a Stupider Fish,lodestone;wiki,sourceWrong,rewards,20,0
69242, Bring Your Water to the Slaughter,lodestone;wiki,sourceWrong,rewards,20,0
69243, Not the Beavers,lodestone;wiki,sourceWrong,rewards,20,0
69244, The Once and Future Marchioness,lodestone;wiki,sourceWrong,rewards,20,0
69245, No Accounting for Taste,lodestone;wiki,sourceWrong,rewards,20,0
69246, What the Phooka,lodestone;wiki,sourceWrong,rewards,20,0
69247, No Grown-ups Allowed,lodestone;wiki,sourceWrong,rewards,20,0
69248, Pride-and-Seek,lodestone;wiki,sourceWrong,rewards,20,0
69249, A Porxie Before Swine,lodestone;wiki,sourceWrong,rewards,20,0
69250, Snot My Problem,lodestone;wiki,sourceWrong,rewards,20,0
69251, Aim High,lodestone;wiki,sourceWrong,rewards,20,0
69252, The Chaser,lodestone;wiki,sourceWrong,rewards,20,0
69253,A Scandal in Komra,lodestone;wiki,notModeled,prereqs,20,0
69254,On the Threshold,lodestone;wiki,sourceWrong,rewards,21,0
69255,An Academic Dispute,lodestone;wiki,notModeled,prereqs,20,0
69256,"Tails, You Lose",lodestone;wiki,notModeled,prereqs,20,0
69257,"Heads, I Win",lodestone;wiki,notModeled,prereqs,20,0
69258,All I Want for Starlight,lodestone;wiki,notModeled,expansion,20,0
69259,A Chocobo Carol,lodestone;wiki,notModeled,expansion,20,0
69260,A Star Shines On,lodestone;wiki,notModeled,expansion,20,0
69261,A Home in the Firmament,lodestone;wiki,notModeled,expansion,20,0
69262,Overseer for a Day,lodestone;wiki,notModeled,expansion,20,0
69263,Shadow of an Icy Past,lodestone;wiki,notModeled,expansion,20,0
69264,To Thaw a Frozen Heart,lodestone;wiki,notModeled,expansion,20,0
69265,"Oh, Beehive Yourself",lodestone;wiki,notModeled,prereqs,20,0
69266,Commercially Flyable,lodestone;wiki,notModeled,prereqs,20,0
69267,A Ship on His Shoulder,lodestone;wiki,notModeled,prereqs,20,0
69268,Into the Blue Again,lodestone;wiki,notModeled,expansion,20,0
69269,"Something Borrowed, Something Blue",lodestone;wiki,notModeled,expansion,20,0
69270,Bolt from the Blue,lodestone;wiki,notModeled,expansion,20,0
69271,Blue in the Face,lodestone;wiki,notModeled,expansion,20,0
69272,Blue Scream of Death,lodestone;wiki,notModeled,expansion,21,0
69273,Blue Cheese,lodestone;wiki,notModeled,expansion,21,0
69274,Steering Clear of Trouble,lodestone;wiki,notModeled,expansion,20,0
69286,One Final Journey,lodestone;wiki,notModeled,prereqs,20,0
69287,Bully for Mochi,lodestone;wiki,notModeled,expansion,20,0
69288,Of Ardor and Argument,lodestone;wiki,notModeled,expansion,20,0
69289,A Vote for Astrid,lodestone;wiki,notModeled,expansion,20,0
69290,A Vote for Bert,lodestone;wiki,notModeled,expansion,20,0
69291,A Vote for Rodrigault,lodestone;wiki,notModeled,expansion,20,0
69292,Astrid's Acumen,lodestone;wiki,notModeled,expansion,20,0
69293,Bert's Big Idea,lodestone;wiki,notModeled,expansion,20,0
69294,Rodrigault's Revelation,lodestone;wiki,notModeled,expansion,20,0
69295,Memories Rekindled,lodestone;wiki,notModeled,expansion,9,0
69296,The Mendicant's Court,lodestone;wiki,notListed,listed,2,0
69297,"Old Enemies, New Threats",lodestone;wiki,notModeled,prereqs,20,0
69298,The Way Home,lodestone;wiki,notModeled,prereqs,20,0
69299,Seeking Counsel,lodestone;wiki,notModeled,prereqs,20,0
69300,Facing the Truth,lodestone;wiki,notModeled,prereqs,20,0
69301,A Sleep Disturbed,lodestone;wiki,notModeled,prereqs,20,0
69302,An Old Friend,lodestone;wiki,notModeled,prereqs,20,0
69303,Deep Designs,lodestone;wiki,notModeled,prereqs,20,0
69304,A Whale's Tale,lodestone;wiki,notModeled,prereqs,20,0
69305,Beneath the Surface,garland;lodestone;wiki,notModeled,prereqs,22,0
69306,Echoes of a Fallen Star,lodestone;wiki,notModeled,prereqs,20,0
69307,In the Name of the Light,lodestone;wiki,notModeled,prereqs,20,0
69308,Heroic Dreams,lodestone;wiki,notModeled,prereqs,20,0
69309,Fraying Threads,lodestone;wiki,notModeled,prereqs,20,0
69310,Food for the Soul,lodestone;wiki,notModeled,prereqs,20,0
69311,Faded Memories,lodestone;wiki,notModeled,prereqs,20,0
69312,Etched in the Stars,lodestone;wiki,notModeled,prereqs,20,0
69313,The Converging Light,garland;lodestone;wiki,notModeled,prereqs,22,0
69314,Hope's Confluence,garland;lodestone;wiki,notModeled,prereqs,22,0
69315,Nothing Unsaid,lodestone;wiki,notModeled,prereqs,20,0
69316,The Journey Continues,lodestone;wiki,notModeled,prereqs,20,0
69317,Unto the Morrow,lodestone;wiki,notModeled,prereqs,20,0
69318,Reflections in Crystal,lodestone;wiki,notModeled,prereqs,20,0
69319,Ruby Doomsday,garland;lodestone;wiki,notModeled,prereqs,22,0
69320,Carnivals and Confrontations,lodestone;wiki,notModeled,prereqs,20,0
69321,One Way to Do It,lodestone;wiki,notModeled,prereqs,20,0
69323,Away with the Faerie,lodestone;wiki,notModeled,prereqs,20,0
69324,Blood and Thunder,garland;lodestone;wiki,notModeled,prereqs,22,0
69325,Into the Firestorm,garland;lodestone;wiki,notModeled,prereqs,22,0
69326,Heart of Darkness,garland;lodestone;wiki,notModeled,prereqs,22,0
69327,On Thin Ice,garland;lodestone;wiki,notModeled,prereqs,22,0
69328,Life Finds a Way,lodestone;wiki,notModeled,prereqs,20,0
69329,Worlds Apart,lodestone;wiki,notModeled,prereqs,20,0
69330, The Stewards of Note,lodestone;wiki,notModeled,prereqs,20,0
69331, Wisdom of the Night,lodestone;wiki,notModeled,prereqs,20,0
69332, Delving Deeper,lodestone;wiki,notModeled,prereqs,20,0
69333, A Chilling Fate,lodestone;wiki,notModeled,prereqs,20,0
69334, What Ails the Forest,lodestone;wiki,notModeled,prereqs,20,0
69335, Glory Be to the Scree,lodestone;wiki,notModeled,prereqs,20,0
69336, The First Stela: Of Ronkan Might,lodestone;wiki,notModeled,prereqs,20,0
69337, The First Stela: Of Ronkan Benevolence,lodestone;wiki,notModeled,prereqs,20,0
69338, The Second Stela: The Hunters and the Hunted,lodestone;wiki,notModeled,prereqs,20,0
69339, The Second Stela: Fast Friends,lodestone;wiki,notModeled,prereqs,20,0
69340, The Third Stela: A Famine for Fishmen,lodestone;wiki,notModeled,prereqs,20,0
69341, The Third Stela: A Feast for Fishmen,lodestone;wiki,notModeled,prereqs,20,0
69342, A Tool's Errand,lodestone;wiki,notModeled,prereqs,20,0
69343, Where the Sun Don't Shine,lodestone;wiki,notModeled,prereqs,20,0
69344, A Touch of Home,lodestone;wiki,notModeled,prereqs,20,0
69345, Mother's Recipe,lodestone;wiki,notModeled,prereqs,20,0
69346, Power to the Vegetables,lodestone;wiki,notModeled,prereqs,20,0
69347, Rational Thinking,lodestone;wiki,notModeled,prereqs,20,0
69348, Making Scents,lodestone;wiki,notModeled,prereqs,20,0
69349, Marks of Friendship,lodestone;wiki,notModeled,prereqs,20,0
69350, Prayers and Poison,lodestone;wiki,notModeled,prereqs,20,0
69351, Salve Our Souls,lodestone;wiki,notModeled,prereqs,20,0
69352, Rings of Pattern,lodestone;wiki,notModeled,prereqs,20,0
69353, You Dirty Rats,lodestone;wiki,notModeled,prereqs,20,0
69354," If It's Broke, Fix It",lodestone;wiki,notModeled,prereqs,20,0
69355, La-hee,lodestone;wiki,notModeled,prereqs,20,0
69356, The Qitari Book of Records,lodestone;wiki,notModeled,prereqs,20,0
69357, Meat and Greet,lodestone;wiki,notModeled,prereqs,20,0
69358, I Have Never Exploded,lodestone;wiki,notModeled,prereqs,20,0
69359, By the Power Invested in Scree,lodestone;wiki,notModeled,prereqs,20,0
69360, Rock 'n Ronka,lodestone;wiki,notModeled,prereqs,20,0
69361, There's No Clean Like Qhoterl Clean,lodestone;wiki,notModeled,prereqs,20,0
69362, Legends of the Ronkan Temple,lodestone;wiki,notModeled,prereqs,20,0
69363, Her Splendid Materials,lodestone;wiki,notModeled,prereqs,20,0
69364, Splendid Eats,lodestone;wiki,notModeled,prereqs,20,0
69365, Eggspotting,lodestone;wiki,notModeled,prereqs,20,0
69366, Safety Is No Accident,lodestone;wiki,notModeled,prereqs,20,0
69367," One Fish, Two Fish, Bread Fish, Stew Fish",lodestone;wiki,notModeled,prereqs,20,0
69368, Serpent's Will Be Done,lodestone;wiki,notModeled,prereqs,20,0
69369, Qhoterl's Chronicles,lodestone;wiki,notModeled,prereqs,20,0
69370,Hail to the Queen,lodestone;wiki,notModeled,prereqs,20,0
69371,Path to the Past,lodestone;wiki,notModeled,prereqs,20,0
69372,The Bozja Incident,lodestone;wiki,notModeled,prereqs,20,0
69373,If Songs Had Wings,lodestone;wiki,notModeled,expansion,20,0
69374,Adventurers and Admirers,lodestone;wiki,notModeled,expansion,20,0
69375,Shadow over the Orphanage,lodestone;wiki,notModeled,expansion,20,0
69376,"Small Hands, Big Hearts",lodestone;wiki,notModeled,expansion,20,0
69377,The New Nest,lodestone;wiki,notListed,listed,2,0
69378,Weapon of Choice,garland;lodestone;wiki,notModeled,dutyUnlock,11,0
69379,All the Fish in the Sea,lodestone;wiki,notModeled,expansion,21,0
69380, Fire in the Forge,lodestone;wiki,notModeled,prereqs,20,0
69381, Resistance Is (Not) Futile,lodestone;wiki,notModeled,prereqs,20,0
69382,The Eggth Umbral Calamity,lodestone;wiki,notModeled,expansion,20,0
69383,A Procession Eggstraordinaire,lodestone;wiki,notModeled,expansion,20,0
69384,Mislaid Plans,lodestone;wiki,notModeled,prereqs,20,0
69385,"Work It Harder, Make It Better",lodestone;wiki,notModeled,prereqs,20,0
69386,Pretty in Peaches,lodestone;wiki,notModeled,expansion,20,0
69387,A Guest to Impress,lodestone;wiki,notModeled,expansion,20,0
69388,Prudence at This Junction,lodestone;wiki,notModeled,prereqs,20,0
69389,"Heir Today, Gone Tomorrow",lodestone;wiki,notModeled,prereqs,20,0
69390,Eggs over Queasy,lodestone;wiki,notModeled,prereqs,20,0
69391,A Soldier's Breakfast,lodestone;wiki,notModeled,prereqs,20,0
69392,We Come in Peace,lodestone;wiki,notModeled,prereqs,20,0
69393,Dance Dance Diplomacy,lodestone;wiki,notModeled,prereqs,20,0
69394,Forest Friend,lodestone;wiki,notModeled,prereqs,20,0
69395,Druthers House Rules,lodestone;wiki,notModeled,prereqs,20,0
69396,Never Forget,lodestone;wiki,notModeled,prereqs,20,0
69397,Microbrewing,lodestone;wiki,notModeled,prereqs,20,0
69398,Nouveau Riche,lodestone;wiki,notModeled,prereqs,20,0
69399,Terror at Fallgourd,lodestone;wiki,notModeled,prereqs,20,0
69400,Ziz Is So Ridiculous,lodestone;wiki,notModeled,prereqs,20,0
69401,Trial by Turtle,lodestone;wiki,notModeled,prereqs,20,0
69402,What Do You Mean You Forgot the Wine,lodestone;wiki,notModeled,prereqs,20,0
69403,You Can't Take It with You,lodestone;wiki,notModeled,prereqs,20,0
69404,The Final Flight of the Enterprise,lodestone;wiki,notModeled,prereqs,20,0
69405,The Best Inventions,lodestone;wiki,notModeled,prereqs,20,0
69406,The Curious Case of Giggity,lodestone;wiki,notModeled,prereqs,20,0
69407,Dressed for Conquest,lodestone;wiki,notModeled,prereqs,20,0
69408,Hearts on Fire,lodestone;wiki,notModeled,prereqs,20,0
69409,Rock the Castrum,garland;lodestone;wiki,notModeled,dutyUnlock,22,0
69410,Moving On,lodestone;wiki,notModeled,prereqs,20,0
69411,All Things in Time,lodestone;wiki,notModeled,prereqs,20,0
69412,Laying the Foundation,lodestone;wiki,notModeled,prereqs,20,0
69413,It's Possibly a Primal,lodestone;wiki,notModeled,prereqs,20,0
69414,Build on the Stone,lodestone;wiki,notModeled,prereqs,20,0
69415,Still Waters,lodestone;wiki,notModeled,prereqs,20,0
69416,Promises to Keep,lodestone;wiki,notModeled,prereqs,20,0
69417,Yugiri's Game,lodestone;wiki,notModeled,prereqs,20,0
69418,All Due Respect,lodestone;wiki,notModeled,prereqs,20,0
69419,Shock and Awe,lodestone;wiki,notModeled,prereqs,20,0
69420,Reap the Whirlwind,lodestone;wiki,notModeled,prereqs,20,0
69421,Levin an Impression,garland;lodestone;wiki,notModeled,dutyUnlock,22,0
69422,Chasing Ivy,lodestone;wiki,notModeled,prereqs,20,0
69423,In Flagrante Delicto,lodestone;wiki,notModeled,prereqs,20,0
69424,Aether on Demand,lodestone;wiki,notModeled,prereqs,20,0
69425,"O Crafter, My Crafter",lodestone;wiki,notModeled,prereqs,20,0
69426,An Ode to Unity,lodestone;wiki,notModeled,prereqs,20,0
69427,On Ehll Tou's Wings,lodestone;wiki,notModeled,prereqs,20,0
69428,In Everyone's Best Interests,lodestone;wiki,notModeled,prereqs,20,0
69429, Ever Skyward,lodestone;wiki,notModeled,prereqs,20,0
69430, The Tools of Tomorrow,lodestone;wiki,notModeled,prereqs,20,0
69431,Sleep Now in Sapphire,lodestone;wiki,notModeled,prereqs,20,0
69432, It's Dwarfin' Time,lodestone;wiki,notModeled,prereqs,20,0
69433, A Piss-up in a Brewery,lodestone;wiki,notModeled,prereqs,20,0
69434, I Heard You Like Tanks,lodestone;wiki,notModeled,prereqs,20,0
69435, Tanking Is Hard,lodestone;wiki,notModeled,prereqs,20,0
69436, Chief Concerns,lodestone;wiki,notModeled,prereqs,20,0
69437, Tanks for the Memory,lodestone;wiki,notModeled,prereqs,20,0
69438, Lakeland Neighbors,lodestone;wiki,sourceWrong,rewards,20,0
69439," Clean Beard, Clear Mind",lodestone;wiki,sourceWrong,rewards,20,0
69440," Quality Parts, Guaranteed",lodestone;wiki,sourceWrong,rewards,20,0
69441, The New Batch,lodestone;wiki,notModeled,prereqs,20,0
69442, The Telltale Axles,lodestone;wiki,sourceWrong,rewards,20,0
69443, A Blueprint a Day,lodestone;wiki,sourceWrong,rewards,20,0
69444, Foundations of Steel,lodestone;wiki,sourceWrong,rewards,20,0
69445," How Do You Do, Fellow Dwarves",lodestone;wiki,notModeled,prereqs,20,0
69446, Wood for What Ales You,lodestone;wiki,sourceWrong,rewards,20,0
69447, The Heart of Tankiness,lodestone;wiki,sourceWrong,rewards,20,0
69448, Boom and Dust,lodestone;wiki,notModeled,prereqs,20,0
69449, One Hundred Tankards of Solitude,lodestone;wiki,sourceWrong,rewards,20,0
69450, Cooler Tanks Prevail,lodestone;wiki,sourceWrong,rewards,20,0
69451, What's in a Locket,lodestone;wiki,sourceWrong,rewards,20,0
69452, Wayward 'Tons,lodestone;wiki,notModeled,prereqs,20,0
69453, Taking the Heat,lodestone;wiki,sourceWrong,rewards,20,0
69454, Sealing the Deal,lodestone;wiki,sourceWrong,rewards,20,0
69455, Spreading the Word,lodestone;wiki,notModeled,prereqs,20,0
69456, Targets Required,lodestone;wiki,sourceWrong,rewards,20,0
69457, Unbreakable Plate,lodestone;wiki,sourceWrong,rewards,20,0
69458, Close to Clearmeltdown,lodestone;wiki,notModeled,prereqs,20,0
69459, Demolition Demo,lodestone;wiki,notModeled,prereqs,20,0
69460, A Crude Awakening,lodestone;wiki,sourceWrong,rewards,20,0
69461, Fast and Loud,lodestone;wiki,sourceWrong,rewards,20,0
69462, Not for Drinking,lodestone;wiki,notModeled,prereqs,20,0
69463, Remote Repairs,lodestone;wiki,sourceWrong,rewards,20,0
69464, Tip-top Gear,lodestone;wiki,sourceWrong,rewards,20,0
69465, Substitute Tester,lodestone;wiki,notModeled,prereqs,20,0
69477,Where Eagles Nest,lodestone;wiki,notModeled,prereqs,20,0
69478,Memoirs from the Front,lodestone;wiki,notListed,listed,2,0
69479,An Expected Engagement,lodestone;wiki,notModeled,prereqs,20,0
69480,Lost No Longer,lodestone;wiki,notModeled,prereqs,20,0
69481,On the Offensive,lodestone;wiki,notModeled,prereqs,20,0
69482,Time to Focus,lodestone;wiki,notModeled,prereqs,20,0
69483,Third Time's the Charm,lodestone;wiki,notModeled,prereqs,20,0
69484,Pressing Forward,lodestone;wiki,notModeled,prereqs,20,0
69485,Signature Acquired,lodestone;wiki,notModeled,prereqs,20,0
69486,Picking Up the Trail,lodestone;wiki,notModeled,prereqs,20,0
69487,The Lady of Blades,lodestone;wiki,notModeled,prereqs,20,0
69488,We Can Rebuild Her,lodestone;wiki,notModeled,prereqs,20,0
69489,Everything You Know Is Wrong,lodestone;wiki,notModeled,prereqs,21,0
69490,Crime and Punishment,lodestone;wiki,notModeled,prereqs,20,0
69491,The Making of a Market,lodestone;wiki,notModeled,expansion,20,0
69492,Dealings in the Desert,lodestone;wiki,notModeled,expansion,20,0
69493,A Parley with Pirates,lodestone;wiki,notModeled,expansion,20,0
69494,May Featherfall Flourish,lodestone;wiki,notModeled,expansion,20,0
69495,A Fashionable Friendship,lodestone;wiki,notModeled,expansion,20,0
69496,The Brume Lifts,lodestone;wiki,notModeled,expansion,20,0
69497,A Gathering of Gaelicats,lodestone;wiki,notModeled,expansion,20,0
69498,Calling All Adventurers,lodestone;wiki,notModeled,expansion,20,0
69499,Caught Shorthanded,lodestone;wiki,notModeled,expansion,20,0
69500,A Guide to Fun,lodestone;wiki,notModeled,expansion,20,0
69501,Fantastic Mr. Faux,garland;lodestone;wiki,notModeled,dutyUnlock,22,0
69502,A Fish Too Far,lodestone;wiki,notModeled,expansion,20,0
69503,Flame On,lodestone;wiki,notModeled,expansion,20,0
69505,A Sober Proposal,lodestone;wiki,notModeled,prereqs,20,0
69506, For Want of a Memory,lodestone;wiki,notModeled,prereqs,20,0
69507, The Will to Resist,lodestone;wiki,notModeled,prereqs,20,0
69508,Featherfall,lodestone;wiki,notListed,listed,2,0
69509,Art of Glass,lodestone;wiki,notModeled,expansion,20,0
69510,Glass from the Past,lodestone;wiki,notModeled,expansion,20,0
69511,Empty Promise,lodestone;wiki,notModeled,prereqs,20,0
69512,Fear of the Dark,garland;lodestone;wiki,notModeled,prereqs,22,0
69513,Shadows of the Past,garland;lodestone;wiki,notModeled,prereqs,22,0
69514,Voice of the Soul,garland;lodestone;wiki,notModeled,prereqs,22,0
69515,Where I Belong,lodestone;wiki,notModeled,prereqs,20,0
69516,Blood of Emerald,garland;lodestone;wiki,notModeled,prereqs,22,0
69517,In Memory,lodestone;wiki,notModeled,prereqs,20,0
69518,Oddness in the End,lodestone;wiki,notModeled,prereqs,20,0
69519, The Pinnacle of Possibility,lodestone;wiki,notModeled,prereqs,20,0
69520, Greater Heights,lodestone;wiki,notModeled,prereqs,20,0
69521,Safekeeping,lodestone;wiki,notModeled,prereqs,20,0
69522,The Hero's Journey,lodestone;wiki,notModeled,prereqs,20,0
69523,One Step Closer,lodestone;wiki,notModeled,prereqs,20,0
69524,A Bounty of Hunters,lodestone;wiki,notModeled,prereqs,20,0
69525,Second-rate Entertainment,lodestone;wiki,notModeled,expansion,20,0
69526,Everybody Was Fukumen Fighting,lodestone;wiki,notModeled,expansion,20,0
69527,Azuro and Goliath,lodestone;wiki,notModeled,expansion,20,0
69528,Where the Gold Goes,lodestone;wiki,notModeled,expansion,20,0
69529,Master of Mimicry,lodestone;wiki,notModeled,expansion,21,0
69530,A Future in Blue,lodestone;wiki,notModeled,expansion,21,0
69531,All Clowns' Wake,lodestone;wiki,notModeled,expansion,21,0
69532,A Delivery of Love,lodestone;wiki,notModeled,expansion,20,0
69533,Little Lady Adventurer,lodestone;wiki,notModeled,expansion,20,0
69534,To Make Amends,lodestone;wiki,notModeled,prereqs,20,0
69535,Not by Bread Alone,lodestone;wiki,notModeled,expansion,20,0
69536,Francel's Fervent Wish,lodestone;wiki,notModeled,expansion,20,0
69537,An Unexpected Symphony,lodestone;wiki,notModeled,expansion,20,0
69538,Smiles Cross the Sky,lodestone;wiki,notModeled,expansion,20,0
69539,"Warm Hands, Warm Hearts",lodestone;wiki,notModeled,expansion,20,0
69540,"Of Steam, Sweat, and Water",lodestone;wiki,notModeled,expansion,20,0
69541,Swords to Plowshares,lodestone;wiki,notModeled,expansion,20,0
69542,Planting the Seed,lodestone;wiki,notModeled,expansion,20,0
69543,Alisaie's Quest,lodestone;wiki,notModeled,prereqs,20,0
69544,The Wisdom of Allag,lodestone;wiki,sourceWrong,rewards,20,0
69545,Reviving the Legacy,lodestone;wiki,notModeled,prereqs,20,0
69546,Forget Us Not,lodestone;wiki,sourceWrong,rewards,20,0
69547,"Like Master, Like Pupil",garland;lodestone;wiki,notModeled,prereqs,22,0
69548,The Admiral's Resolve,lodestone;wiki,sourceWrong,rewards,20,0
69549,The Search for Sicard,lodestone;wiki,notModeled,prereqs,20,0
69550,On Rough Seas,lodestone;wiki,notModeled,prereqs,20,0
69551,The Great Ship Vylbrand,lodestone;wiki,notModeled,prereqs,20,0
69552,Futures Rewritten,lodestone;wiki,notModeled,prereqs,20,0
69553,A Festive Fiasco,lodestone;wiki,notModeled,expansion,20,0
69554,Starlight Slapdashery,lodestone;wiki,notModeled,expansion,20,0
69555,The True Spirit of Starlight,lodestone;wiki,notModeled,expansion,20,0
69556,One Happy Family,lodestone;wiki,notModeled,expansion,20,0
69557,Wish Upon a Starlight,lodestone;wiki,notModeled,expansion,20,0
69558,Starlit Smiles,lodestone;wiki,notModeled,expansion,20,0
69559,Tangle with a Tora,lodestone;wiki,notModeled,expansion,20,0
69560,Let Them Eat Cake,lodestone;wiki,notModeled,expansion,20,0
69561,A Sign of What's to Come,lodestone;wiki,notModeled,prereqs,20,0
69562,Fit for a Queen,lodestone;wiki,sourceWrong,rewards,20,0
69563,A Seaside Story,garland;lodestone;wiki,notModeled,dutyUnlock,11,0
69564,One Man's Relic,lodestone;wiki,notModeled,prereqs,20,0
69565,Let Me Holster That for You,lodestone;wiki,notModeled,prereqs,20,0
69566,Open and Inviting,lodestone;wiki,notListed,listed,2,0
69567,Duty in the Sky with Diamond,garland;lodestone;wiki,notModeled,prereqs,22,0
69568,Forever at Your Side,lodestone;wiki,notModeled,prereqs,20,0
69569,To Be Second Best,lodestone;wiki,notModeled,prereqs,20,0
69570,"Konogg, Alone",lodestone;wiki,notModeled,prereqs,20,0
69571,Brave New World,lodestone;wiki,notModeled,prereqs,21,0
69572,It Takes a Village,lodestone;wiki,notModeled,prereqs,20,0
69573,In the Queen's Image,lodestone;wiki,notModeled,prereqs,20,0
69574, Change of Arms,lodestone;wiki,notModeled,prereqs,20,0
69575,The Resistance Remembers,lodestone;wiki,notModeled,prereqs,20,0
69576, A New Path of Resistance,lodestone;wiki,notModeled,prereqs,20,0
69577,Forged Anew,lodestone;wiki,notListed,listed,2,0
69578,The Risensong Quarter,lodestone;wiki,notListed,listed,2,0
69579,Komra Wasn't Built in a Day,lodestone;wiki,notModeled,prereqs,20,0
69580,A Message from Konogg,lodestone;wiki,notListed,listed,2,0
69581,Dwarves of a Beard,lodestone;wiki,notListed,listed,2,0
69582,Strange Glagg,lodestone;wiki,notListed,listed,2,0
69583,Dwarves of a Beard Freshened,lodestone;wiki,notListed,listed,2,0
69584,Stranger Glagg,lodestone;wiki,notListed,listed,2,0
69585,All's Well That Ends with Ale,lodestone;wiki,notListed,listed,2,0
69586,All That Grinds Is Not Gloom,lodestone;wiki,notModeled,prereqs,20,0
69587,The Merchant of Komra,lodestone;wiki,sourceWrong,prereqs,20,0
69588,How to Catch an Automaton,lodestone;wiki,sourceWrong,prereqs,20,0
69589,Whence the Heart Leads,lodestone;wiki,notModeled,prereqs,20,0
69590,The Great Horn Heist,lodestone;wiki,notModeled,expansion,20,0
69591,A Token of Thanks,lodestone;wiki,notModeled,expansion,20,0
69592,The Great Horn Heist Redux,lodestone;wiki,notModeled,expansion,20,0
69593,The Dragon Made,lodestone;wiki,notModeled,prereqs,20,0
69594,Unto the Breach,lodestone;wiki,notModeled,prereqs,20,0
69595,Here Be Dragons,lodestone;wiki,sourceWrong,rewards,20,0
69596,Righteous Indignation,lodestone;wiki,notModeled,prereqs,20,0
69597,For Vengeance,lodestone;wiki,sourceWrong,rewards,20,0
69598,The Flames of War,garland;lodestone;wiki,notModeled,prereqs,22,0
69599,When the Dust Settles,lodestone;wiki,notModeled,prereqs,20,0
69600,The Company We Keep,lodestone;wiki,notModeled,prereqs,20,0
69601,On Official Business,lodestone;wiki,sourceWrong,rewards,20,0
69602,Death Unto Dawn,lodestone;wiki,notModeled,prereqs,20,0
69603,Sage's Path,lodestone;wiki,sourceWrong,duties,21,0
69604,Sage's Focus,lodestone;wiki,notModeled,prereqs,20,0
69605,Sands of Despair,lodestone;wiki,notModeled,prereqs,20,0
69606,A Poisoned Gift,lodestone;wiki,notModeled,prereqs,20,0
69607,Pledge of Hope,lodestone;wiki,notModeled,prereqs,20,0
69608,"Life Ephemeral, Path Eternal",lodestone;wiki,notModeled,prereqs,20,0
69609,The Killer Instinct,lodestone;wiki,sourceWrong,duties,21,0
69610,The Harvest Begins,lodestone;wiki,notModeled,prereqs,20,0
69611,On the Hunt,lodestone;wiki,notModeled,prereqs,20,0
69612,Dark Days,lodestone;wiki,notModeled,prereqs,20,0
69613,Thicker than Blood,lodestone;wiki,notModeled,prereqs,20,0
69614,The Killing Art,lodestone;wiki,notModeled,prereqs,20,0
69615,You Can Count on It,lodestone;wiki,notModeled,prereqs,20,0
69616,Those Who Serve,lodestone;wiki,notModeled,prereqs,20,0
69617,The Adventurer with All the Cards,lodestone;wiki,notModeled,expansion,20,0
69618,Unseasonable Chills,lodestone;wiki,notModeled,expansion,20,0
69619,A Treat to Beat the Heat,lodestone;wiki,notModeled,expansion,20,0
69620,A New Playing Field,garland;lodestone;wiki,notModeled,dutyUnlock,22,0
69621,Resolve Unshaken,lodestone;wiki,notModeled,prereqs,20,0
69622,Reaching Out,lodestone;wiki,notModeled,prereqs,20,0
69623,Renewed Focus,lodestone;wiki,notModeled,prereqs,20,0
69624,March of the Bloody Queen,lodestone;wiki,notModeled,prereqs,20,0
69625,Fowl Demands,lodestone;wiki,notModeled,expansion,20,0
69626,A Poultry Sum,lodestone;wiki,notModeled,expansion,20,0
69627,Rising Calm,lodestone;wiki,notModeled,expansion,20,0
69628,Where Eagles Roost,lodestone;wiki,notModeled,prereqs,20,0
69629,In Their Shadow,lodestone;wiki,notModeled,prereqs,20,0
69630,An Honor to Serve,lodestone;wiki,notListed,listed,2,0
69631,A Ruined Opportunity,lodestone;wiki,notModeled,prereqs,20,0
69632,What Dreams Are Made Of,lodestone;wiki,notModeled,prereqs,20,0
69633,Spare Parts,lodestone;wiki,notModeled,prereqs,20,0
69634,Tell Me a Story,lodestone;wiki,notModeled,prereqs,20,0
69635,A Fond Memory,lodestone;wiki,notModeled,prereqs,20,0
69636,A Done Deal,lodestone;wiki,notModeled,prereqs,20,0
69637, Irresistible,lodestone;wiki,notModeled,prereqs,20,0
69638,Shrouded in Peril,lodestone;wiki,notModeled,prereqs,20,0
69639,To Give Voice,lodestone;wiki,notModeled,prereqs,20,0
69640,A Gift Undone,lodestone;wiki,notModeled,prereqs,20,0
69641,A Pact Proven,lodestone;wiki,notModeled,prereqs,20,0
69642,Hearts True,lodestone;wiki,notModeled,prereqs,20,0
69643,A Path Unveiled,lodestone;wiki,notModeled,prereqs,20,0
69644,Far from Free,lodestone;wiki,notModeled,prereqs,20,0
69645,The Butcher's Blade,lodestone;wiki,notModeled,prereqs,20,0
69646,A New Battleground,lodestone;wiki,notModeled,prereqs,20,0
69647,Laying the Past to Rest,lodestone;wiki,notModeled,prereqs,20,0
69648,Trail of Skulls,lodestone;wiki,notModeled,prereqs,20,0
69649,The Gift of Mercy,lodestone;wiki,notModeled,prereqs,20,0
69650,Storm Clouds Brewing,lodestone;wiki,notModeled,prereqs,20,0
69651,The Crushing Tide,lodestone;wiki,notModeled,prereqs,20,0
69652,Old Heroes Never Die,lodestone;wiki,notModeled,prereqs,20,0
69653,A Mother's Suffering,lodestone;wiki,notModeled,prereqs,20,0
69654,Out of the Shadows,lodestone;wiki,notModeled,prereqs,20,0
69655,To Calmer Seas,lodestone;wiki,notModeled,prereqs,20,0
69656,Seeds of Disquiet,lodestone;wiki,notModeled,prereqs,20,0
69657,When the Kami Answer,lodestone;wiki,notModeled,prereqs,20,0
69658,Home No Longer,lodestone;wiki,notModeled,prereqs,20,0
69659,The Devoted Daughter,lodestone;wiki,notModeled,prereqs,20,0
69660,A Singular Gift,lodestone;wiki,notModeled,prereqs,20,0
69661,Laid to Rest,lodestone;wiki,notModeled,prereqs,20,0
69662,Our Aching Souls,lodestone;wiki,notModeled,prereqs,20,0
69663,"No Forgiveness, No Deliverance",lodestone;wiki,notModeled,prereqs,20,0
69664,"Only Justice, Only Vengeance",lodestone;wiki,notModeled,prereqs,20,0
69665,"Wills Unending, Faith Unbending",lodestone;wiki,notModeled,prereqs,20,0
69666,"O Mighty Fury, Guide Us to Victory",lodestone;wiki,notModeled,prereqs,20,0
69667,Ever March Heavensward,lodestone;wiki,notModeled,prereqs,20,0
69668,Professor Rurusha's New Friend,lodestone;wiki,notModeled,prereqs,20,0
69669,The Dormant Dhyata,lodestone;wiki,notModeled,prereqs,20,0
69670,Gears of Gold,lodestone;wiki,notModeled,prereqs,20,0
69671,Rubbished Research,lodestone;wiki,notModeled,prereqs,20,0
69672,Boric's Choice,lodestone;wiki,notModeled,prereqs,20,0
69673,A Friend in Need,lodestone;wiki,notModeled,prereqs,20,0
69674,Wayback Machine,lodestone;wiki,notModeled,prereqs,20,0
69675,In Search of the Azure Star,lodestone;wiki,notModeled,prereqs,20,0
69676,The World without You,lodestone;wiki,notModeled,prereqs,20,0
69677,Poetry Recital,lodestone;wiki,notModeled,prereqs,20,0
69678,One Step Forward,lodestone;wiki,notModeled,prereqs,20,0
69679,A Ten-year Promise,lodestone;wiki,notModeled,prereqs,20,0
69680,An Astronomical Growth,lodestone;wiki,notModeled,prereqs,20,0
69681,The Promised Star,lodestone;wiki,notModeled,prereqs,20,0
69682,Perfectly Awful,lodestone;wiki,notModeled,prereqs,20,0
69683,Make It Sweeter,lodestone;wiki,notModeled,prereqs,20,0
69684,Remember the Texture,lodestone;wiki,notModeled,prereqs,20,0
69685,Aroma Is Key,lodestone;wiki,notModeled,prereqs,20,0
69686,Long Live the Gourmet,lodestone;wiki,notModeled,prereqs,20,0
69687,Perfectly Delectable,lodestone;wiki,notModeled,prereqs,20,0
69688,Sharlayan Cuisine,lodestone;wiki,notModeled,prereqs,20,0
69689,Cultured Pursuits,lodestone;wiki,notModeled,prereqs,20,0
69690,Cooking Up a Culture,lodestone;wiki,notModeled,prereqs,20,0
69691,The Culture of Ceruleum,lodestone;wiki,notModeled,prereqs,20,0
69692,The Culture of Carrots,lodestone;wiki,notModeled,prereqs,20,0
69693,Hinageshi in Hingashi,lodestone;wiki,notModeled,prereqs,20,0
69694,The Culture of the Past,lodestone;wiki,notModeled,prereqs,20,0
69695,The Culture of Love,lodestone;wiki,notModeled,prereqs,20,0
69696,Fear the Thesis,lodestone;wiki,notModeled,prereqs,20,0
69697,Go with the Flow,lodestone;wiki,notModeled,prereqs,20,0
69698,Data across the Decades,lodestone;wiki,notModeled,prereqs,20,0
69699,History Lesson,lodestone;wiki,notModeled,prereqs,20,0
69700,The Wandering Whale,lodestone;wiki,notModeled,prereqs,20,0
69701,Fish Time Forgot,lodestone;wiki,notModeled,prereqs,20,0
69702,Pastures New,lodestone;wiki,notModeled,prereqs,20,0
69703,Cutting the Cheese,garland;lodestone;wiki,notModeled,prereqs,22,0
69704,Where No Loporrit Has Gone Before,garland;lodestone;wiki,notModeled,prereqs,22,0
69706,Leves of Old Sharlayan,lodestone;wiki,notModeled,listed,9,0
69707,I Wandered Sharlayan as a Minstrel,garland;lodestone;wiki,notModeled,displayLevel,11,0
69708,Ascending to Empyreum,lodestone;wiki,notModeled,expansion,20,0
69709,A Place to Train,lodestone;wiki,notModeled,prereqs,20,0
69710,Sights of the End,lodestone;wiki,notModeled,listed,9,0
69711,Expanding House of Splendors,lodestone;wiki,notModeled,listed,9,0
69712,The Hunt for Specimens,lodestone;wiki,notModeled,prereqs,20,0
69713,That Specimen Came from the Moon,lodestone;wiki,notModeled,prereqs,20,0
69714,A Hunt for the Ages,lodestone;wiki,notModeled,prereqs,20,0
69715,Perfect Specimens,lodestone;wiki,notModeled,prereqs,20,0
69716, A Waiting Love,lodestone;wiki,notModeled,prereqs,20,0
69717, Scholarly Perspective,lodestone;wiki,notModeled,prereqs,20,0
69718, A Literary Delivery,lodestone;wiki,notModeled,prereqs,20,0
69719, Doll Dash,lodestone;wiki,notModeled,prereqs,20,0
69720," It's Not the Heat, It's the Humidity",lodestone;wiki,notModeled,prereqs,20,0
69721, No Laughing Matter,lodestone;wiki,notModeled,prereqs,20,0
69722, Building Good Habitats,lodestone;wiki,notModeled,prereqs,20,0
69723, An Ore-ful Lot,lodestone;wiki,notModeled,prereqs,20,0
69724, Raised on the Fallen,lodestone;wiki,notModeled,prereqs,20,0
69725, Pot Luck,lodestone;wiki,notModeled,prereqs,20,0
69726, Uncommon Scents,lodestone;wiki,notModeled,prereqs,20,0
69727, A Hard Task to Digest,lodestone;wiki,notModeled,prereqs,20,0
69728, Learning to Sow,lodestone;wiki,notModeled,prereqs,20,0
69729, A Ripe Trade,lodestone;wiki,notModeled,prereqs,20,0
69730, It's Not Mud,lodestone;wiki,notModeled,prereqs,20,0
69731, Not Mushroom for Error,lodestone;wiki,notModeled,prereqs,20,0
69732, Fruit Savior,lodestone;wiki,notModeled,prereqs,20,0
69733, Shelling Out,lodestone;wiki,notModeled,prereqs,20,0
69734, Tikka Hike,lodestone;wiki,notModeled,prereqs,20,0
69735, The Great Heist,lodestone;wiki,notModeled,prereqs,20,0
69736, Wish Upon a Crystal,lodestone;wiki,notModeled,prereqs,20,0
69737," High Importance, Low Urgency",lodestone;wiki,notModeled,prereqs,20,0
69738," Paint, Perfume, and Pecs",lodestone;wiki,notModeled,prereqs,20,0
69739, Alchemist or Dancer,lodestone;wiki,notModeled,prereqs,20,0
69740, A Nose for Trouble,lodestone;wiki,notModeled,prereqs,20,0
69741, Missing Alchemist,lodestone;wiki,notModeled,prereqs,20,0
69742, Hamsa Retrieval,lodestone;wiki,notModeled,prereqs,20,0
69743, High Hopes for the Hatchery,lodestone;wiki,notModeled,prereqs,20,0
69744, Cutting Edge Solutions,lodestone;wiki,notModeled,prereqs,20,0
69745, Rushing up That Hill,lodestone;wiki,notModeled,prereqs,20,0
69746, A Volatile Education,lodestone;wiki,notModeled,prereqs,20,0
69747, The Light of Progress,lodestone;wiki,notModeled,prereqs,20,0
69748, My Fair Mammet,lodestone;wiki,notModeled,prereqs,20,0
69749, The Creature from the Wooden Crate,lodestone;wiki,notModeled,prereqs,20,0
69750, Fast Fashion,lodestone;wiki,notModeled,prereqs,20,0
69751, Booking Books,lodestone;wiki,notModeled,prereqs,20,0
69752, Best Delivered Cold,lodestone;wiki,notModeled,prereqs,20,0
69753, Armored Up,lodestone;wiki,notModeled,prereqs,20,0
69754, A Dream of Home,lodestone;wiki,notModeled,prereqs,20,0
69755, Your Inventory Is Not Full,lodestone;wiki,notModeled,prereqs,20,0
69756, Help Me to Help You,lodestone;wiki,notModeled,prereqs,20,0
69757, Heroes All,lodestone;wiki,notModeled,prereqs,20,0
69758, Scouting for Scouts,lodestone;wiki,notModeled,prereqs,20,0
69759, Bear Baiting,lodestone;wiki,notModeled,prereqs,20,0
69760, Under Lock and Code,lodestone;wiki,notModeled,prereqs,20,0
69761, And Then a Hero Comes Along,lodestone;wiki,notModeled,prereqs,20,0
69762, With Folded Hands,lodestone;wiki,notModeled,prereqs,20,0
69763, A Light That Never Goes Out,lodestone;wiki,notModeled,prereqs,20,0
69764, P.S. I Love You,lodestone;wiki,notModeled,prereqs,20,0
69765," Brick by Brick, Tank by Tank",lodestone;wiki,notModeled,prereqs,20,0
69766," Rest, Thy Warfare O'er",lodestone;wiki,notModeled,prereqs,20,0
69767, Some Like It Hot,lodestone;wiki,notModeled,prereqs,20,0
69768, Children Are Our Future,lodestone;wiki,notModeled,prereqs,20,0
69769," Mama, She Is in Rubble Deep",lodestone;wiki,notModeled,prereqs,20,0
69770, Put Your Plasma Where Your Mouth Is,lodestone;wiki,notModeled,prereqs,20,0
69771, The Hero Never Bombs,lodestone;wiki,notModeled,prereqs,20,0
69772, Beasts of the Imperial Wild,lodestone;wiki,notModeled,prereqs,20,0
69773, Ordnance Cleanup Committee,lodestone;wiki,notModeled,prereqs,20,0
69774, A Place of Greater Safety,lodestone;wiki,notModeled,prereqs,20,0
69775, In the Skies above Garlemald,lodestone;wiki,notModeled,prereqs,20,0
69776, True Carrot Crimes,lodestone;wiki,notModeled,prereqs,20,0
69777, Carrots: It's What's for Dinner,lodestone;wiki,notModeled,prereqs,20,0
69778, A Strange New Moon,lodestone;wiki,notModeled,prereqs,20,0
69779, Getting to Know You,lodestone;wiki,notModeled,prereqs,20,0
69780, Over the Rainbow Crystal,lodestone;wiki,notModeled,prereqs,20,0
69781, All Fun and Games,lodestone;wiki,notModeled,prereqs,20,0
69782, Clothes Maketh the Man,lodestone;wiki,notModeled,prereqs,20,0
69783, A Test of Mettle,lodestone;wiki,notModeled,prereqs,20,0
69784, Unfortunate Fortune-telling,lodestone;wiki,notModeled,prereqs,20,0
69785, Dangerous Work,lodestone;wiki,notModeled,prereqs,20,0
69786, Material Woes,lodestone;wiki,notModeled,prereqs,20,0
69787, For a Greater Garden,lodestone;wiki,notModeled,prereqs,20,0
69788, Lone Loporrit,lodestone;wiki,notModeled,prereqs,20,0
69789, Alluring Allag,lodestone;wiki,notModeled,prereqs,20,0
69790, Overexcited Admirer,lodestone;wiki,notModeled,prereqs,20,0
69791, Troubled Waters,lodestone;wiki,notModeled,prereqs,20,0
69792, The Guardian's Shield,lodestone;wiki,notModeled,prereqs,20,0
69793, In Agama's Footsteps,lodestone;wiki,sourceWrong,name,20,0
69794, Quick Heels,lodestone;wiki,notModeled,prereqs,20,0
69795, Radiant Patrol,lodestone;wiki,notModeled,prereqs,20,0
69796, Treasure Hunters,lodestone;wiki,notModeled,prereqs,20,0
69797, Curry for the Watch,lodestone;wiki,notModeled,prereqs,20,0
69798, My Friend the Yeti,lodestone;wiki,notModeled,prereqs,20,0
69799, Flowers for the Family,lodestone;wiki,notModeled,prereqs,20,0
69800, My Father My Fisher,lodestone;wiki,notModeled,prereqs,20,0
69801, A Pisaca's Purpose,lodestone;wiki,notModeled,prereqs,20,0
69802, Tea Foretell,lodestone;wiki,notModeled,prereqs,20,0
69803, Dreams of Venom,lodestone;wiki,notModeled,prereqs,20,0
69804, An Unexpected Guide,lodestone;wiki,notModeled,prereqs,20,0
69805, A Bond Eternal,lodestone;wiki,notModeled,prereqs,20,0
69806, A Gift of Flowers,lodestone;wiki,notModeled,prereqs,20,0
69807, Tidings from Afar,lodestone;wiki,notModeled,prereqs,20,0
69808, The Pangs of Hunger,lodestone;wiki,notModeled,prereqs,20,0
69809, Silks for a Babe,lodestone;wiki,notModeled,prereqs,20,0
69810, Hungry Hungry Hamsa,lodestone;wiki,notModeled,prereqs,20,0
69811, Operation Ring Retrieval,lodestone;wiki,notModeled,prereqs,20,0
69812, The Ore the Merrier,lodestone;wiki,notModeled,prereqs,20,0
69813, A Colorful Concept,lodestone;wiki,notModeled,prereqs,20,0
69814, Digestive Problems,lodestone;wiki,notModeled,prereqs,20,0
69815, Nothing to Sneeze At,lodestone;wiki,notModeled,prereqs,20,0
69816, Sweet Temptations,lodestone;wiki,notModeled,prereqs,20,0
69817, Breaking the Eyes,lodestone;wiki,notModeled,prereqs,20,0
69818, Kick Some Asp,lodestone;wiki,notModeled,prereqs,20,0
69819, Clutch Devastation,lodestone;wiki,notModeled,prereqs,20,0
69820, Second Guest,lodestone;wiki,notModeled,prereqs,20,0
69821, Labors of My Fruit,lodestone;wiki,notModeled,prereqs,20,0
69822, I Order You to Relax,lodestone;wiki,notModeled,prereqs,20,0
69823, We'll Meet Again,lodestone;wiki,notModeled,prereqs,20,0
69824, You and the Ailouros,lodestone;wiki,notModeled,prereqs,20,0
69825," Sing, O Mews",lodestone;wiki,notModeled,prereqs,20,0
69826, Beg Pardon?,lodestone;wiki,notModeled,prereqs,20,0
69827, Unresolved Mysteries,lodestone;wiki,notModeled,prereqs,20,0
69828, Every Rose,lodestone;wiki,notModeled,prereqs,20,0
69829, Wonder-full,lodestone;wiki,notModeled,prereqs,20,0
69830, Background Research,lodestone;wiki,notModeled,prereqs,20,0
69831, Coming to Gryps,lodestone;wiki,notModeled,prereqs,20,0
69832, Small Size Advantage,lodestone;wiki,notModeled,prereqs,20,0
69833, Take to the Skies,lodestone;wiki,notModeled,prereqs,20,0
69834, Naughty Little Ones,lodestone;wiki,notModeled,prereqs,20,0
69835, Floating Like Clouds,lodestone;wiki,notModeled,prereqs,20,0
69836, Familiar vs. Familiar,lodestone;wiki,notModeled,prereqs,20,0
69837, What's in a Name?,lodestone;wiki,notModeled,prereqs,20,0
69838, Siren Flower,lodestone;wiki,notModeled,prereqs,20,0
69839, Searching for Eidos,lodestone;wiki,notModeled,prereqs,20,0
69840, To Name a Tale,lodestone;wiki,notModeled,prereqs,20,0
69841, Meaningful Measurements,lodestone;wiki,notModeled,prereqs,20,0
69842, Specializing in Sharks,lodestone;wiki,notModeled,prereqs,20,0
69843, Woken by the Familiar,lodestone;wiki,notModeled,prereqs,20,0
69844, The Abyss Stares Back,lodestone;wiki,notModeled,prereqs,20,0
69845, Rolling Bryons Gather No Moss,lodestone;wiki,notModeled,prereqs,20,0
69846, Very Familiar Carrots,lodestone;wiki,notModeled,prereqs,20,0
69847, Flight of the Charybdis,lodestone;wiki,notModeled,prereqs,20,0
69848, A Most Succulent Name,lodestone;wiki,notModeled,prereqs,20,0
69849," The Perks of Being a Lost Flower ",lodestone;wiki,notModeled,prereqs,20,0
69850, Taking the Minutes: Ktisis Hyperboreia,lodestone;wiki,notModeled,prereqs,20,0
69851, Terror on Two Legs,lodestone;wiki,notModeled,prereqs,20,0
69852, For the Love of Pudding,lodestone;wiki,notModeled,prereqs,20,0
69853, Secret in the Box,lodestone;wiki,notModeled,prereqs,20,0
69854, Leveilleur Philanthropy,lodestone;wiki,notModeled,prereqs,20,0
69855, Sandwiches and Pretzels,lodestone;wiki,notModeled,prereqs,20,0
69856, Gleaner's Wish,lodestone;wiki,notModeled,prereqs,20,0
69857, A Job for a Loporrit,lodestone;wiki,notModeled,prereqs,20,0
69858, Gift for a Fan,lodestone;wiki,notModeled,prereqs,20,0
69859, Wayward Carbuncle,lodestone;wiki,notModeled,prereqs,20,0
69860, Don't Philter Yourself,lodestone;wiki,notModeled,prereqs,20,0
69861," Take a Look, It's in a Book",lodestone;wiki,notModeled,prereqs,20,0
69862, Seeing Red,lodestone;wiki,notModeled,prereqs,20,0
69863, To Care Enough to Send the Very Best,lodestone;wiki,notModeled,prereqs,20,0
69864, Herbicidal Tendencies,lodestone;wiki,notModeled,prereqs,20,0
69865, Let the Good Times Troll,lodestone;wiki,notModeled,prereqs,20,0
69866, Apple-y Ever After,lodestone;wiki,notModeled,prereqs,20,0
69867, The Dry Eyes Have It,lodestone;wiki,notModeled,prereqs,20,0
69868, Dolling out Punishment,lodestone;wiki,notModeled,prereqs,20,0
69869, The Case of the Missing Gleaner,lodestone;wiki,notModeled,prereqs,20,0
69870, Cooler than Being Cool,lodestone;wiki,notModeled,prereqs,20,0
69871, For the Record,lodestone;wiki,notModeled,prereqs,20,0
69872, Harbinger of Breath,lodestone;wiki,notModeled,prereqs,20,0
69873, Futures Lost,lodestone;wiki,notModeled,prereqs,20,0
69874, That Once Rang Clear,lodestone;wiki,notModeled,prereqs,20,0
69875, The Sound of Fear,lodestone;wiki,notModeled,prereqs,20,0
69876, Stars Like Gems,lodestone;wiki,notModeled,prereqs,20,0
69877, Aimless Protector,lodestone;wiki,notModeled,prereqs,20,0
69878, Ending as One,lodestone;wiki,notModeled,prereqs,20,0
69879," Final Words, Final Thoughts",lodestone;wiki,notModeled,prereqs,20,0
69880, Come Back to Us,lodestone;wiki,notModeled,prereqs,20,0
69881, Eat Like an Ea,lodestone;wiki,notModeled,prereqs,20,0
69882, A Most Stimulating Discussion,lodestone;wiki,notModeled,prereqs,20,0
69883, The Body Beautiful,lodestone;wiki,notModeled,prereqs,20,0
69884, Left Alive,lodestone;wiki,notModeled,prereqs,20,0
69885, Loud and Proud,lodestone;wiki,notModeled,prereqs,20,0
69886, A Parent's Love,lodestone;wiki,notModeled,prereqs,20,0
69887, Remember Me,lodestone;wiki,notModeled,prereqs,20,0
69888, Bodily Curiosity,lodestone;wiki,notModeled,prereqs,20,0
69889, A Life of Regret,lodestone;wiki,notModeled,prereqs,20,0
69890, Combat Evolved,lodestone;wiki,notModeled,prereqs,20,0
69891, Learn to Love,lodestone;wiki,notModeled,prereqs,20,0
69892, Work Woes,lodestone;wiki,notModeled,prereqs,20,0
69893,The Next Ship to Sail,lodestone;wiki,notModeled,prereqs,20,0
69894,"Old Sharlayan, New to You",lodestone;wiki,notModeled,prereqs,20,0
69895,Hitting the Books,lodestone;wiki,notModeled,prereqs,20,0
69896,A Seat at the Last Stand,lodestone;wiki,notModeled,prereqs,20,0
69897,A Labyrinthine Descent,lodestone;wiki,notModeled,prereqs,20,0
69898,Glorified Ratcatcher,lodestone;wiki,notModeled,prereqs,20,0
69899,Deeper into the Maze,lodestone;wiki,notModeled,prereqs,20,0
69900,The Medial Circuit,lodestone;wiki,notModeled,prereqs,20,0
69901,"The Full Report, Warts and All",lodestone;wiki,notModeled,prereqs,20,0
69902,A Guide of Sorts,lodestone;wiki,notModeled,prereqs,20,0
69903,Estate Visitor,lodestone;wiki,notModeled,prereqs,20,0
69904,For Thavnair Bound,lodestone;wiki,notModeled,prereqs,20,0
69905,On Low Tide,lodestone;wiki,notModeled,prereqs,20,0
69906,A Fisherman's Friend,lodestone;wiki,notModeled,prereqs,20,0
69907,House of Divinities,lodestone;wiki,notModeled,prereqs,20,0
69908,The Great Work,lodestone;wiki,notModeled,prereqs,20,0
69909,Shadowed Footsteps,lodestone;wiki,notModeled,prereqs,20,0
69910,A Boy's Errand,lodestone;wiki,notModeled,prereqs,20,0
69911,Tipping the Scale,lodestone;wiki,notModeled,prereqs,20,0
69912,The Satrap of Radz-at-Han,lodestone;wiki,notModeled,prereqs,20,0
69913,In the Dark of the Tower,garland;lodestone;wiki,notModeled,prereqs,22,0
69914,The Jewel of Thavnair,lodestone;wiki,notModeled,prereqs,20,0
69915,The Color of Joy,lodestone;wiki,notModeled,prereqs,20,0
69916,"Sound the Bell, School's In",lodestone;wiki,notModeled,prereqs,20,0
69917,A Capital Idea,lodestone;wiki,notModeled,prereqs,20,0
69918,Best of the Best,lodestone;wiki,notModeled,prereqs,20,0
69919,A Frosty Reception,lodestone;wiki,notModeled,prereqs,20,0
69920,Tracks in the Snow,lodestone;wiki,notModeled,prereqs,20,0
69921,How the Mighty Are Fallen,lodestone;wiki,notModeled,prereqs,20,0
69922,At the End of the Trail,lodestone;wiki,notModeled,prereqs,20,0
69923,A Way Forward,lodestone;wiki,notModeled,prereqs,20,0
69924,The Last Bastion,lodestone;wiki,notModeled,prereqs,20,0
69925,Personae non Gratae,lodestone;wiki,notModeled,prereqs,20,0
69926,His Park Materials,lodestone;wiki,notModeled,prereqs,20,0
69927,No Good Deed,lodestone;wiki,notModeled,prereqs,20,0
69928,Alea Iacta Est,lodestone;wiki,notModeled,prereqs,20,0
69929,Strange Bedfellows,lodestone;wiki,notModeled,prereqs,20,0
69930,In from the Cold,lodestone;wiki,notModeled,prereqs,20,0
69931,Gateway of the Gods,garland;lodestone;wiki,notModeled,prereqs,22,0
69932,A Trip to the Moon,lodestone;wiki,notModeled,prereqs,20,0
69933,Sea of Sorrow,lodestone;wiki,notModeled,prereqs,20,0
69934,The Martyr,garland;lodestone;wiki,notModeled,prereqs,22,0
69935,In Shadow's Wake,lodestone;wiki,notModeled,prereqs,20,0
69936,Helping Hands,lodestone;wiki,notModeled,prereqs,20,0
69937,A Harey Situation,lodestone;wiki,notModeled,prereqs,20,0
69938,A Taste of the Moon,lodestone;wiki,notModeled,prereqs,20,0
69939,Styled a Hero,lodestone;wiki,notModeled,prereqs,20,0
69940,All's Vale That Endsvale,lodestone;wiki,notModeled,prereqs,20,0
69941,Back to Old Tricks,lodestone;wiki,notModeled,prereqs,20,0
69942,Setting Things Straight,lodestone;wiki,notModeled,prereqs,20,0
69943,Heart of the Matter,lodestone;wiki,notModeled,prereqs,20,0
69944,Returning Home,lodestone;wiki,notModeled,prereqs,20,0
69945,Skies Aflame,garland;lodestone;wiki,notModeled,prereqs,22,0
69946,The Blasphemy Unmasked,lodestone;wiki,notModeled,prereqs,20,0
69947,Amidst the Apocalypse,lodestone;wiki,notModeled,prereqs,20,0
69948,Beyond the Depths of Despair,lodestone;wiki,notModeled,prereqs,20,0
69949,That We Might Live,lodestone;wiki,notModeled,prereqs,20,0
69950,When All Hope Seems Lost,lodestone;wiki,notModeled,prereqs,20,0
69951,"Warm Hearts, Rekindled Hopes",lodestone;wiki,notModeled,prereqs,20,0
69952,Simple Pleasures,lodestone;wiki,notModeled,prereqs,20,0
69953,Under His Wing,lodestone;wiki,notModeled,prereqs,20,0
69954,At World's End,lodestone;wiki,notModeled,prereqs,20,0
69955,Return to the Crystarium,lodestone;wiki,notModeled,prereqs,20,0
69956,Hope Upon a Flower,lodestone;wiki,notModeled,prereqs,20,0
69957,Petalouda Hunt,lodestone;wiki,notModeled,prereqs,20,0
69958,In Search of Hermes,lodestone;wiki,notModeled,prereqs,20,0
69959,"Ponder, Warrant, Cherish, Welcome",lodestone;wiki,notModeled,prereqs,20,0
69960,Lives Apart,lodestone;wiki,notModeled,prereqs,20,0
69961,Their Greatest Contribution,lodestone;wiki,notModeled,prereqs,20,0
69962,Aether to Aether,lodestone;wiki,notModeled,prereqs,20,0
69963,A Sentimental Gift,lodestone;wiki,notModeled,prereqs,20,0
69964,Verdict and Execution,lodestone;wiki,notModeled,prereqs,20,0
69965,Travelers at the Crossroads,lodestone;wiki,notModeled,prereqs,20,0
69966,"A Past, Not Yet Come to Pass",lodestone;wiki,notModeled,prereqs,20,0
69967,Witness to the Spectacle,lodestone;wiki,notModeled,prereqs,20,0
69968,Worthy of His Back,lodestone;wiki,notModeled,prereqs,20,0
69969,A Flower upon Your Return,lodestone;wiki,notModeled,prereqs,20,0
69970,Hunger in the Garden,lodestone;wiki,notModeled,prereqs,20,0
69971,Words without Sound,lodestone;wiki,notModeled,prereqs,20,0
69972,"Follow, Wander, Stumble, Listen",lodestone;wiki,notModeled,prereqs,20,0
69973,Caging the Messenger,garland;lodestone;wiki,notModeled,prereqs,22,0
69974,"Thou Must Live, Die, and Know",lodestone;wiki,notModeled,prereqs,20,0
69975,As the Heavens Burn,lodestone;wiki,notModeled,prereqs,20,0
69976,Outside Help,lodestone;wiki,notModeled,prereqs,20,0
69977,Going Underground,lodestone;wiki,notModeled,prereqs,20,0
69978,No Job Too Small,lodestone;wiki,notModeled,prereqs,20,0
69979,Wise Guides,lodestone;wiki,notModeled,prereqs,20,0
69980,Agriculture Shock,lodestone;wiki,notModeled,prereqs,20,0
69981,Sage Council,lodestone;wiki,notModeled,prereqs,20,0
69982,Hither and Yarns,lodestone;wiki,notModeled,prereqs,20,0
69983,Once Forged,lodestone;wiki,notModeled,prereqs,20,0
69984,Bonds of Adamant(ite),lodestone;wiki,notModeled,prereqs,20,0
69985,"Her Children, One and All",garland;lodestone;wiki,notModeled,prereqs,22,0
69986,A Bold Decision,lodestone;wiki,notModeled,prereqs,20,0
69987,Friends Gathered,lodestone;wiki,notModeled,prereqs,20,0
69988,Unto the Heavens,lodestone;wiki,notModeled,prereqs,20,0
69989,A §trαnge New World,lodestone;wiki,notModeled,prereqs,20,0
69990,On Burdεned ωings,lodestone;wiki,notModeled,prereqs,20,0
69991,Α Test of Wιll,lodestone;wiki,notListed,listed,13,0
69992,Roads Pαved││Sacri┣ice,lodestone;wiki,notModeled,prereqs,20,0
69993,F//εsh AbanΔon┨Δ,lodestone;wiki,notModeled,prereqs,20,0
69994,Where Kn∞wledge Leads,lodestone;wiki,notModeled,prereqs,20,0
69995,"Vic┨οry  ̈ ̈ ̈╳, │̆││ε Lost",lodestone;wiki,notModeled,prereqs,20,0
69996,┣┨̈//̈ No┨ΦounΔ•••,lodestone;wiki,notModeled,prereqs,20,0
69997,"Hello, World",lodestone;wiki,notModeled,prereqs,20,0
69998,Forge Ahead,lodestone;wiki,notModeled,prereqs,20,0
69999,You're Not Alone,lodestone;wiki,notModeled,prereqs,20,0
70000,Endwalker,garland;lodestone;wiki,notModeled,prereqs,22,0
70001,No Love Lost,lodestone;wiki,notModeled,expansion,20,0
70002,Love's Labors,lodestone;wiki,notModeled,expansion,20,0
70003,Better Letters,lodestone;wiki,notModeled,expansion,20,0
70004,A Very Yeti Starlight,lodestone;wiki,notModeled,expansion,20,0
70005,Time to Shine,lodestone;wiki,notModeled,expansion,20,0
70006,Saintly Inspiration,lodestone;wiki,notModeled,expansion,20,0
70007,Fashion Face-off,lodestone;wiki,notModeled,expansion,20,0
70008,A Stylish Transformation,lodestone;wiki,notModeled,expansion,20,0
70009,The Faculty,lodestone;wiki,notModeled,prereqs,20,0
70010,The Meeting of Minds,lodestone;wiki,notModeled,prereqs,20,0
70011,The Crystal from Beyond,lodestone;wiki,notModeled,prereqs,20,0
70012,Where Familiars Dare,garland;lodestone;wiki,notModeled,prereqs,22,0
70013,Under the Surface,garland;lodestone;wiki,notModeled,prereqs,22,0
70014,The Fires of Creation,garland;lodestone;wiki,notModeled,prereqs,22,0
70015,Who Wards the Warders?,garland;lodestone;wiki,notModeled,prereqs,22,0
70016, Lost Little Troll,lodestone;wiki,notModeled,prereqs,20,0
70017, Problematic Pests,lodestone;wiki,notModeled,prereqs,20,0
70018, Pests Be Gone,lodestone;wiki,notModeled,prereqs,20,0
70019, Dream Big,lodestone;wiki,notModeled,prereqs,20,0
70020, The Lad in Labyrinthos,lodestone;wiki,notModeled,prereqs,20,0
70021, Here Comes the Sun,lodestone;wiki,notModeled,prereqs,20,0
70022, Fiery Thirst,lodestone;wiki,notModeled,prereqs,20,0
70023, The Hero in Labyrinthos,lodestone;wiki,notModeled,prereqs,20,0
70024, Thick as Thieves,lodestone;wiki,notModeled,prereqs,20,0
70025, Steppe Child,lodestone;wiki,notModeled,prereqs,20,0
70026, The Matanga along the Way,lodestone;wiki,notModeled,prereqs,20,0
70027, Ogul Repays Her Favors,lodestone;wiki,notModeled,prereqs,20,0
70028, The Yedlihmad Hunt,lodestone;wiki,notModeled,prereqs,20,0
70029, What's in a Parent,lodestone;wiki,notModeled,prereqs,20,0
70030, Curing What Ails,lodestone;wiki,notModeled,prereqs,20,0
70031, The Sins We Bear,lodestone;wiki,notModeled,prereqs,20,0
70032, Societal Alchemy,lodestone;wiki,notModeled,prereqs,20,0
70033, A Budding Adventure,lodestone;wiki,notModeled,prereqs,20,0
70034, In Pursuit of Power,lodestone;wiki,notModeled,prereqs,20,0
70035, Camp Broken Engines,lodestone;wiki,notModeled,prereqs,20,0
70036, Operation: Reactivation,lodestone;wiki,notModeled,prereqs,20,0
70037, Energy for All,lodestone;wiki,notModeled,prereqs,20,0
70038, Stranded at the Station,lodestone;wiki,sourceWrong,rewards,20,0
70039, Longing for Home,lodestone;wiki,notModeled,prereqs,20,0
70040, Palatial Possibilities,lodestone;wiki,notModeled,prereqs,20,0
70041, Mum Is the Word,lodestone;wiki,notModeled,prereqs,20,0
70042, Who Is Your Daddy,lodestone;wiki,notModeled,prereqs,20,0
70043," Touring Anagnorisis, Part I",lodestone;wiki,notModeled,prereqs,20,0
70044," Touring Anagnorisis, Part II",lodestone;wiki,notModeled,prereqs,20,0
70045, Familiar Food,lodestone;wiki,notModeled,prereqs,20,0
70046, Familiar Fate,lodestone;wiki,notModeled,prereqs,20,0
70047, An Expected Guest,lodestone;wiki,notModeled,prereqs,20,0
70048, A Better Batrachoi,lodestone;wiki,notModeled,prereqs,20,0
70049, Meekly Majestic,lodestone;wiki,notModeled,prereqs,20,0
70050, Unleash the Beast,lodestone;wiki,notModeled,prereqs,20,0
70051, Methods of Mourning,lodestone;wiki,notModeled,prereqs,20,0
70052, Name That Way,lodestone;wiki,notModeled,prereqs,20,0
70053, A Way to Make a Living,lodestone;wiki,notModeled,prereqs,20,0
70054, One Way or Another,lodestone;wiki,notModeled,prereqs,20,0
70055, Dream a Little Dream,lodestone;wiki,ambiguous,listed,13,0
70056,A Feast to Remember,lodestone;wiki,notModeled,dutyUnlock,21,0
70057,Operation Archon,garland;lodestone;wiki,notModeled,dutyUnlock,22,0
70058,The Ultimate Weapon,garland;lodestone;wiki,notModeled,prereqs,22,0
70059,Of Mothers and Merchants,lodestone;wiki,notModeled,prereqs,20,0
70060,A Mother's Love,lodestone;wiki,notModeled,prereqs,20,0
70061,A Gift from House Leveilleur,lodestone;wiki,notModeled,prereqs,20,0
70062,Newfound Adventure,lodestone;wiki,notModeled,prereqs,20,0
70063,Bountiful Ruins,lodestone;wiki,notModeled,prereqs,20,0
70064,Friends for the Road,lodestone;wiki,notModeled,prereqs,20,0
70065,Alzadaal's Legacy,garland;lodestone;wiki,notModeled,prereqs,22,0
70066,A Brother's Grief,lodestone;wiki,notModeled,prereqs,20,0
70067,Sharing the Wealth,lodestone;wiki,notModeled,prereqs,20,0
70068,Bridging the Rift,lodestone;wiki,notModeled,prereqs,20,0
70069,Restricted Reading,lodestone;wiki,notModeled,prereqs,20,0
70070,Void Theory,lodestone;wiki,notModeled,prereqs,20,0
70071,A Satrap's Duty,lodestone;wiki,notModeled,prereqs,20,0
70072,A Mission in Mor Dhona,lodestone;wiki,notModeled,prereqs,20,0
70073,The Realm of the Gods,lodestone;wiki,notModeled,prereqs,21,0
70074,A Divine Dilemma,lodestone;wiki,notModeled,prereqs,20,0
70075,The Face of an Explorer,lodestone;wiki,notModeled,prereqs,20,0
70076,A Matter of Course,lodestone;wiki,notModeled,expansion,20,0
70077,Fhul Me Once,lodestone;wiki,notModeled,expansion,20,0
70078,The Sleeping Gentleman,lodestone;wiki,notModeled,prereqs,20,0
70079,A Soulful Reunion,lodestone;wiki,notModeled,prereqs,20,0
70080,Newfound Journey,lodestone;wiki,notModeled,expansion,20,0
70081, Hippos Born to Run,lodestone;wiki,notModeled,prereqs,20,0
70082, A Pachyderm's Promptitude,lodestone;wiki,notModeled,prereqs,20,0
70083, Hippo Healing,lodestone;wiki,notModeled,prereqs,20,0
70084," Defiant Ogul, Deified!",lodestone;wiki,notModeled,prereqs,20,0
70085, Leader to Leader,lodestone;wiki,notModeled,prereqs,20,0
70086, The Hippo Riders,lodestone;wiki,notModeled,prereqs,20,0
70087, Ridin' Flyers for Flyin' Riders,lodestone;wiki,sourceWrong,rewards,20,0
70088, Deal by the Docks,lodestone;wiki,sourceWrong,rewards,20,0
70089, Do It for the Vine,lodestone;wiki,sourceWrong,rewards,20,0
70090, Missing Rider,lodestone;wiki,sourceWrong,rewards,20,0
70091, Flowers for Sanduruva,lodestone;wiki,sourceWrong,rewards,20,0
70092, Anxious Rookie,lodestone;wiki,sourceWrong,rewards,20,0
70093, Gulal Generosity,lodestone;wiki,sourceWrong,rewards,20,0
70094, Essential Eggredients,lodestone;wiki,sourceWrong,rewards,20,0
70095, Darling Defender,lodestone;wiki,sourceWrong,rewards,20,0
70096, Bloomin' Ocean,lodestone;wiki,sourceWrong,rewards,20,0
70097, Fresh Eats and Ripe Sweets,lodestone;wiki,sourceWrong,rewards,20,0
70098," Waste Not, Want None of That",lodestone;wiki,sourceWrong,rewards,20,0
70099, Seedy Affair,lodestone;wiki,sourceWrong,rewards,20,0
70100, Olfactory Warfare,lodestone;wiki,sourceWrong,rewards,20,0
70101, Ridin' Hazards,lodestone;wiki,sourceWrong,rewards,20,0
70102, Hippo Scrub,lodestone;wiki,sourceWrong,rewards,20,0
70103, Vanaspati's Blessing,lodestone;wiki,sourceWrong,rewards,20,0
70104, Hells Hath No Fury as a Hippo Scorned,lodestone;wiki,sourceWrong,rewards,20,0
70105, Tusk Trouble,lodestone;wiki,sourceWrong,rewards,20,0
70106, Patching Up,lodestone;wiki,sourceWrong,rewards,20,0
70107, A Hippo's Best Friend,lodestone;wiki,sourceWrong,rewards,20,0
70108, An Explosive Brew,lodestone;wiki,sourceWrong,rewards,20,0
70109, Gathering Moss,lodestone;wiki,sourceWrong,rewards,20,0
70110, Blood from a Stonemason,lodestone;wiki,sourceWrong,rewards,20,0
70111, A Radiant Delivery,lodestone;wiki,sourceWrong,rewards,20,0
70112, Like a Crate to Water,lodestone;wiki,sourceWrong,rewards,20,0
70113, Manusyan for a Day,lodestone;wiki,sourceWrong,rewards,20,0
70114, Steep the Legs,lodestone;wiki,sourceWrong,rewards,20,0
70115,Bitter Snow,lodestone;wiki,notModeled,prereqs,20,0
70116,Frozen Hope,lodestone;wiki,notModeled,prereqs,20,0
70117,Misguided Few,lodestone;wiki,notModeled,prereqs,20,0
70118,Forlorn Glory,lodestone;wiki,notModeled,prereqs,20,0
70119,"Small Business, Big Dreams",lodestone;wiki,notModeled,prereqs,20,0
70120,A Prickly Plaint,lodestone;wiki,notModeled,expansion,20,0
70121,The Crystal (Line's) Call,lodestone;wiki,notListed,listed,10,0
70122,A Heartless Hypothesis,lodestone;wiki,notModeled,prereqs,20,0
70123,"Good-bye, ε̆│̆│Δ",lodestone;wiki,notModeled,prereqs,20,0
70124,The Box of Fortune,lodestone;wiki,notModeled,expansion,20,0
70125,With Great Fortune Comes Great Responsibility,lodestone;wiki,notModeled,expansion,20,0
70126,"Hippity, Hoppity, Happily",lodestone;wiki,notModeled,expansion,20,0
70127,The Steps of Faith,lodestone;wiki,notModeled,prereqs,20,0
70128,In Search of Azdaja,garland;lodestone;wiki,notModeled,prereqs,22,0
70129,Shadowed Remnants,lodestone;wiki,notModeled,prereqs,20,0
70130,Where Everything Begins,lodestone;wiki,notModeled,prereqs,20,0
70131,Groping in the Dark,lodestone;wiki,notModeled,prereqs,20,0
70132,Nowhere to Run,lodestone;wiki,notModeled,prereqs,20,0
70133,The Wind Rises,garland;lodestone;wiki,notModeled,prereqs,22,0
70134,Return from the Void,lodestone;wiki,notModeled,prereqs,20,0
70135,A World with Light and Life,lodestone;wiki,notModeled,prereqs,20,0
70136,Buried Memory,lodestone;wiki,notModeled,prereqs,20,0
70137, The Café at the End of the Universe,lodestone;wiki,notModeled,prereqs,20,0
70138, Longing So for All the Fish,lodestone;wiki,notModeled,prereqs,20,0
70139, And Another Question...,lodestone;wiki,notModeled,prereqs,20,0
70140, The Restaurateur's Guide to the Dragonstar,lodestone;wiki,notModeled,prereqs,20,0
70141, Mostly Heartless,lodestone;wiki,notModeled,prereqs,20,0
70142," Life, the Universe, and Coffee Beans",lodestone;wiki,notModeled,prereqs,20,0
70143, Signs of the Past,lodestone;wiki,notModeled,prereqs,20,0
70144, Coffee Talk,lodestone;wiki,notModeled,prereqs,20,0
70145, Well Below Standard,lodestone;wiki,notModeled,prereqs,20,0
70146, A Brewing Reputation,lodestone;wiki,notModeled,prereqs,20,0
70147, Grounds for Improvement,lodestone;wiki,notModeled,prereqs,20,0
70148, A Fertile Blend,lodestone;wiki,notModeled,prereqs,20,0
70149, The Hunger Pangs,lodestone;wiki,notModeled,prereqs,20,0
70150, The Robot and the Sea,lodestone;wiki,notModeled,prereqs,20,0
70151, Using Their Heads,lodestone;wiki,notModeled,prereqs,20,0
70152, Working Up a Thirst,lodestone;wiki,notModeled,prereqs,20,0
70153, I'll Fish It Myself,lodestone;wiki,notModeled,prereqs,20,0
70154, Sold Out,lodestone;wiki,notModeled,prereqs,20,0
70155, A Grebuloff Out of Water,lodestone;wiki,notModeled,prereqs,20,0
70156, A Taste of the Sea,lodestone;wiki,notModeled,prereqs,20,0
70157, It's Electric!,lodestone;wiki,notModeled,prereqs,20,0
70158, Ea Epicurious,lodestone;wiki,notModeled,prereqs,20,0
70159," I, Omicron",lodestone;wiki,notModeled,prereqs,20,0
70160, Guardians of the Galaxy,lodestone;wiki,notModeled,prereqs,20,0
70161, Corporeal Hand to Proverbial Mouth,lodestone;wiki,notModeled,prereqs,20,0
70162, Mush for Miw Miisv,lodestone;wiki,notModeled,prereqs,20,0
70163, Corporeal Comforts,lodestone;wiki,notModeled,prereqs,20,0
70164, Remote Debugging,lodestone;wiki,notModeled,prereqs,20,0
70165, A Light in the Dark,lodestone;wiki,notModeled,prereqs,20,0
70166, Reclaiming the Taste of Home,lodestone;wiki,notModeled,prereqs,20,0
70167, Not Forgotten,lodestone;wiki,notModeled,prereqs,20,0
70168, Checking for Cavities,lodestone;wiki,notModeled,prereqs,20,0
70169, Brainstorm,lodestone;wiki,notModeled,prereqs,20,0
70170, The Lost World,lodestone;wiki,notModeled,prereqs,20,0
70171,An Unwelcome Visitor,lodestone;wiki,notModeled,prereqs,20,0
70172,Masks of the Father,garland;lodestone;wiki,notModeled,prereqs,22,0
70173,A Keyward's Gaol,garland;lodestone;wiki,notModeled,prereqs,22,0
70174,Servant of Violence,garland;lodestone;wiki,notModeled,prereqs,22,0
70175,One Final Wish,garland;lodestone;wiki,notModeled,prereqs,22,0
70176,Truth Imperfect,lodestone;wiki,notModeled,prereqs,20,0
70177,Lunar Conspiracy,lodestone;wiki,notModeled,prereqs,20,0
70178,The Imperfect Gentleman,lodestone;wiki,notModeled,prereqs,20,0
70179,Seeking Sanctuary,lodestone;wiki,notModeled,prereqs,20,0
70180,Seeing the Cieldalaes,lodestone;wiki,notModeled,expansion,9,0
70181,"The Land, Wind, and Sea",lodestone;wiki,notModeled,prereqs,20,0
70182,A Key to the Past,garland;lodestone;wiki,notModeled,prereqs,22,0
70185,"For Coin, Country, and Comrades",lodestone;wiki,sourceWrong,duties,21,0
70186,Soaring Profits,lodestone;wiki,notModeled,prereqs,20,0
70187,An Odd Job,lodestone;wiki,notModeled,listed,9,0
70188, Make It a Manderville,lodestone;wiki,notModeled,prereqs,20,0
70189, Make Another Manderville,lodestone;wiki,notModeled,prereqs,20,0
70190,Suited for Affection,lodestone;wiki,notModeled,expansion,21,0
70191,A Mad Masquerade,lodestone;wiki,notModeled,expansion,20,0
70192,Be Our Guest,lodestone;wiki,notModeled,expansion,20,0
70193,A Spooky Celebration,lodestone;wiki,notModeled,expansion,20,0
70194,Reindeer Fame,lodestone;wiki,notModeled,expansion,20,0
70195,The Ghost of Starlight Present,lodestone;wiki,notModeled,expansion,20,0
70196,Shadowed Pasts,lodestone;wiki,notModeled,prereqs,20,0
70197,Shadowed Pasts Once More,lodestone;wiki,notModeled,prereqs,20,0
70198,An Auspicious Opportunity,lodestone;wiki,notModeled,prereqs,20,0
70199,Delve into Myth,lodestone;wiki,notModeled,prereqs,21,0
70200,Rage Extinguished,lodestone;wiki,notModeled,prereqs,21,0
70201,Orthos Unveiled,lodestone;wiki,notModeled,prereqs,20,0
70202,Return to the Phantom Realm,lodestone;wiki,notModeled,prereqs,21,0
70203,In Heavenly Company,lodestone;wiki,notModeled,prereqs,20,0
70204,Divine Nonintervention,lodestone;wiki,notModeled,prereqs,20,0
70205,The Secret of the Twelve,lodestone;wiki,notModeled,prereqs,20,0
70206,Once More unto the Void,lodestone;wiki,notModeled,prereqs,20,0
70207,A Cold Reunion,lodestone;wiki,notModeled,prereqs,20,0
70208,Kindled Spirit,lodestone;wiki,sourceWrong,rewards,20,0
70209,An Unforeseen Bargain,lodestone;wiki,notModeled,prereqs,20,0
70210,King of the Mountain,garland;lodestone;wiki,notModeled,prereqs,22,0
70211,A Dragon's Resolve,lodestone;wiki,notModeled,prereqs,20,0
70212,Paths Barred,lodestone;wiki,sourceWrong,rewards,20,0
70213,Desires Untold,garland;lodestone;wiki,notModeled,prereqs,22,0
70214,"Gods Revel, Lands Tremble",lodestone;wiki,notModeled,prereqs,20,0
70215,To Be a Mascot,lodestone;wiki,notModeled,expansion,20,0
70216,Unlike a Dragon,lodestone;wiki,notModeled,expansion,20,0
70217, Must Be Dreaming(way),lodestone;wiki,notModeled,prereqs,20,0
70218, The Incredible Machines,lodestone;wiki,notModeled,prereqs,20,0
70219, Too Few Cooks,lodestone;wiki,sourceWrong,rewards,20,0
70220, Teamwork Makes the Dream Work,lodestone;wiki,notModeled,prereqs,20,0
70221, A Million Malms Away,lodestone;wiki,notModeled,prereqs,20,0
70222, Dreams Come True,lodestone;wiki,notModeled,prereqs,20,0
70223, Don't Stop the Music,lodestone;wiki,sourceWrong,rewards,20,0
70224, A Pipe Dream,lodestone;wiki,sourceWrong,rewards,20,0
70225, Money Makes the Moon Go Round,lodestone;wiki,sourceWrong,rewards,20,0
70226, Dancing King,lodestone;wiki,notModeled,prereqs,20,0
70227, Pieces of You,lodestone;wiki,sourceWrong,rewards,20,0
70228, Underneath the Starry Lights,lodestone;wiki,sourceWrong,rewards,20,0
70229," Carrotlight, Carrot Bright",lodestone;wiki,sourceWrong,rewards,20,0
70230, Pitch Perfect,lodestone;wiki,notModeled,prereqs,20,0
70231, Clean Times,lodestone;wiki,sourceWrong,rewards,20,0
70232, A Sound Endeavor,lodestone;wiki,sourceWrong,rewards,20,0
70233, Prototypical Retrieval,lodestone;wiki,notModeled,prereqs,20,0
70234, Always Wear Protection,lodestone;wiki,sourceWrong,rewards,20,0
70235, Hare-raising Thrills,lodestone;wiki,sourceWrong,rewards,20,0
70236, Be Carrotful What You Wish For,lodestone;wiki,notModeled,prereqs,20,0
70237, Hungry for Knowledge,lodestone;wiki,sourceWrong,rewards,20,0
70238, No Chill,lodestone;wiki,sourceWrong,rewards,20,0
70239, Fungi Frustrations,lodestone;wiki,sourceWrong,rewards,20,0
70240," For Every Mouth, a Carrot",lodestone;wiki,notModeled,prereqs,20,0
70241, Whisks for Whiskers,lodestone;wiki,sourceWrong,rewards,20,0
70242," Sets, Reps, and Loporrits",lodestone;wiki,sourceWrong,rewards,20,0
70243, Lunar Beats for Hopping,lodestone;wiki,notModeled,prereqs,20,0
70244, Most Like It Sparkly,lodestone;wiki,sourceWrong,rewards,20,0
70245, Spatial Cleanse,lodestone;wiki,notModeled,prereqs,20,0
70246, Clean Paws Make Good Artists,lodestone;wiki,sourceWrong,rewards,20,0
70247, By the Muse Forsaken,lodestone;wiki,sourceWrong,rewards,20,0
70248, Art Is an Explosion!,lodestone;wiki,sourceWrong,rewards,20,0
70249," Craft, Craft, Fashion, Baby",lodestone;wiki,sourceWrong,rewards,20,0
70250, Sparking Artist,lodestone;wiki,notModeled,prereqs,20,0
70251,That's So Anden,lodestone;wiki,sourceWrong,rewards,20,0
70252,Every Anden of the Rainbow,lodestone;wiki,sourceWrong,rewards,20,0
70253,A Labor of Leaf,lodestone;wiki,notModeled,prereqs,20,0
70254,The Spectacle of Inspection,lodestone;wiki,notModeled,prereqs,20,0
70255,Generational Bonding,lodestone;wiki,notModeled,prereqs,20,0
70256,Inheritance,lodestone;wiki,notModeled,expansion,20,0
70257,Get Along and Play Knife,lodestone;wiki,notModeled,expansion,20,0
70258,"Chaos, Carnage, Eggs",lodestone;wiki,notModeled,expansion,20,0
70259,Allergic to Sunshine,lodestone;wiki,notModeled,expansion,20,0
70260,I Am the Sunshine,lodestone;wiki,notModeled,expansion,20,0
70261, Well-oiled,lodestone;wiki,notModeled,prereqs,20,0
70262, The Next Mander-level,lodestone;wiki,notModeled,prereqs,20,0
70263,A Golden Opportunity,lodestone;wiki,notModeled,expansion,20,0
70264,Hearts of Gold,lodestone;wiki,notModeled,expansion,20,0
70265,A Far Eastern Yarn,lodestone;wiki,notModeled,prereqs,20,0
70266,An Original Improvement,lodestone;wiki,notModeled,prereqs,20,0
70267, A Dedicated Tool,lodestone;wiki,notModeled,prereqs,20,0
70268, An Adaptive Tool,lodestone;wiki,notModeled,prereqs,20,0
70269,Mononoke Aware,garland;lodestone;wiki,notModeled,prereqs,22,0
70270,Of Price and Ruin,lodestone;wiki,sourceWrong,duties,21,0
70271,Currying Flavor,lodestone;wiki,sourceWrong,rewards,20,0
70272,Going Haam,garland;lodestone;wiki,notModeled,prereqs,22,0
70273,Like Fear to Flame,lodestone;wiki,notModeled,prereqs,20,0
70274,The Fallen Empire,lodestone;wiki,notModeled,prereqs,20,0
70275,Bonds of Trust,lodestone;wiki,notModeled,prereqs,20,0
70276,Lunar Rendezvous,lodestone;wiki,notModeled,prereqs,20,0
70277,The Red Side of the Moon,lodestone;wiki,notModeled,prereqs,20,0
70278,Abyssal Dark,garland;lodestone;wiki,notModeled,prereqs,22,0
70279,The Dark Throne,lodestone;wiki,notModeled,prereqs,20,0
70280,Seeking the Light,lodestone;wiki,sourceWrong,rewards,20,0
70281,Appealing to the Masses,lodestone;wiki,notModeled,prereqs,20,0
70282,In Defiance of Fate,lodestone;wiki,notModeled,prereqs,20,0
70283,Back to Action,lodestone;wiki,notModeled,prereqs,20,0
70284,Down in the Dark,garland;lodestone;wiki,sourceWrong,rewards,22,0
70285,Reunited at Last,lodestone;wiki,notModeled,prereqs,20,0
70286,Growing Light,lodestone;wiki,notModeled,prereqs,20,0
70287,When One Door Closes...,lodestone;wiki,notModeled,prereqs,20,0
70288,The Game Is Afoot,lodestone;wiki,sourceWrong,rewards,20,0
70289,The Coming Dawn,lodestone;wiki,notModeled,prereqs,20,0
70290,By Agents Unknown,lodestone;wiki,notModeled,prereqs,20,0
70291,Not from Around Here,lodestone;wiki,notModeled,prereqs,20,0
70292,Eater of Souls,garland;lodestone;wiki,notModeled,prereqs,22,0
70293,Pandæmonium Awakens,garland;lodestone;wiki,notModeled,prereqs,22,0
70294,The Emissary's Judgment,garland;lodestone;wiki,notModeled,prereqs,22,0
70295,A Mother's Touch,garland;lodestone;wiki,notModeled,prereqs,22,0
70296,Guided by the Past,lodestone;wiki,notModeled,prereqs,20,0
70297,Aggressive Expansion,lodestone;wiki,notModeled,prereqs,20,0
70298,Forever in Our Hearts,lodestone;wiki,notModeled,prereqs,20,0
70299,An Ideal Marriage,lodestone;wiki,notModeled,prereqs,20,0
70300,A Faerie Tale Come True,lodestone;wiki,notModeled,expansion,20,0
70301,Siblings Rising,lodestone;wiki,notModeled,expansion,20,0
70302,What Drives Us,lodestone;wiki,notModeled,expansion,20,0
70303,The Joy of Zoi,lodestone;wiki,notModeled,prereqs,20,0
70304, A Tool of Her Own,lodestone;wiki,notModeled,prereqs,20,0
70305, A Tool without Compare,lodestone;wiki,notModeled,prereqs,20,0
70306,La Vie Mowen,lodestone;wiki,notModeled,prereqs,20,0
70307, A Spirited Reforging,lodestone;wiki,notModeled,prereqs,20,0
70308, In Need of Adjustment,lodestone;wiki,notModeled,prereqs,20,0
70309,And the Crowd Goes Mild,lodestone;wiki,notModeled,expansion,20,0
70310,"The Beard, the Myth, the Legend",lodestone;wiki,notModeled,expansion,20,0
70311,Gridania's Most Wanted,lodestone;wiki,notModeled,expansion,20,0
70312,No Butts About It,lodestone;wiki,notModeled,expansion,20,0
70313,A New Gold Standard,lodestone;wiki,notModeled,expansion,21,0
70314,The Brave and the Blue,lodestone;wiki,sourceWrong,duties,21,0
70315, Remembering the Past,lodestone;wiki,notModeled,expansion,20,0
70316, Preserving the Future,lodestone;wiki,notModeled,expansion,20,0
70317,Blue Starlight,lodestone;wiki,notModeled,expansion,20,0
70318,Together at a Distance,lodestone;wiki,notModeled,expansion,20,0
70319,Starlight Surprise,lodestone;wiki,notModeled,expansion,20,0
70321,The Fright Stuff,lodestone;wiki,sourceWrong,rewards,20,0
70322,A Charmed Life,lodestone;wiki,notModeled,expansion,20,0
70323,Dinner and a Show,lodestone;wiki,notModeled,prereqs,20,0
70324,A Dream Worth Chasing,lodestone;wiki,notModeled,prereqs,20,0
70325,Stranger from Paradise,garland;lodestone;wiki,notModeled,prereqs,22,0
70326,A Fish a Day,lodestone;wiki,sourceWrong,duties,21,0
70327,The Heart of the Myth,lodestone;wiki,notModeled,prereqs,21,0
70328,Embraced by Gods,lodestone;wiki,notModeled,prereqs,20,0
70329,The Sweetest Thing,lodestone;wiki,notModeled,prereqs,20,0
70330,Where Worries Melt Away,lodestone;wiki,sourceWrong,rewards,20,0
70331,Wings of Hope,lodestone;wiki,notModeled,prereqs,20,0
70332,A Land on Fire,lodestone;wiki,notModeled,expansion,20,0
70333,Pain to Recall,lodestone;wiki,notModeled,expansion,20,0
70334,The Path Infernal,lodestone;wiki,notModeled,expansion,20,0
70335,Of Duplicity and Duplication,lodestone;wiki,notModeled,prereqs,20,0
70336,Gentlemen at Heart,garland;lodestone;wiki,notModeled,prereqs,22,0
70337,Just Crowning Around,lodestone;wiki,notModeled,expansion,21,0
70338,Dance Like Mowen Is Watching,lodestone;wiki,notModeled,prereqs,20,0
70339, A Tool for the Ages,lodestone;wiki,notModeled,prereqs,20,0
70340," Stand Tool, My Friend",lodestone;wiki,notModeled,prereqs,20,0
70341, Dearly Bekettled,lodestone;wiki,notModeled,prereqs,20,0
70342, Resonating with Perfection,lodestone;wiki,notModeled,prereqs,20,0
70343, Positively Mandervillous,lodestone;wiki,notModeled,prereqs,20,0
70344,The Symbol of Love,lodestone;wiki,sourceWrong,rewards,20,0
70345,It's All about Heart,lodestone;wiki,notModeled,expansion,20,0
70346,The Princesses and the Eggs,lodestone;wiki,notModeled,expansion,20,0
70347,Peatie in Pink,lodestone;wiki,notModeled,expansion,20,0
70348,Treasured Bonds,lodestone;wiki,notModeled,prereqs,20,0
70349,More Precious than Gil,lodestone;wiki,notModeled,prereqs,20,0
70350,Of Impish Importance,lodestone;wiki,notModeled,expansion,20,0
70351,A Request of One's Own,lodestone;wiki,notModeled,prereqs,20,0
70352,The Pride of Labyrinthos,lodestone;wiki,notModeled,prereqs,20,0
70353,Uncouth Customers,lodestone;wiki,notModeled,prereqs,20,0
70354,The Narwhal Beckons,lodestone;wiki,notModeled,prereqs,20,0
70355,Sleepless in Ishgard,lodestone;wiki,notModeled,prereqs,20,0
70356,Between Sleep and Death,lodestone;wiki,notModeled,prereqs,20,0
70357,Beacon in the Darkness,lodestone;wiki,notModeled,prereqs,20,0
70358,"Awakened, Not Stirred",lodestone;wiki,notModeled,prereqs,20,0
70359,Dreams of a New Day,lodestone;wiki,notModeled,prereqs,20,0
70360,In the Sting of Things,lodestone;wiki,notModeled,prereqs,20,0
70361,Causing Problems on Purpose,lodestone;wiki,notModeled,prereqs,20,0
70362,Living among the Deadly,lodestone;wiki,notModeled,prereqs,20,0
70363,Taste of a Toxin Paradise,lodestone;wiki,notModeled,prereqs,20,0
70364,Downed by the River,lodestone;wiki,notModeled,prereqs,20,0
70365,An Antidote for Anarchy,lodestone;wiki,notModeled,prereqs,20,0
70366,The Hunter and the Hunted,lodestone;wiki,notModeled,prereqs,20,0
70367,A Sea of Blood,lodestone;wiki,notModeled,prereqs,20,0
70368,Who's Who,lodestone;wiki,notModeled,prereqs,20,0
70369,Cornered Prey,lodestone;wiki,notModeled,prereqs,20,0
70370,Impostor Syndrome,lodestone;wiki,notModeled,prereqs,20,0
70371,A Hunter True,lodestone;wiki,notModeled,prereqs,20,0
70372,To Steal a Steelhog,lodestone;wiki,notModeled,prereqs,20,0
70373,Bandits Abound,lodestone;wiki,notModeled,prereqs,20,0
70374,Take Me to Your Leader,lodestone;wiki,notModeled,prereqs,20,0
70375,The Milk of Mamool Ja Kindness,lodestone;wiki,notModeled,prereqs,20,0
70376,Ally in the Alley,lodestone;wiki,notModeled,prereqs,20,0
70377,The Mightiest Shield,lodestone;wiki,notModeled,prereqs,20,0
70378,Power Forgotten,lodestone;wiki,notModeled,prereqs,20,0
70379,A Brand of Justice,lodestone;wiki,notModeled,prereqs,20,0
70380,The Seeds of Popularity,lodestone;wiki,notModeled,prereqs,20,0
70381,Floundering Fame,lodestone;wiki,notModeled,prereqs,20,0
70382,Behind the Helm,lodestone;wiki,notModeled,prereqs,20,0
70383,Heroes and Pretenders,lodestone;wiki,notModeled,prereqs,20,0
70384,Enter the Viper,lodestone;wiki,notModeled,prereqs,20,0
70385,Fangs of the Viper,lodestone;wiki,notModeled,prereqs,20,0
70386,Viper in the Vidraal's Shadow,lodestone;wiki,notModeled,prereqs,20,0
70387,Vipers on the Hunt,lodestone;wiki,notModeled,prereqs,20,0
70388,Into the Viper Pit,lodestone;wiki,notModeled,prereqs,20,0
70389,Vengeance of the Viper,lodestone;wiki,notModeled,prereqs,20,0
70390,The Joy of Pictomancy,lodestone;wiki,sourceWrong,name,20,0
70391,Mind over Manor,lodestone;wiki,sourceWrong,name,20,0
70392,Perspectives in Pursuit,lodestone;wiki,sourceWrong,name,20,0
70393,The Crate Beyond,lodestone;wiki,sourceWrong,name,20,0
70394,Beruru's Clues,lodestone;wiki,sourceWrong,name,20,0
70395,Somewhere Only She Knows,lodestone;wiki,sourceWrong,name,20,0
70396,A New World to Explore,lodestone;wiki,notModeled,prereqs,20,0
70397,The Nation of Tuliyollal,lodestone;wiki,notModeled,prereqs,20,0
70398,A City of Stairs,lodestone;wiki,notModeled,prereqs,20,0
70399,A Saga in Stone,lodestone;wiki,notModeled,prereqs,20,0
70400,The Rite of Succession,lodestone;wiki,notModeled,prereqs,20,0
70401,To Kozama'uka,lodestone;wiki,notModeled,prereqs,20,0
70402,A Festive People,lodestone;wiki,notModeled,prereqs,20,0
70403,The Feat of Reeds,lodestone;wiki,notModeled,prereqs,20,0
70404,A Well-mannered Shipwright,lodestone;wiki,notModeled,prereqs,20,0
70405,The Lifting of Wings,lodestone;wiki,notModeled,prereqs,20,0
70406,Knowing the Hanuhanu,lodestone;wiki,notModeled,prereqs,20,0
70407,To Urqopacha,lodestone;wiki,notModeled,prereqs,20,0
70408,Traders of Happiness,lodestone;wiki,notModeled,prereqs,20,0
70409,The Feat of Gold,lodestone;wiki,notModeled,prereqs,20,0
70410,Mablu's Dream,lodestone;wiki,notModeled,prereqs,20,0
70411,A Premium Deal,lodestone;wiki,notModeled,prereqs,20,0
70412,Wuk Lamat in the Saddle,lodestone;wiki,notModeled,prereqs,20,0
70413,Knowing the Pelupelu,lodestone;wiki,notModeled,prereqs,20,0
70414,The Success of Others,lodestone;wiki,notModeled,prereqs,20,0
70415,For All Turali,garland;lodestone;wiki,notModeled,prereqs,22,0
70416,A Leaking Workpot,lodestone;wiki,notModeled,prereqs,20,0
70417,Lending a Helphand,lodestone;wiki,notModeled,prereqs,20,0
70418,The Feat of Pots,lodestone;wiki,notModeled,prereqs,20,0
70419,A Father First,lodestone;wiki,notModeled,prereqs,20,0
70420,The Shape of Peace,lodestone;wiki,notModeled,prereqs,20,0
70421,Lost Promise,lodestone;wiki,notModeled,prereqs,20,0
70422,A Brother's Duty,lodestone;wiki,notModeled,prereqs,20,0
70423,Feeding the River,lodestone;wiki,notModeled,prereqs,20,0
70424,Sibling Rescue,lodestone;wiki,notModeled,prereqs,20,0
70425,History's Keepers,lodestone;wiki,notModeled,prereqs,20,0
70426,The Feat of Proof,lodestone;wiki,notModeled,prereqs,20,0
70427,The High Luminary,garland;lodestone;wiki,notModeled,prereqs,22,0
70428,An Echo of Madness,lodestone;wiki,notModeled,prereqs,20,0
70429,Pointing the Way,lodestone;wiki,notModeled,prereqs,20,0
70430,The Skyruin,garland;lodestone;wiki,notModeled,prereqs,22,0
70431,The Feat of Ice,lodestone;wiki,notModeled,prereqs,20,0
70432,The Promise of Peace,lodestone;wiki,notModeled,prereqs,20,0
70433,The Leap to Yak T'el,lodestone;wiki,notModeled,prereqs,20,0
70434,Village of the Hunt,lodestone;wiki,notModeled,prereqs,20,0
70435,A History of Violence,lodestone;wiki,notModeled,prereqs,20,0
70436,The Feat of Repast,lodestone;wiki,notModeled,prereqs,20,0
70437,A Father's Grief,lodestone;wiki,notModeled,prereqs,20,0
70438,Taking a Stand,lodestone;wiki,notModeled,prereqs,20,0
70439,Into the Traverse,lodestone;wiki,notModeled,prereqs,20,0
70440,City of Silence,lodestone;wiki,notModeled,prereqs,20,0
70441,Blessed Siblings,lodestone;wiki,notModeled,prereqs,20,0
70442,Scale of Trust,lodestone;wiki,notModeled,prereqs,20,0
70443,Mamook Speaks,lodestone;wiki,notModeled,prereqs,20,0
70444,The Feat of the Brotherhood,lodestone;wiki,notModeled,prereqs,20,0
70445,Road to the Golden City,garland;lodestone;wiki,notModeled,prereqs,22,0
70446,Dawn of a New Tomorrow,lodestone;wiki,notModeled,prereqs,20,0
70447,"Ever Greater, Ever Brighter",lodestone;wiki,notModeled,prereqs,20,0
70448,The Long Road to Xak Tural,lodestone;wiki,notModeled,prereqs,20,0
70449,Saddled Up,lodestone;wiki,notModeled,prereqs,20,0
70450,Braced for Trouble,lodestone;wiki,notModeled,prereqs,20,0
70451,Blowing Smoke,lodestone;wiki,notModeled,prereqs,20,0
70452,Law of the Land,lodestone;wiki,notModeled,prereqs,20,0
70453,On Track,lodestone;wiki,notModeled,prereqs,20,0
70454,One with Nature,lodestone;wiki,notModeled,prereqs,20,0
70455,And the Land Would Tremble,lodestone;wiki,notModeled,prereqs,20,0
70456,No Time for Tears,lodestone;wiki,notModeled,prereqs,20,0
70457,Pick up the Pieces,lodestone;wiki,notModeled,prereqs,20,0
70458,Together as One,lodestone;wiki,notModeled,prereqs,20,0
70459,In Yyasulani's Shadow,lodestone;wiki,notModeled,prereqs,20,0
70460,Putting Plans into Locomotion,lodestone;wiki,notModeled,prereqs,20,0
70461,A Hot Commodity,lodestone;wiki,notModeled,prereqs,20,0
70462,All Aboard,garland;lodestone;wiki,notModeled,prereqs,22,0
70463,The Land of Levin,lodestone;wiki,notModeled,prereqs,20,0
70464,A Royal Welcome,lodestone;wiki,notModeled,prereqs,20,0
70465,A Day in the Life,lodestone;wiki,notModeled,prereqs,20,0
70466,On the Cloud,lodestone;wiki,notModeled,prereqs,20,0
70467,Gone and Forgotten,lodestone;wiki,notModeled,prereqs,20,0
70468,Embracing Oblivion,lodestone;wiki,notModeled,prereqs,20,0
70469,Solution Nine,lodestone;wiki,notModeled,prereqs,20,0
70470,The Queen's Tour,lodestone;wiki,notModeled,prereqs,20,0
70471,"Her People, Her Family",lodestone;wiki,notModeled,prereqs,20,0
70472,Scales of Blue,lodestone;wiki,notModeled,prereqs,20,0
70473,Gives You Teeth,lodestone;wiki,notModeled,prereqs,20,0
70474,Little Footfalls,lodestone;wiki,notModeled,prereqs,20,0
70475,Drowned Vestiges,lodestone;wiki,notModeled,prereqs,20,0
70476,Memories of a Knight,lodestone;wiki,notModeled,prereqs,20,0
70477,At a Crossroads,lodestone;wiki,notModeled,prereqs,20,0
70478,The Protector and the Destroyer,lodestone;wiki,notModeled,prereqs,20,0
70479,A Comforting Hand,lodestone;wiki,notModeled,prereqs,20,0
70480,Unto the Summit,lodestone;wiki,notModeled,prereqs,20,0
70481,The Resilient Son,garland;lodestone;wiki,notModeled,prereqs,22,0
70482,A New Family,lodestone;wiki,notModeled,prereqs,20,0
70483,In Pursuit of Sphene,lodestone;wiki,notModeled,prereqs,20,0
70484,Through the Gate of Gold,lodestone;wiki,notModeled,prereqs,20,0
70485,Those Who Live Forever,lodestone;wiki,notModeled,prereqs,20,0
70486,In Serenity and Sorrow,lodestone;wiki,notModeled,prereqs,20,0
70487,The Land of Dreams,lodestone;wiki,notModeled,prereqs,20,0
70488,A Knight of Alexandria,lodestone;wiki,notModeled,prereqs,20,0
70489,The Sanctuary of the Strong,lodestone;wiki,notModeled,prereqs,20,0
70490,The Taste of Family,lodestone;wiki,notModeled,prereqs,20,0
70491,Leafing through the Past,lodestone;wiki,notModeled,prereqs,20,0
70492,An Explorer's Delight,lodestone;wiki,notModeled,prereqs,20,0
70493,In Search of Discovery,lodestone;wiki,notModeled,prereqs,20,0
70494,A Journey Never-ending,lodestone;wiki,notModeled,prereqs,20,0
70495,Dawntrail,garland;lodestone;wiki,notModeled,prereqs,22,0
70496,A New Challenger Appears,lodestone;wiki,notModeled,prereqs,20,0
70497,The Claw in the Dark,garland;lodestone;wiki,sourceWrong,name,22,0
70498,Sweet Poison,garland;lodestone;wiki,sourceWrong,name,22,0
70499,Yaana's Yarn,lodestone;wiki,sourceWrong,name,20,0
70500,Vile Heat,garland;lodestone;wiki,sourceWrong,name,22,0
70501,The Neoteric Witch,garland;lodestone;wiki,sourceWrong,name,22,0
70502,Wrought in Wachumeqimeqi,lodestone;wiki,notModeled,prereqs,20,0
70503,Appreciated Value,lodestone;wiki,notModeled,prereqs,20,0
70504,Your Friendly Neighborhood Metalworker,lodestone;wiki,notModeled,prereqs,20,0
70505,Hard to Reed,lodestone;wiki,notModeled,prereqs,20,0
70506,"Hey, Aunt Tii",lodestone;wiki,notModeled,prereqs,20,0
70507,A Job Quickly Done,lodestone;wiki,notModeled,prereqs,20,0
70508,Teamwork Makes the Craftwork,lodestone;wiki,notModeled,prereqs,20,0
70509,A New Kind of Metalware,lodestone;wiki,notModeled,prereqs,20,0
70510,A Dream Come True,lodestone;wiki,notModeled,prereqs,20,0
70511,"Pameka, the Scrivener",lodestone;wiki,notModeled,prereqs,20,0
70512,Hanu Opportunities,lodestone;wiki,notModeled,prereqs,20,0
70513,This Little Pelu,lodestone;wiki,notModeled,prereqs,20,0
70514,Oldton Roads,lodestone;wiki,notModeled,prereqs,20,0
70515,Written in Stone,lodestone;wiki,notModeled,prereqs,20,0
70516,Reaching for the Sky,lodestone;wiki,notModeled,prereqs,20,0
70517,A Place in the Sun,lodestone;wiki,notModeled,prereqs,20,0
70518,Blame It on My Juice,lodestone;wiki,notModeled,prereqs,20,0
70519,Mon Cherimoya,lodestone;wiki,notModeled,prereqs,20,0
70520,A Drink for Everymobbie,lodestone;wiki,notModeled,prereqs,20,0
70521,Halnaruk the Helphand,lodestone;wiki,notModeled,prereqs,20,0
70522,The Missing Drink,lodestone;wiki,notModeled,prereqs,20,0
70523,Good Hydrations,lodestone;wiki,notModeled,prereqs,20,0
70524,Three Cheers for Sweet Juice,lodestone;wiki,notModeled,prereqs,20,0
70525,Hands for Hire,lodestone;wiki,notModeled,prereqs,20,0
70526,Test of Talents,lodestone;wiki,notModeled,prereqs,20,0
70527,A Discerning Eye,lodestone;wiki,notModeled,prereqs,20,0
70528,As Nature Intends,lodestone;wiki,notModeled,prereqs,20,0
70529,The Cycle of Life,lodestone;wiki,notModeled,prereqs,20,0
70530,Digging Up the Truth,lodestone;wiki,notModeled,prereqs,20,0
70531,Wellspring of Tears,lodestone;wiki,notModeled,prereqs,20,0
70532,Fishmonger Blues,lodestone;wiki,notModeled,prereqs,20,0
70533,When Wishes Are Fishes,lodestone;wiki,notModeled,prereqs,20,0
70534,Scaling Up Demand,lodestone;wiki,notModeled,prereqs,20,0
70535,"Big Body, Big Beauty",lodestone;wiki,notModeled,prereqs,20,0
70536,Donuhanu's Devotion,lodestone;wiki,notModeled,prereqs,20,0
70537,Catching Breath,lodestone;wiki,notModeled,prereqs,20,0
70538,An Odd Fish Odyssey,lodestone;wiki,notModeled,prereqs,20,0
70539,Leves of Tuliyollal,lodestone;wiki,sourceWrong,prereqs,9,0
70540,How the West Was Sung,garland;lodestone;wiki,notModeled,displayLevel,11,0
70541,Trial by Spire,lodestone;wiki,notModeled,prereqs,20,0
70542,Sights of the West,lodestone;wiki,notModeled,listed,9,0
70543,Sights of the West and Beyond,lodestone;wiki,notModeled,listed,9,0
70544,Dawn of a New Deal,lodestone;wiki,notModeled,listed,9,0
70545,"A New Dawn, a New Hunt",lodestone;wiki,notModeled,prereqs,20,0
70546,Why We Hunt,lodestone;wiki,notModeled,prereqs,20,0
70547,Hunting the Hunter,lodestone;wiki,notModeled,prereqs,20,0
70548,The Hunt Goes On,lodestone;wiki,notModeled,prereqs,20,0
70549,It Belongs in a Museum,garland;lodestone;wiki,notModeled,prereqs,22,0
70550,Something Stray in the Neighborhood,garland;lodestone;wiki,notModeled,prereqs,22,0
70551,Rising to the Call,lodestone;wiki,notModeled,expansion,20,0
70552,We Who Are About to Set Sail Salute You,lodestone;wiki,notModeled,expansion,20,0
70553, The Many Multitudes of Mamool Ja,lodestone;wiki,notModeled,prereqs,20,0
70554, How Far He'll Go,lodestone;wiki,notModeled,prereqs,20,0
70555, Culinary Import,lodestone;wiki,notModeled,prereqs,20,0
70556, Corn of Necessity,lodestone;wiki,notModeled,prereqs,20,0
70557, Painter on the Hill,lodestone;wiki,notModeled,prereqs,20,0
70558, For Whom the Drum Beats,lodestone;wiki,sourceWrong,name,20,0
70559," Special Orders, Special Deliveries",lodestone;wiki,sourceWrong,name,20,0
70560, Mulch Ado About Nothing,lodestone;wiki,notModeled,prereqs,20,0
70561, Ferocious Beasts on Foreign Shores,lodestone;wiki,notModeled,prereqs,20,0
70562," Once a Riddler, Now a Ruler",lodestone;wiki,notModeled,prereqs,20,0
70563, A Trying Breed,lodestone;wiki,notModeled,prereqs,20,0
70564, Of Crates and Correspondence,lodestone;wiki,notModeled,prereqs,20,0
70565, Guilding the Lily,lodestone;wiki,notModeled,prereqs,20,0
70566, An Unlikely Inspector,lodestone;wiki,notModeled,prereqs,20,0
70567, The Carmine Secret,lodestone;wiki,notModeled,prereqs,20,0
70568, Dirty Dancing,lodestone;wiki,notModeled,prereqs,20,0
70569, Gone Doll,lodestone;wiki,notModeled,prereqs,20,0
70570, A Blend for Every Taste,lodestone;wiki,notModeled,prereqs,20,0
70571, Mate is the Medicine,lodestone;wiki,notModeled,prereqs,20,0
70572, The Reeking Robber,lodestone;wiki,notModeled,prereqs,20,0
70573, A Sordid Situation,lodestone;wiki,notModeled,prereqs,20,0
70574, In Pursuit of Mezcal,lodestone;wiki,notModeled,prereqs,20,0
70575, A Traveler to the Rescue,lodestone;wiki,notModeled,prereqs,20,0
70576, Too Much of a Good Thing,lodestone;wiki,notModeled,prereqs,20,0
70577, Grandmother's Grave Gift,lodestone;wiki,notModeled,prereqs,20,0
70578, The Might Be Giant,lodestone;wiki,notModeled,prereqs,20,0
70579, Putting Out Fires,lodestone;wiki,notModeled,prereqs,20,0
70580, Paws off That Pigment,lodestone;wiki,notModeled,prereqs,20,0
70581, Big Wounds to Heal,lodestone;wiki,notModeled,prereqs,20,0
70582, A Tradition Best Preserved,lodestone;wiki,notModeled,prereqs,20,0
70583, An Illuminating Ritual,lodestone;wiki,notModeled,prereqs,20,0
70584, Soothing the Salty,lodestone;wiki,notModeled,prereqs,20,0
70585, The Biggest Sucker,lodestone;wiki,notModeled,prereqs,20,0
70586, Bearing Fruit,lodestone;wiki,notModeled,prereqs,20,0
70587, A Crisis of Corruption,lodestone;wiki,notModeled,prereqs,20,0
70588, To Catch a Merchant,lodestone;wiki,sourceWrong,name,20,0
70589, Finding Bait,lodestone;wiki,notModeled,prereqs,20,0
70590, Springing the Trap,lodestone;wiki,notModeled,prereqs,20,0
70591, The Flame Burns No More,lodestone;wiki,notModeled,prereqs,20,0
70592, Sparks of Joy,lodestone;wiki,notModeled,prereqs,20,0
70593, A Giant's Footsteps,lodestone;wiki,notModeled,prereqs,20,0
70594, Resolve Reignited,lodestone;wiki,notModeled,prereqs,20,0
70595, Brains and Brawn,lodestone;wiki,notModeled,prereqs,20,0
70596, A Strong Foundation,lodestone;wiki,notModeled,prereqs,20,0
70597, Molting Season,lodestone;wiki,notModeled,prereqs,20,0
70598, Danger at the Dock,lodestone;wiki,notModeled,prereqs,20,0
70599, Reeding the Room,lodestone;wiki,notModeled,prereqs,20,0
70600, Ripe for the Offering,lodestone;wiki,notModeled,prereqs,20,0
70601, Secrets of the Wind,lodestone;wiki,notModeled,prereqs,20,0
70602, Leap into the Unknown,lodestone;wiki,notModeled,prereqs,20,0
70603, Mesmerizing Moss,lodestone;wiki,notModeled,prereqs,20,0
70604, Dry Run,lodestone;wiki,notModeled,prereqs,20,0
70605, Dumpling Delivery,lodestone;wiki,notModeled,prereqs,20,0
70606, Stretched Thin,lodestone;wiki,notModeled,prereqs,20,0
70607, Broken Vessels,lodestone;wiki,notModeled,prereqs,20,0
70608, Pole Apart,lodestone;wiki,notModeled,prereqs,20,0
70609, Twinkle Twinkle Little Stones,lodestone;wiki,notModeled,prereqs,20,0
70610, Divine Inspiration,lodestone;wiki,notModeled,prereqs,20,0
70611, Water Colors,lodestone;wiki,notModeled,prereqs,20,0
70612, Take a Powder,lodestone;wiki,notModeled,prereqs,20,0
70613, Pact Away,lodestone;wiki,notModeled,prereqs,20,0
70614, Last Call for Earthenshire,lodestone;wiki,notModeled,prereqs,20,0
70615," Many Fires, Many Mouths",lodestone;wiki,notModeled,prereqs,20,0
70616, Lost Property,lodestone;wiki,notModeled,prereqs,20,0
70617, Rite of the Wind's Chosen,lodestone;wiki,notModeled,prereqs,20,0
70618, One Feather at a Time,lodestone;wiki,notModeled,prereqs,20,0
70619, The Wind's Blessing,lodestone;wiki,notModeled,prereqs,20,0
70620, Nahanshe's Answer,lodestone;wiki,notModeled,prereqs,20,0
70621, All Good Potpacts Must Come to an End,lodestone;wiki,notModeled,prereqs,20,0
70622, Movamuq's Treasure,lodestone;wiki,notModeled,prereqs,20,0
70623, Helping the Helphand,lodestone;wiki,notModeled,prereqs,20,0
70624, Give as Good as You Get,lodestone;wiki,notModeled,prereqs,20,0
70625, The Landsguard's New Clothes,lodestone;wiki,notModeled,prereqs,20,0
70626, Preying Mantises,lodestone;wiki,notModeled,prereqs,20,0
70627, Getting to the Bottom of Things,lodestone;wiki,notModeled,prereqs,20,0
70628, The Crimson Cenote,lodestone;wiki,notModeled,prereqs,20,0
70629, Watching the Watchtowers,lodestone;wiki,notModeled,prereqs,20,0
70630, Secrets in the Cinderfield,lodestone;wiki,notModeled,prereqs,20,0
70631, Hunters with Bite,lodestone;wiki,notModeled,prereqs,20,0
70632, Reminders of the Past,lodestone;wiki,notModeled,prereqs,20,0
70633, Sick Day,lodestone;wiki,notModeled,prereqs,20,0
70634, To Forge in the Forest,lodestone;wiki,notModeled,prereqs,20,0
70635, A Stomach for Change,lodestone;wiki,notModeled,prereqs,20,0
70636, Carved in Stone,lodestone;wiki,notModeled,prereqs,20,0
70637, Two Hearts Aflutter,lodestone;wiki,notModeled,prereqs,20,0
70638, Proper Respects,lodestone;wiki,notModeled,prereqs,20,0
70639, Beast of the Heartland,lodestone;wiki,notModeled,prereqs,20,0
70640, Spirit's Call,lodestone;wiki,notModeled,prereqs,20,0
70641, Seek the Sun,lodestone;wiki,notModeled,prereqs,20,0
70642, Secret of Sweetness,lodestone;wiki,notModeled,prereqs,20,0
70643, Growing Grove,lodestone;wiki,notModeled,prereqs,20,0
70644, Age Is Just a Number,lodestone;wiki,notModeled,prereqs,20,0
70645, I'm with Wivre,lodestone;wiki,notModeled,prereqs,20,0
70646, Aiming High,lodestone;wiki,notModeled,prereqs,20,0
70647, Hunting for the Family,lodestone;wiki,notModeled,prereqs,20,0
70648, A Hunter's Dream,lodestone;wiki,notModeled,prereqs,20,0
70649, The Trial Commences,lodestone;wiki,notModeled,prereqs,20,0
70650, Lost and Powerless,lodestone;wiki,notModeled,prereqs,20,0
70651, Remembering a Dream,lodestone;wiki,notModeled,prereqs,20,0
70652, Budding Promise,lodestone;wiki,notModeled,prereqs,20,0
70653, Skill of a Veteran,lodestone;wiki,notModeled,prereqs,20,0
70654, One Forest,lodestone;wiki,notModeled,prereqs,20,0
70655, A Private Delivery,lodestone;wiki,notModeled,prereqs,20,0
70656, A Sobering Proposition,lodestone;wiki,notModeled,prereqs,20,0
70657, Taste of the Wilds,lodestone;wiki,notModeled,prereqs,20,0
70658, Fruitful Endeavors,lodestone;wiki,notModeled,prereqs,20,0
70659, Gentle Giants,lodestone;wiki,notModeled,prereqs,20,0
70660, Waiting One's Turn,lodestone;wiki,notModeled,prereqs,20,0
70661, Bomb Disposal,lodestone;wiki,notModeled,prereqs,20,0
70662, A Refined Perspective,lodestone;wiki,notModeled,prereqs,20,0
70663, Surprising Source of Fiber,lodestone;wiki,notModeled,prereqs,20,0
70664, A Grave Matter,lodestone;wiki,notModeled,prereqs,20,0
70665, Working on a Full Stomach,lodestone;wiki,notModeled,prereqs,20,0
70666, Meeting of the Spirits,lodestone;wiki,notModeled,prereqs,20,0
70667, Watching Big Brother,lodestone;wiki,notModeled,prereqs,20,0
70668, Death by Popoto,lodestone;wiki,notModeled,prereqs,20,0
70669, A Tool Tale,lodestone;wiki,notModeled,prereqs,20,0
70670, Tastes Like Home,lodestone;wiki,notModeled,prereqs,20,0
70671, Snakes on a Train(line),lodestone;wiki,notModeled,prereqs,20,0
70672, It's a Terrible Ring to Lose,lodestone;wiki,notModeled,prereqs,20,0
70673, A Mount with a View,lodestone;wiki,notModeled,prereqs,20,0
70674, Rroneek Seeker,lodestone;wiki,notModeled,prereqs,20,0
70675, The Horns That Bind Us,lodestone;wiki,notModeled,prereqs,20,0
70676, When the Bill Comes Due,lodestone;wiki,notModeled,prereqs,20,0
70677, Broken Record,lodestone;wiki,notModeled,prereqs,20,0
70678, Back on Stage,lodestone;wiki,notModeled,prereqs,20,0
70679, A Family's Worth,lodestone;wiki,notModeled,prereqs,20,0
70680, A Bad Case of the Blue Devils,lodestone;wiki,notModeled,prereqs,20,0
70681, Down in the Mouth,lodestone;wiki,notModeled,prereqs,20,0
70682, Listen to Your Elders,lodestone;wiki,notModeled,prereqs,20,0
70683, Back in Blue,lodestone;wiki,notModeled,prereqs,20,0
70684, Dig for Victory,lodestone;wiki,notModeled,prereqs,20,0
70685, Gwok Away,lodestone;wiki,notModeled,prereqs,20,0
70686, Natural Selection,lodestone;wiki,notModeled,prereqs,20,0
70687, The Miracle of Electrope,lodestone;wiki,notModeled,prereqs,20,0
70688, Fear and Lightning in the Thunderyards,lodestone;wiki,notModeled,prereqs,20,0
70689, Stressed Testing,lodestone;wiki,notModeled,prereqs,20,0
70690, Refined Tastes,lodestone;wiki,notModeled,prereqs,20,0
70691, History Reforged,lodestone;wiki,notModeled,prereqs,20,0
70692, Phyt for Survival,lodestone;wiki,notModeled,prereqs,20,0
70693, A Well-oiled Machine,lodestone;wiki,notModeled,prereqs,20,0
70694, Storm's Traces,lodestone;wiki,notModeled,prereqs,20,0
70695, He Who Remembers,lodestone;wiki,notModeled,prereqs,20,0
70696, Aunty Knows Best,lodestone;wiki,notModeled,prereqs,20,0
70697, Yyupye's Dirt,lodestone;wiki,notModeled,prereqs,20,0
70698, What She Left Behind,lodestone;wiki,notModeled,prereqs,20,0
70699, All That She Carried,lodestone;wiki,notModeled,prereqs,20,0
70700, Credits Where Credits Are Due,lodestone;wiki,notModeled,prereqs,20,0
70701, True Vue Blues,lodestone;wiki,notModeled,prereqs,20,0
70702," Problem Child, Solution Nine",lodestone;wiki,notModeled,prereqs,20,0
70703, An Usher's Lament,lodestone;wiki,notModeled,prereqs,20,0
70704, Towering Troubles,lodestone;wiki,notModeled,prereqs,20,0
70705, A Fitting Send-off,lodestone;wiki,notModeled,prereqs,20,0
70706, Rousing Mister Robot,lodestone;wiki,notModeled,prereqs,20,0
70707, Of Lightning Rings and Romance,lodestone;wiki,notModeled,prereqs,20,0
70708," Warrior of Light, Wrangler of Cats",lodestone;wiki,notModeled,prereqs,20,0
70709, Tasteful Memories,lodestone;wiki,notModeled,prereqs,20,0
70710, Well-wishing at the Wishing Well,lodestone;wiki,notModeled,prereqs,20,0
70711, The Canals of History,lodestone;wiki,notModeled,prereqs,20,0
70712," Perplexing Puzzles, Endless Fun",lodestone;wiki,notModeled,prereqs,20,0
70713, Brotherly Bonds Know No Barrier,lodestone;wiki,notModeled,prereqs,20,0
70714, Volcanic Disruptions,lodestone;wiki,notModeled,prereqs,20,0
70715, Blueprint Protocol,lodestone;wiki,notModeled,prereqs,20,0
70716," Lindblum, We Hardly Knew Ye",lodestone;wiki,notModeled,prereqs,20,0
70717, Leaving This Place for Good,lodestone;wiki,notModeled,prereqs,20,0
70718,"Fire Red, Beast Green",lodestone;wiki,sourceWrong,rewards,20,0
70719,Festival Fan Frenzy,lodestone;wiki,notModeled,expansion,20,0
70720,The Aether-starved Ahriman,lodestone;wiki,notModeled,expansion,20,0
70721,All Fiends Sated on All Saints' Wake,lodestone;wiki,notModeled,expansion,20,0
70722,Heavensssturn Trivia,lodestone;wiki,notModeled,expansion,20,0
70723,Bottled Fantasy,lodestone;wiki,notModeled,expansion,20,0
70724,Picking Up the Torch,lodestone;wiki,notModeled,prereqs,20,0
70725,Imposing Views,lodestone;wiki,notModeled,prereqs,20,0
70726,Enforcing Freedom,lodestone;wiki,notModeled,prereqs,20,0
70727,Bar the Passage,lodestone;wiki,notModeled,prereqs,20,0
70728,The Case of the Displaced Inspector,lodestone;wiki,sourceWrong,name,20,0
70729, An Intrepid New Enterprise,lodestone;wiki,notModeled,prereqs,20,0
70730, A Tentative First Tour,lodestone;wiki,notModeled,prereqs,20,0
70731, Earthenshire Awaits,lodestone;wiki,notModeled,prereqs,20,0
70732, Recruitment Drive,lodestone;wiki,notModeled,prereqs,20,0
70733, A Guest from Across the Salt,lodestone;wiki,notListed,listed,13,0
70734, Partners in Pel,lodestone;wiki,notModeled,prereqs,20,0
70735, A Notion of Promotion,lodestone;wiki,sourceWrong,rewards,20,0
70736, A Sackful of Memories,lodestone;wiki,sourceWrong,rewards,20,0
70737," Ferocious Foliage, Fearful Tourists",lodestone;wiki,sourceWrong,rewards,20,0
70738, Community Outreach in Kozanuakiy,lodestone;wiki,sourceWrong,rewards,20,0
70739, Preventative Measures,lodestone;wiki,sourceWrong,rewards,20,0
70740, Burden of Beasts,lodestone;wiki,sourceWrong,rewards,20,0
70741, Growing as a Guide,lodestone;wiki,sourceWrong,rewards,20,0
70742, Bag Your Pardon,lodestone;wiki,sourceWrong,rewards,20,0
70743, Thrilled to Be Here,lodestone;wiki,sourceWrong,rewards,20,0
70744, Canvassing in Kozama'uka,lodestone;wiki,sourceWrong,rewards,20,0
70745, Reed between the Lines,lodestone;wiki,sourceWrong,rewards,20,0
70746, The Rudiments of Fiend Removal,lodestone;wiki,sourceWrong,rewards,20,0
70747, The Nectar Collector,lodestone;wiki,sourceWrong,rewards,20,0
70748, Starting from Scrap,lodestone;wiki,sourceWrong,rewards,20,0
70749, Advisor vs. Predator,lodestone;wiki,sourceWrong,rewards,20,0
70750, Let Mobbie Be Your Guide,lodestone;wiki,sourceWrong,rewards,20,0
70751, The Popularity of Punutiys,lodestone;wiki,sourceWrong,rewards,20,0
70752, Breath of Foul Air,lodestone;wiki,sourceWrong,rewards,20,0
70753, Big Bellies to Fill,lodestone;wiki,sourceWrong,rewards,20,0
70754, The Hand That Feeds,lodestone;wiki,sourceWrong,rewards,20,0
70755, Born to Run Away,lodestone;wiki,sourceWrong,rewards,20,0
70756, Bird Meat's Back on the Menu,lodestone;wiki,sourceWrong,rewards,20,0
70757, A Sympathetic Ear,lodestone;wiki,sourceWrong,rewards,20,0
70758, Worth the Weight,lodestone;wiki,sourceWrong,rewards,20,0
70759, In Time for Lunch,lodestone;wiki,sourceWrong,rewards,20,0
70760, His Swarm Enemy,lodestone;wiki,sourceWrong,rewards,20,0
70761, Seasoned Adventurer,lodestone;wiki,sourceWrong,rewards,20,0
70762, Animal Friendship,lodestone;wiki,sourceWrong,rewards,20,0
70763,Reach for the Stalls,lodestone;wiki,notModeled,expansion,20,0
70764,Spreading the Warmth and Cheer,lodestone;wiki,notModeled,expansion,20,0
70765,Seize the Neigh,lodestone;wiki,notListed,listed,9,0
70766,Majesty in Motion,lodestone;wiki,notListed,listed,9,0
70767,We Three Kinderpunsch,lodestone;wiki,notListed,listed,9,0
70769,An Otherworldly Encounter,garland;lodestone;wiki,notModeled,prereqs,22,0
70770,It All Began with a Stone,lodestone;wiki,sourceWrong,name,20,0
70771,That World Was Called Vana'diel,lodestone;wiki,sourceWrong,name,20,0
70772,Jeuno,lodestone;wiki,sourceWrong,name,20,0
70773,A Princely Persona,lodestone;wiki,notModeled,expansion,20,0
70774,A Princely Debut,lodestone;wiki,notModeled,expansion,20,0
70775,Laying New Tracks,lodestone;wiki,notModeled,prereqs,20,0
70776,The Weight of a Train,lodestone;wiki,sourceWrong,name,20,0
70777,His Heart Blazes On,lodestone;wiki,sourceWrong,name,20,0
70778,In Pursuit of Eggcellence,lodestone;wiki,notModeled,expansion,20,0
70779,Eggceeding Expectations,lodestone;wiki,notModeled,expansion,20,0
70780,A Royal Invitation,lodestone;wiki,notModeled,prereqs,20,0
70781,Alexandria Mourns,lodestone;wiki,notModeled,prereqs,20,0
70782,In Search of the Past,garland;lodestone;wiki,notModeled,prereqs,22,0
70783,Among the Abandoned,lodestone;wiki,sourceWrong,name,20,0
70784,Guidance of the Hhetso,lodestone;wiki,sourceWrong,name,20,0
70785,The Warmth of Family,lodestone;wiki,sourceWrong,name,20,0
70786,Crossroads,lodestone;wiki,notModeled,prereqs,20,0
70787,I Promise You a Rose Garden,lodestone;wiki,sourceWrong,rewards,20,0
70788,A Present from the Present,lodestone;wiki,notModeled,expansion,20,0
70789,A Cosmic Homecoming,lodestone;wiki,notModeled,expansion,20,0
70790,"Passion, Thy Name Is Ardorum",lodestone;wiki,notModeled,expansion,20,0
70791, Cultivating Hope,lodestone;wiki,notModeled,prereqs,20,0
70792, Doppro Tradition,lodestone;wiki,notModeled,prereqs,20,0
70793, A Hoobigo's Return,lodestone;wiki,notModeled,prereqs,20,0
70794, The Boon of Boonewa,lodestone;wiki,notModeled,prereqs,20,0
70795, A New Yak T'el,lodestone;wiki,notModeled,prereqs,20,0
70796, The Pride of Mamook,lodestone;wiki,notModeled,prereqs,20,0
70797, Root of the Problem,lodestone;wiki,notModeled,prereqs,20,0
70798, Taking Your Leavings,lodestone;wiki,notModeled,prereqs,20,0
70799, Cultivating Data,lodestone;wiki,notModeled,prereqs,20,0
70800, Toil for the Soil,lodestone;wiki,notModeled,prereqs,20,0
70801, Stem's the Breaks,lodestone;wiki,notModeled,prereqs,20,0
70802, All Tools' Maintenance,lodestone;wiki,notModeled,prereqs,20,0
70803, Healing the Fields,lodestone;wiki,notModeled,prereqs,20,0
70804, Bonding with Branchbearers,lodestone;wiki,notModeled,prereqs,20,0
70805, Bugs Begone,lodestone;wiki,notModeled,prereqs,20,0
70806, Pain Relief,lodestone;wiki,notModeled,prereqs,20,0
70807, Stimulating Growth,lodestone;wiki,notModeled,prereqs,20,0
70808, Fresh Cleaning Supplies,lodestone;wiki,notModeled,prereqs,20,0
70809, Shine a Light on the Problem,lodestone;wiki,notModeled,prereqs,20,0
70810, A Measure of Influence,lodestone;wiki,notModeled,prereqs,20,0
70811, Promoting Produce,lodestone;wiki,notModeled,prereqs,20,0
70812, Rough Around the Edges,lodestone;wiki,notModeled,prereqs,20,0
70813, Building a Better Smoke Bomb,lodestone;wiki,notModeled,prereqs,20,0
70814, Remedies at the Ready,lodestone;wiki,notModeled,prereqs,20,0
70815, A Welcoming Fragrance,lodestone;wiki,notModeled,prereqs,20,0
70816, Fruit of Friendship,lodestone;wiki,notModeled,prereqs,20,0
70817, Vital Vegetables,lodestone;wiki,notModeled,prereqs,20,0
70818, Creative Composting,lodestone;wiki,notModeled,prereqs,20,0
70819, Stores to Dry For,lodestone;wiki,notModeled,prereqs,20,0
70820, Keeping the Lights On,lodestone;wiki,notModeled,prereqs,20,0
70821, Gifts of the Gainery,lodestone;wiki,notModeled,prereqs,20,0
70822, A Seasoning for Soup,lodestone;wiki,notModeled,prereqs,20,0
70823, Store-to-door Delivery,lodestone;wiki,notModeled,prereqs,20,0
70824, Above-average Beverage,lodestone;wiki,notModeled,prereqs,20,0
70825,Souls under Siege,lodestone;wiki,sourceWrong,name,20,0
70826,The Dancing King,garland;lodestone;wiki,sourceWrong,name,22,0
70827,Art at War,garland;lodestone;wiki,sourceWrong,name,22,0
70828,Twisted Vengeance,garland;lodestone;wiki,sourceWrong,name,22,0
70829,Family Matters,lodestone;wiki,sourceWrong,name,20,0
70830,The Lone Wolf,garland;lodestone;wiki,sourceWrong,name,22,0
70831,Wizened Testimony,lodestone;wiki,notModeled,prereqs,20,0
70832,The Case of the Fiendish Fugitives,lodestone;wiki,notModeled,prereqs,20,0
70833,An Adventurous Ambition,lodestone;wiki,notListed,listed,9,0
70834,A Light That Ever Burns,lodestone;wiki,notListed,listed,9,0
70835,A Glimmer of the Past,lodestone;wiki,notModeled,prereqs,20,0
70836,Memories of a Bygone Age,lodestone;wiki,sourceWrong,name,20,0
70837,In Search of Meaning,lodestone;wiki,sourceWrong,name,20,0
70838,A Jewel Shattered,lodestone;wiki,sourceWrong,name,20,0
70839,The Meeting,lodestone;wiki,sourceWrong,name,20,0
70840,Descent to the Foundation,garland;lodestone;wiki,sourceWrong,name,22,0
70841,Shared Paths,lodestone;wiki,sourceWrong,name,20,0
70842,Seekers of Eternity,lodestone;wiki,sourceWrong,name,20,0
70843,When Death Comes to Dinner,lodestone;wiki,notModeled,prereqs,20,0
70845,One Last Hurrah,lodestone;wiki,notModeled,prereqs,20,0
70846,The Phantom Village,lodestone;wiki,notModeled,prereqs,20,0
70847,Unfamiliar Territory,lodestone;wiki,notModeled,prereqs,21,0
70848,"New Job, Old Tricks",lodestone;wiki,notModeled,prereqs,20,0
70849,The Ancient Arts of War,lodestone;wiki,notModeled,prereqs,20,0
70850,Creatures of the Crescent,lodestone;wiki,notModeled,prereqs,20,0
70851,A Ruined Land,lodestone;wiki,notModeled,prereqs,20,0
70852,A Common Thread,lodestone;wiki,notModeled,prereqs,20,0
70853,Past and Crescent,lodestone;wiki,notModeled,prereqs,20,0
70854,Mysteries Abide,lodestone;wiki,notModeled,prereqs,20,0
70855,Arcane Artistry,lodestone;wiki,notModeled,prereqs,20,0
70856, Forging the Phantasmal,lodestone;wiki,notModeled,prereqs,20,0
70857,Dressed to Protect,lodestone;wiki,notListed,listed,9,0
70858,Royal Rumblings,lodestone;wiki,sourceWrong,rewards,20,0
70859,A Manager's Patience,lodestone;wiki,notModeled,expansion,20,0
70860,A Manager's Persistence,lodestone;wiki,notModeled,expansion,20,0
70861,The Icing on the Cake,lodestone;wiki,sourceLagging,listed,10,0
70862,Dreams of Paradise,garland;lodestone;wiki,notModeled,prereqs,22,0
70863,Northward,lodestone;wiki,sourceWrong,name,20,0
70864,For Whom the Verse Is Sung,lodestone;wiki,sourceWrong,name,20,0
70865,Apocalypse Nigh,lodestone;wiki,sourceWrong,name,20,0
70866, Frosty Neighbors,lodestone;wiki,notModeled,prereqs,20,0
70867, Still as Stone,lodestone;wiki,notModeled,prereqs,20,0
70868, Buried Memories,lodestone;wiki,notModeled,prereqs,20,0
70869, The Pact,lodestone;wiki,notModeled,prereqs,20,0
70870, Forged in Corn,lodestone;wiki,notModeled,prereqs,20,0
70871, With High Spirits,lodestone;wiki,notModeled,prereqs,20,0
70872, Snow on the Mountain,lodestone;wiki,sourceWrong,rewards,20,0
70873, A Work of Cart,lodestone;wiki,sourceWrong,rewards,20,0
70874, Will Work for Supplies,lodestone;wiki,sourceWrong,rewards,20,0
70875, Getting a Glow On,lodestone;wiki,notModeled,prereqs,20,0
70876, Hold My Hand Warmers,lodestone;wiki,sourceWrong,rewards,20,0
70877, For a Goods Cause,lodestone;wiki,sourceWrong,rewards,20,0
70878, Happiness Is a Warm Poncho,lodestone;wiki,sourceWrong,rewards,20,0
70879, Worth Their Salt,lodestone;wiki,notModeled,prereqs,20,0
70880, Tradition for Trade,lodestone;wiki,sourceWrong,rewards,20,0
70881, A Few Tools Short of a Toolbox,lodestone;wiki,sourceWrong,rewards,20,0
70882, Romanced by the Stone,lodestone;wiki,notModeled,prereqs,20,0
70883, Every Last Pebble,lodestone;wiki,sourceWrong,rewards,20,0
70884, Trail Fix,lodestone;wiki,sourceWrong,rewards,20,0
70885, Working Stew Hard,lodestone;wiki,notModeled,prereqs,20,0
70886, Snack in Hand,lodestone;wiki,sourceWrong,rewards,20,0
70887, Seasoned Stories,lodestone;wiki,notModeled,prereqs,20,0
70888, Larder for the Long Term,lodestone;wiki,sourceWrong,rewards,20,0
70889, Table for Too Few,lodestone;wiki,sourceWrong,rewards,20,0
70890, I Want to Trade My Icicle,lodestone;wiki,notModeled,prereqs,20,0
70891, Larder Logistics,lodestone;wiki,sourceWrong,rewards,20,0
70892, The Weight of Generosity,lodestone;wiki,notModeled,prereqs,20,0
70893, A Growing Field,lodestone;wiki,sourceWrong,rewards,20,0
70894, The Crystals' Favor,lodestone;wiki,notModeled,prereqs,20,0
70895," Big Mountain, Little Climbers",lodestone;wiki,sourceWrong,rewards,20,0
70896, Scouring for Flowers,lodestone;wiki,notModeled,prereqs,20,0
70897, A Rock-solid Repair Job,lodestone;wiki,sourceWrong,rewards,20,0
70898, Mad about Brew,lodestone;wiki,sourceWrong,rewards,20,0
70899, A Feast of Indecision,lodestone;wiki,notModeled,prereqs,20,0
70900,Targeted Tragedy,lodestone;wiki,notModeled,prereqs,20,0
70901,The Endless Choice,lodestone;wiki,sourceWrong,name,20,0
70902,My Memories and Yours,lodestone;wiki,sourceWrong,name,20,0
70903,A Darkness in the Heart,lodestone;wiki,sourceWrong,name,20,0
70904,Preservation Their Purpose,lodestone;wiki,sourceWrong,name,20,0
70905,A Calculated Evolution,lodestone;wiki,sourceWrong,name,20,0
70906,One of Our Own,lodestone;wiki,sourceWrong,name,20,0
70907,A Terminal Invitation,garland;lodestone;wiki,sourceWrong,name,22,0
70908,Blades in Waiting,lodestone;wiki,sourceWrong,name,20,0
70909,The Promise of Tomorrow,lodestone;wiki,sourceWrong,name,20,0
70910,The White Wanderer,garland;lodestone;wiki,notModeled,prereqs,22,0
70911,Frights of Fancy,lodestone;wiki,sourceLagging,listed,9,0
70912,Dressed to Impresario,lodestone;wiki,sourceLagging,listed,9,0
70914,A Vandal in the Wild,lodestone;wiki,notModeled,prereqs,20,0
70915,On the Trail of Destruction,lodestone;wiki,notModeled,prereqs,20,0
70916,Keeping the Old Ways Alive,lodestone;wiki,notModeled,prereqs,20,0
70917,"Aether, Aether, Everywhere",lodestone;wiki,notModeled,prereqs,20,0
70918, Wrought by Hands Phantasmal,lodestone;wiki,notModeled,prereqs,20,0
70941,Pilgrimage of Light,lodestone;wiki,notModeled,prereqs,21,0
70942,Faerie Tale,lodestone;wiki,notModeled,prereqs,21,0
70943,A Branch and Their Sapling,lodestone;wiki,notModeled,prereqs,21,0
70944,The Pilgrim's Answer,lodestone;wiki,notModeled,listed,9,0
70945,"Go Forth, Brave Explorers",lodestone;wiki,notModeled,expansion,20,0
70946,The Brightest Star,lodestone;wiki,notModeled,expansion,20,0
70947,A Manager's Discernment,lodestone;wiki,notModeled,expansion,20,0
70948,Perspective Reflected,lodestone;wiki,notModeled,expansion,20,0
70949,Pilot Wanted,lodestone;wiki,notModeled,expansion,20,0
70950,A Manager's Delegation,lodestone;wiki,notModeled,expansion,20,0
70961,Of Weeds and Whimsy,lodestone;wiki,sourceLagging,listed,9,0
70962,With the Winds,lodestone;wiki,notModeled,prereqs,20,0
70963,Through the Thunder,lodestone;wiki,notModeled,prereqs,20,0
70964,Beyond the Mountains,lodestone;wiki,notModeled,prereqs,21,0
70965,Around the City,lodestone;wiki,notModeled,prereqs,20,0
70966,To Work,lodestone;wiki,notModeled,prereqs,20,0
70967,In Her Heart,lodestone;wiki,notModeled,prereqs,20,0
70968,Toward Trouble,lodestone;wiki,notModeled,prereqs,20,0
70969,Where We Call Home,lodestone;wiki,notModeled,prereqs,21,0
70970,Into the Mist,lodestone;wiki,notModeled,prereqs,20,0
70971,Feral Fandom,lodestone;wiki,notModeled,prereqs,20,0
70972,The Breathtaker,garland;lodestone;wiki,notModeled,prereqs,22,0
70973,Daring Devils,garland;lodestone;wiki,notModeled,prereqs,22,0
70974,Challenger and Champion,lodestone;wiki,notModeled,prereqs,20,0
70975,Iron Fist,garland;lodestone;wiki,notModeled,prereqs,22,0
70976,Glory Incarnate,garland;lodestone;wiki,notModeled,prereqs,22,0
70977,A Spellbinding Read,garland;lodestone;wiki,notModeled,prereqs,22,0
70978,Starting a New Chapter,lodestone;wiki,sourceWrong,duties,21,0
70979,You Otter Be There,lodestone;wiki,sourceLagging,listed,9,0
70980,What Can Eye Do for You,lodestone;wiki,sourceLagging,listed,9,0
70981,Backstage Chats,lodestone;wiki,sourceLagging,listed,9,0
70982,A Need for Speed,lodestone;wiki,notModeled,prereqs,20,0
70983,Meteorites and Meteor-wrongs,lodestone;wiki,notModeled,prereqs,20,0
70984,Mission of Gravity,lodestone;wiki,notModeled,expansion,20,0
70985,Memory's Orbit,lodestone;wiki,notModeled,expansion,20,0
70986,A Manager's Prudence,lodestone;wiki,notModeled,expansion,20,0
70987,Terror along the Tracks,lodestone;wiki,notModeled,expansion,20,0
70988,A Manager's Power,lodestone;wiki,notModeled,expansion,20,0
70989,An Interstellar Field Trip,lodestone;wiki,notModeled,expansion,20,0
70990,Timeworn Techniques,lodestone;wiki,notModeled,prereqs,20,0
70991,In Pursuit of Perfection,lodestone;wiki,notModeled,prereqs,20,0
70992, A Phantom Reborn,lodestone;wiki,notModeled,prereqs,20,0
70993,Earning Your Water Wings,lodestone;wiki,sourceLagging,listed,9,0
70994,Whoever Floats Your Raft,lodestone;wiki,sourceLagging,listed,9,0
70995,Abridged Too Far,lodestone;wiki,notModeled,duties,11,0
70996,Taco Time,lodestone;wiki,notModeled,prereqs,20,0
70997,A Dream Realized,lodestone;wiki,notModeled,prereqs,20,0
70998,Touring Tural,lodestone;wiki,notModeled,prereqs,20,0
70999,Hero's Day Off,lodestone;wiki,notModeled,prereqs,20,0
71000,Dashing through the Starlight,lodestone;wiki,sourceLagging,listed,9,0
71001,Sleigh Bells Ring,lodestone;wiki,sourceLagging,listed,9,0
71002,Keyward Bound,lodestone;wiki,sourceLagging,listed,10,0
71003,We Scare Bears,lodestone;wiki,sourceLagging,listed,9,0
71004,Grim and Grisly Games,lodestone;wiki,sourceLagging,listed,9,0
71005,The Wing Spirit Cometh,lodestone;wiki,notModeled,prereqs,20,0
71006,In Fate's Footsteps,lodestone;wiki,notModeled,prereqs,20,0
71007,Two Worlds Entwined,garland;lodestone;wiki,notModeled,prereqs,22,0
71008,A Grave Presentiment,garland;lodestone;wiki,notModeled,prereqs,22,0
71009,A Beacon from Beyond,lodestone;wiki,notModeled,prereqs,20,0
71010,Trail to the Heavens,lodestone;wiki,ambiguous,listed,13,0
71011,A Winter's Dream,lodestone;wiki,notModeled,prereqs,20,0
71012,A Rush of Cold Wind,lodestone;wiki,sourceLagging,listed,9,0
71013,The World Locked in Ice,lodestone;wiki,sourceLagging,listed,9,0
71014,Windborne,lodestone;wiki,sourceLagging,listed,9,0
71015,The Hollow Promise,garland;lodestone;wiki,notModeled,prereqs,22,0
71016,Distant Promises,lodestone;wiki,notModeled,prereqs,20,0
71017,Detecting a Lead,lodestone;wiki,notModeled,prereqs,20,0
71018,Clotted Crime,lodestone;wiki,notModeled,prereqs,20,0
71019,The Forests of Paradise,lodestone;wiki,notModeled,expansion,20,0
71020,The Songs of Distant Trees,lodestone;wiki,notModeled,expansion,20,0
71021,"His Gift, His Way",lodestone;wiki,notModeled,expansion,20,0
71022,A Manager's Foresight,lodestone;wiki,notModeled,expansion,20,0
71023,A Manager's Fulfillment,lodestone;wiki,notModeled,expansion,20,0
71024,Despite Our Rest Efforts,lodestone;wiki,notModeled,expansion,20,0
71025,Another Interstellar Field Trip,lodestone;wiki,notModeled,expansion,20,0
71026,Strangers in the Wood,lodestone;wiki,notModeled,prereqs,20,0
71027,The Wilds Call,lodestone;wiki,sourceLagging,listed,9,0
71028,Hearts Aligned,lodestone;wiki,sourceLagging,listed,9,0
71029,Master of the Lhu,lodestone;wiki,sourceLagging,listed,9,0
71030,Into the Crucible,lodestone;wiki,sourceLagging,listed,10,0
71031,Wit as Weaponry,lodestone;wiki,sourceLagging,listed,10,0
71032,Gobsmacked,lodestone;wiki,sourceLagging,listed,10,0
71033,Sin of Blood,lodestone;wiki,sourceLagging,listed,10,0
71034,A Beastmaster's Path,lodestone;wiki,sourceLagging,listed,10,0
71035,Bonds Unbroken,lodestone;wiki,sourceLagging,listed,10,0
71036,Free for All,lodestone;wiki,notModeled,listed,10,0
71037,Mastery Rematch,lodestone;wiki,notModeled,listed,11,0
71038,Under No Illusion,lodestone;wiki,notModeled,prereqs,20,0
71039,Phantoms to Fillet,lodestone;wiki,notModeled,prereqs,20,0
71040, A Phantom Unveiled,lodestone;wiki,notModeled,prereqs,20,0
71041, Final Phantasm,lodestone;wiki,notModeled,prereqs,20,0
71042,All Too Fleeting,lodestone;wiki,notModeled,prereqs,20,0
71045,Blazing Trails,lodestone;wiki,notModeled,listed,10,0
71046,The Symphony of Life,lodestone;wiki,sourceLagging,listed,9,0
71047,Occult Reunion,lodestone;wiki,notModeled,prereqs,21,0
71048,The North Horn Beckons,lodestone;wiki,notModeled,prereqs,20,0
71049,A Confluence Conundrum,lodestone;wiki,notModeled,prereqs,20,0
71050,Aetherial Oddities,lodestone;wiki,notModeled,prereqs,20,0
71051,A Familiar Issue,lodestone;wiki,notModeled,prereqs,20,0
71052,The Observant Servant,lodestone;wiki,notModeled,prereqs,20,0
71053,In the Shadow of the Tower,lodestone;wiki,notModeled,prereqs,21,0
71054,Wisdom's End,lodestone;wiki,notModeled,prereqs,20,0
71056,Prelude's Call,lodestone;wiki,sourceLagging,listed,9,0
